[17:47:49.069] <- S2C position pos={"teleportId":1,"x":6289.500000016139,"y":76,"z":-3434.4016920174317,"dx":0,"dy":0,"dz":0,"yaw":-0.0000061035266298858915,"pitch":0.0000010132789611816406,"flags":{"_value":0,"x":false,"y":false,"z":false,"yaw":false,"pitch":false,"dx":false,"dy":false,"dz":false,"yawDelta":false}} relatives=undefined teleportId=1
[17:47:49.073] <- S2C spawn_position
[17:47:49.290] <- S2C update_view_position
[17:47:49.291] <- S2C spawn_position
[17:47:49.613] <- S2C sync_entity_position id=55674814 change=undefined rel=undefined
[17:47:49.613] <- S2C sync_entity_position id=56095067 change=undefined rel=undefined
[17:47:49.640] <- S2C position pos={"teleportId":-1795720948,"x":6289.500000016139,"y":76,"z":-3434.4016920174317,"dx":0,"dy":0,"dz":0,"yaw":0,"pitch":0,"flags":{"_value":24,"x":false,"y":false,"z":false,"yaw":true,"pitch":true,"dx":false,"dy":false,"dz":false,"yawDelta":false}} relatives=undefined teleportId=-1795720948
[17:47:49.755] <- S2C rel_entity_move
[17:47:49.756] <- S2C sync_entity_position id=56095066 change=undefined rel=undefined
[17:47:49.756] <- S2C sync_entity_position id=55735412 change=undefined rel=undefined
[17:47:49.756] <- S2C sync_entity_position id=55773375 change=undefined rel=undefined
[17:47:49.757] <- S2C sync_entity_position id=55357119 change=undefined rel=undefined
[17:47:49.757] <- S2C sync_entity_position id=55961413 change=undefined rel=undefined
[17:47:49.757] <- S2C sync_entity_position id=55732543 change=undefined rel=undefined
[17:47:49.758] <- S2C sync_entity_position id=55853074 change=undefined rel=undefined
[17:47:49.758] <- S2C sync_entity_position id=56432224 change=undefined rel=undefined
[17:47:49.793] <- S2C rel_entity_move
[17:47:49.794] <- S2C sync_entity_position id=56359511 change=undefined rel=undefined
[17:47:49.794] <- S2C sync_entity_position id=56366009 change=undefined rel=undefined
[17:47:49.855] <- S2C rel_entity_move
[17:47:49.855] <- S2C rel_entity_move
[17:47:49.947] <- S2C rel_entity_move
[17:47:49.947] <- S2C rel_entity_move
[17:47:49.947] <- S2C rel_entity_move
[17:47:49.948] <- S2C rel_entity_move
[17:47:49.948] <- S2C entity_move_look
[17:47:49.962] <- S2C rel_entity_move
[17:47:49.963] <- S2C rel_entity_move
[17:47:49.963] <- S2C rel_entity_move
[17:47:50.015] <- S2C rel_entity_move
[17:47:50.015] <- S2C rel_entity_move
[17:47:50.015] <- S2C sync_entity_position id=56302764 change=undefined rel=undefined
[17:47:50.016] <- S2C sync_entity_position id=56352849 change=undefined rel=undefined
[17:47:50.016] <- S2C sync_entity_position id=53429797 change=undefined rel=undefined
[17:47:50.016] <- S2C sync_entity_position id=56352851 change=undefined rel=undefined
[17:47:50.017] <- S2C sync_entity_position id=56429183 change=undefined rel=undefined
[17:47:50.017] <- S2C sync_entity_position id=56363640 change=undefined rel=undefined
[17:47:50.017] <- S2C sync_entity_position id=56359512 change=undefined rel=undefined
[17:47:50.017] <- S2C sync_entity_position id=56359510 change=undefined rel=undefined
[17:47:50.018] <- S2C sync_entity_position id=56362396 change=undefined rel=undefined
[17:47:50.082] <- S2C sync_entity_position id=53429797 change=undefined rel=undefined
[17:47:50.083] <- S2C entity_move_look
[17:47:50.083] <- S2C rel_entity_move
[17:47:50.083] <- S2C rel_entity_move
[17:47:50.084] <- S2C entity_move_look
[17:47:50.084] <- S2C entity_move_look
[17:47:50.135] <- S2C entity_move_look
[17:47:50.135] <- S2C rel_entity_move
[17:47:50.136] <- S2C rel_entity_move
[17:47:50.136] <- S2C sync_entity_position id=53429797 change=undefined rel=undefined
[17:47:50.136] <- S2C entity_move_look
[17:47:50.137] <- S2C entity_move_look
[17:47:50.231] <- S2C entity_move_look
[17:47:50.231] <- S2C rel_entity_move
[17:47:50.232] <- S2C entity_move_look
[17:47:50.232] <- S2C rel_entity_move
[17:47:50.232] <- S2C rel_entity_move
[17:47:50.233] <- S2C rel_entity_move
[17:47:50.295] <- S2C sync_entity_position id=53429797 change=undefined rel=undefined
[17:47:50.296] <- S2C rel_entity_move
[17:47:50.296] <- S2C entity_move_look
[17:47:50.296] <- S2C rel_entity_move
[17:47:50.297] <- S2C rel_entity_move
[17:47:50.297] <- S2C entity_move_look
[17:47:50.368] <- S2C rel_entity_move
[17:47:50.368] <- S2C rel_entity_move
[17:47:50.369] <- S2C rel_entity_move
[17:47:50.369] <- S2C entity_move_look
[17:47:50.369] <- S2C entity_move_look
[17:47:50.448] <- S2C sync_entity_position id=53429797 change=undefined rel=undefined
[17:47:50.448] <- S2C rel_entity_move
[17:47:50.449] <- S2C rel_entity_move
[17:47:50.449] <- S2C rel_entity_move
[17:47:50.449] <- S2C rel_entity_move
[17:47:50.450] <- S2C rel_entity_move
[17:47:50.450] <- S2C rel_entity_move
[17:47:50.561] <- S2C entity_move_look
[17:47:50.561] <- S2C rel_entity_move
[17:47:50.562] <- S2C rel_entity_move
[17:47:50.562] <- S2C rel_entity_move
[17:47:50.562] <- S2C rel_entity_move
[17:47:50.573] <- S2C rel_entity_move
[17:47:50.573] <- S2C rel_entity_move
[17:47:50.573] <- S2C rel_entity_move
[17:47:50.574] <- S2C entity_move_look
[17:47:50.574] <- S2C entity_move_look
[17:47:50.575] <- S2C rel_entity_move
[17:47:50.609] <- S2C rel_entity_move
[17:47:50.610] <- S2C rel_entity_move
[17:47:50.610] <- S2C rel_entity_move
[17:47:50.610] <- S2C entity_move_look
[17:47:50.611] <- S2C rel_entity_move
[17:47:50.635] <- S2C sync_entity_position id=53429797 change=undefined rel=undefined
[17:47:50.635] <- S2C rel_entity_move
[17:47:50.636] <- S2C entity_move_look
[17:47:50.636] <- S2C rel_entity_move
[17:47:50.637] <- S2C rel_entity_move
[17:47:50.637] <- S2C rel_entity_move
[17:47:50.638] <- S2C position pos={"teleportId":-28672309,"x":6289.500000016139,"y":76,"z":-3434.4016920174317,"dx":0,"dy":0,"dz":0,"yaw":0,"pitch":0,"flags":{"_value":24,"x":false,"y":false,"z":false,"yaw":true,"pitch":true,"dx":false,"dy":false,"dz":false,"yawDelta":false}} relatives=undefined teleportId=-28672309
[17:47:50.726] <- S2C entity_move_look
[17:47:50.727] <- S2C rel_entity_move
[17:47:50.727] <- S2C rel_entity_move
[17:47:50.727] <- S2C entity_move_look
[17:47:50.728] <- S2C rel_entity_move
[17:47:50.782] <- S2C sync_entity_position id=53429797 change=undefined rel=undefined
[17:47:50.782] <- S2C rel_entity_move
[17:47:50.783] <- S2C rel_entity_move
[17:47:50.783] <- S2C rel_entity_move
[17:47:50.783] <- S2C rel_entity_move
[17:47:50.784] <- S2C entity_move_look
[17:47:50.837] <- S2C entity_move_look
[17:47:50.837] <- S2C rel_entity_move
[17:47:50.837] <- S2C rel_entity_move
[17:47:50.838] <- S2C rel_entity_move
[17:47:50.838] <- S2C rel_entity_move
[17:47:50.900] <- S2C entity_move_look
[17:47:50.901] <- S2C rel_entity_move
[17:47:50.901] <- S2C rel_entity_move
[17:47:50.901] <- S2C rel_entity_move
[17:47:50.902] <- S2C rel_entity_move
[17:47:50.959] <- S2C rel_entity_move
[17:47:50.960] <- S2C rel_entity_move
[17:47:50.960] <- S2C rel_entity_move
[17:47:50.960] <- S2C rel_entity_move
[17:47:50.961] <- S2C rel_entity_move
[17:47:51.013] <- S2C entity_move_look
[17:47:51.013] <- S2C rel_entity_move
[17:47:51.014] <- S2C entity_move_look
[17:47:51.014] <- S2C rel_entity_move
[17:47:51.014] <- S2C rel_entity_move
[17:47:51.014] <- S2C rel_entity_move
[17:47:51.066] <- S2C rel_entity_move
[17:47:51.066] <- S2C rel_entity_move
[17:47:51.066] <- S2C rel_entity_move
[17:47:51.066] <- S2C rel_entity_move
[17:47:51.067] <- S2C rel_entity_move
[17:47:51.121] <- S2C rel_entity_move
[17:47:51.121] <- S2C rel_entity_move
[17:47:51.122] <- S2C rel_entity_move
[17:47:51.122] <- S2C rel_entity_move
[17:47:51.122] <- S2C entity_move_look
[17:47:51.123] <- S2C rel_entity_move
[17:47:51.161] <- S2C entity_move_look
[17:47:51.162] <- S2C entity_move_look
[17:47:51.162] <- S2C rel_entity_move
[17:47:51.162] <- S2C rel_entity_move
[17:47:51.163] <- S2C rel_entity_move
[17:47:51.197] <- S2C entity_move_look
[17:47:51.197] <- S2C rel_entity_move
[17:47:51.198] <- S2C rel_entity_move
[17:47:51.198] <- S2C entity_move_look
[17:47:51.198] <- S2C entity_move_look
[17:47:51.199] <- S2C rel_entity_move
[17:47:51.266] <- S2C entity_move_look
[17:47:51.266] <- S2C rel_entity_move
[17:47:51.267] <- S2C rel_entity_move
[17:47:51.267] <- S2C entity_move_look
[17:47:51.268] <- S2C rel_entity_move
[17:47:51.308] <- S2C entity_move_look
[17:47:51.308] <- S2C entity_move_look
[17:47:51.308] <- S2C rel_entity_move
[17:47:51.309] <- S2C rel_entity_move
[17:47:51.309] <- S2C rel_entity_move
[17:47:51.356] <- S2C rel_entity_move
[17:47:51.356] <- S2C rel_entity_move
[17:47:51.357] <- S2C rel_entity_move
[17:47:51.357] <- S2C rel_entity_move
[17:47:51.357] <- S2C rel_entity_move
[17:47:51.430] <- S2C rel_entity_move
[17:47:51.430] <- S2C entity_move_look
[17:47:51.430] <- S2C rel_entity_move
[17:47:51.431] <- S2C rel_entity_move
[17:47:51.431] <- S2C rel_entity_move
[17:47:51.431] <- S2C rel_entity_move
[17:47:51.461] <- S2C entity_move_look
[17:47:51.461] <- S2C rel_entity_move
[17:47:51.461] <- S2C rel_entity_move
[17:47:51.461] <- S2C rel_entity_move
[17:47:51.462] <- S2C rel_entity_move
[17:47:51.509] <- S2C entity_move_look
[17:47:51.509] <- S2C rel_entity_move
[17:47:51.509] <- S2C rel_entity_move
[17:47:51.509] <- S2C rel_entity_move
[17:47:51.510] <- S2C rel_entity_move
[17:47:51.510] <- S2C entity_move_look
[17:47:51.559] <- S2C entity_move_look
[17:47:51.559] <- S2C rel_entity_move
[17:47:51.560] <- S2C entity_move_look
[17:47:51.560] <- S2C entity_move_look
[17:47:51.560] <- S2C entity_move_look
[17:47:51.560] <- S2C rel_entity_move
[17:47:51.606] <- S2C rel_entity_move
[17:47:51.606] <- S2C rel_entity_move
[17:47:51.606] <- S2C entity_move_look
[17:47:51.606] <- S2C rel_entity_move
[17:47:51.607] <- S2C rel_entity_move
[17:47:51.607] <- S2C rel_entity_move
[17:47:51.607] <- S2C sync_entity_position id=56438403 change=undefined rel=undefined
[17:47:51.650] <- S2C rel_entity_move
[17:47:51.650] <- S2C rel_entity_move
[17:47:51.650] <- S2C entity_move_look
[17:47:51.651] <- S2C rel_entity_move
[17:47:51.701] <- S2C rel_entity_move
[17:47:51.701] <- S2C entity_move_look
[17:47:51.701] <- S2C rel_entity_move
[17:47:51.702] <- S2C rel_entity_move
[17:47:51.702] <- S2C rel_entity_move
[17:47:51.702] <- S2C rel_entity_move
[17:47:51.702] <- S2C rel_entity_move
[17:47:51.768] <- S2C rel_entity_move
[17:47:51.769] <- S2C rel_entity_move
[17:47:51.769] <- S2C rel_entity_move
[17:47:51.770] <- S2C rel_entity_move
[17:47:51.770] <- S2C rel_entity_move
[17:47:51.770] <- S2C rel_entity_move
[17:47:51.771] <- S2C rel_entity_move
[17:47:51.771] <- S2C sync_entity_position id=56438603 change=undefined rel=undefined
[17:47:51.833] <- S2C entity_move_look
[17:47:51.834] <- S2C rel_entity_move
[17:47:51.834] <- S2C rel_entity_move
[17:47:51.834] <- S2C sync_entity_position id=56359512 change=undefined rel=undefined
[17:47:51.834] <- S2C rel_entity_move
[17:47:51.957] <- S2C entity_move_look
[17:47:51.958] <- S2C entity_move_look
[17:47:51.958] <- S2C rel_entity_move
[17:47:51.959] <- S2C rel_entity_move
[17:47:51.959] <- S2C rel_entity_move
[17:47:51.959] <- S2C entity_move_look
[17:47:51.960] <- S2C rel_entity_move
[17:47:51.960] <- S2C rel_entity_move
[17:47:51.960] <- S2C rel_entity_move
[17:47:52.011] <- S2C entity_move_look
[17:47:52.011] <- S2C entity_move_look
[17:47:52.011] <- S2C rel_entity_move
[17:47:52.012] <- S2C rel_entity_move
[17:47:52.012] <- S2C rel_entity_move
[17:47:52.012] <- S2C entity_move_look
[17:47:52.013] <- S2C rel_entity_move
[17:47:52.013] <- S2C rel_entity_move
[17:47:52.013] <- S2C sync_entity_position id=56438603 change=undefined rel=undefined
[17:47:52.058] <- S2C rel_entity_move
[17:47:52.058] <- S2C rel_entity_move
[17:47:52.058] <- S2C entity_move_look
[17:47:52.059] <- S2C entity_move_look
[17:47:52.059] <- S2C rel_entity_move
[17:47:52.059] <- S2C rel_entity_move
[17:47:52.108] <- S2C rel_entity_move
[17:47:52.108] <- S2C entity_move_look
[17:47:52.108] <- S2C rel_entity_move
[17:47:52.108] <- S2C rel_entity_move
[17:47:52.109] <- S2C rel_entity_move
[17:47:52.109] <- S2C rel_entity_move
[17:47:52.109] <- S2C rel_entity_move
[17:47:52.154] <- S2C rel_entity_move
[17:47:52.154] <- S2C rel_entity_move
[17:47:52.154] <- S2C rel_entity_move
[17:47:52.155] <- S2C rel_entity_move
[17:47:52.155] <- S2C rel_entity_move
[17:47:52.207] <- S2C entity_move_look
[17:47:52.207] <- S2C rel_entity_move
[17:47:52.208] <- S2C entity_move_look
[17:47:52.208] <- S2C rel_entity_move
[17:47:52.249] <- S2C rel_entity_move
[17:47:52.250] <- S2C entity_move_look
[17:47:52.250] <- S2C rel_entity_move
[17:47:52.251] <- S2C rel_entity_move
[17:47:52.251] <- S2C rel_entity_move
[17:47:52.251] <- S2C entity_move_look
[17:47:52.252] <- S2C rel_entity_move
[17:47:52.294] <- S2C entity_move_look
[17:47:52.294] <- S2C rel_entity_move
[17:47:52.294] <- S2C rel_entity_move
[17:47:52.295] <- S2C rel_entity_move
[17:47:52.295] <- S2C rel_entity_move
[17:47:52.345] <- S2C entity_move_look
[17:47:52.346] <- S2C entity_move_look
[17:47:52.346] <- S2C entity_move_look
[17:47:52.346] <- S2C rel_entity_move
[17:47:52.483] <- S2C rel_entity_move
[17:47:52.483] <- S2C rel_entity_move
[17:47:52.483] <- S2C entity_move_look
[17:47:52.484] <- S2C entity_move_look
[17:47:52.484] <- S2C rel_entity_move
[17:47:52.484] <- S2C entity_move_look
[17:47:52.485] <- S2C rel_entity_move
[17:47:52.501] <- S2C rel_entity_move
[17:47:52.501] <- S2C entity_move_look
[17:47:52.502] <- S2C rel_entity_move
[17:47:52.502] <- S2C rel_entity_move
[17:47:52.503] <- S2C rel_entity_move
[17:47:52.544] <- S2C entity_move_look
[17:47:52.544] <- S2C rel_entity_move
[17:47:52.545] <- S2C sync_entity_position id=56359512 change=undefined rel=undefined
[17:47:52.545] <- S2C rel_entity_move
[17:47:52.597] <- S2C rel_entity_move
[17:47:52.597] <- S2C rel_entity_move
[17:47:52.598] <- S2C rel_entity_move
[17:47:52.598] <- S2C rel_entity_move
[17:47:52.598] <- S2C rel_entity_move
[17:47:52.599] <- S2C rel_entity_move
[17:47:52.599] <- S2C entity_move_look
[17:47:52.665] <- S2C rel_entity_move
[17:47:52.666] <- S2C rel_entity_move
[17:47:52.666] <- S2C rel_entity_move
[17:47:52.666] <- S2C rel_entity_move
[17:47:52.667] <- S2C rel_entity_move
[17:47:52.769] <- S2C rel_entity_move
[17:47:52.770] <- S2C rel_entity_move
[17:47:52.770] <- S2C entity_move_look
[17:47:52.770] <- S2C rel_entity_move
[17:47:52.823] <- S2C rel_entity_move
[17:47:52.824] <- S2C entity_move_look
[17:47:52.824] <- S2C rel_entity_move
[17:47:52.824] <- S2C rel_entity_move
[17:47:52.824] <- S2C rel_entity_move
[17:47:52.825] <- S2C rel_entity_move
[17:47:52.825] <- S2C rel_entity_move
[17:47:52.891] <- S2C rel_entity_move
[17:47:52.892] <- S2C rel_entity_move
[17:47:52.892] <- S2C rel_entity_move
[17:47:52.892] <- S2C rel_entity_move
[17:47:52.893] <- S2C rel_entity_move
[17:47:52.942] <- S2C rel_entity_move
[17:47:52.943] <- S2C rel_entity_move
[17:47:52.943] <- S2C rel_entity_move
[17:47:52.943] <- S2C rel_entity_move
[17:47:52.943] <- S2C rel_entity_move
[17:47:52.943] <- S2C rel_entity_move
[17:47:53.071] <- S2C rel_entity_move
[17:47:53.071] <- S2C rel_entity_move
[17:47:53.072] <- S2C rel_entity_move
[17:47:53.072] <- S2C rel_entity_move
[17:47:53.072] <- S2C rel_entity_move
[17:47:53.073] <- S2C rel_entity_move
[17:47:53.073] <- S2C rel_entity_move
[17:47:53.147] <- S2C rel_entity_move
[17:47:53.148] <- S2C rel_entity_move
[17:47:53.148] <- S2C rel_entity_move
[17:47:53.148] <- S2C rel_entity_move
[17:47:53.149] <- S2C rel_entity_move
[17:47:53.150] <- S2C rel_entity_move
[17:47:53.211] <- S2C rel_entity_move
[17:47:53.211] <- S2C rel_entity_move
[17:47:53.212] <- S2C entity_move_look
[17:47:53.286] <- S2C rel_entity_move
[17:47:53.287] <- S2C entity_move_look
[17:47:53.287] <- S2C rel_entity_move
[17:47:53.287] <- S2C rel_entity_move
[17:47:53.288] <- S2C rel_entity_move
[17:47:53.288] <- S2C entity_move_look
[17:47:53.288] <- S2C rel_entity_move
[17:47:53.431] <- S2C rel_entity_move
[17:47:53.432] <- S2C entity_move_look
[17:47:53.432] <- S2C rel_entity_move
[17:47:53.433] <- S2C rel_entity_move
[17:47:53.433] <- S2C rel_entity_move
[17:47:53.433] <- S2C entity_move_look
[17:47:53.450] <- S2C entity_move_look
[17:47:53.450] <- S2C rel_entity_move
[17:47:53.450] <- S2C rel_entity_move
[17:47:53.512] <- S2C rel_entity_move
[17:47:53.512] <- S2C entity_move_look
[17:47:53.512] <- S2C rel_entity_move
[17:47:53.513] <- S2C rel_entity_move
[17:47:53.513] <- S2C rel_entity_move
[17:47:53.513] <- S2C rel_entity_move
[17:47:53.514] <- S2C rel_entity_move
[17:47:53.554] <- S2C rel_entity_move
[17:47:53.554] <- S2C rel_entity_move
[17:47:53.555] <- S2C rel_entity_move
[17:47:53.555] <- S2C entity_move_look
[17:47:53.555] <- S2C rel_entity_move
[17:47:53.555] <- S2C rel_entity_move
[17:47:53.601] <- S2C entity_move_look
[17:47:53.602] <- S2C rel_entity_move
[17:47:53.602] <- S2C rel_entity_move
[17:47:53.665] <- S2C rel_entity_move
[17:47:53.665] <- S2C entity_move_look
[17:47:53.665] <- S2C rel_entity_move
[17:47:53.666] <- S2C rel_entity_move
[17:47:53.666] <- S2C rel_entity_move
[17:47:53.667] <- S2C rel_entity_move
[17:47:53.667] <- S2C entity_move_look
[17:47:53.764] <- S2C rel_entity_move
[17:47:53.764] <- S2C entity_move_look
[17:47:53.765] <- S2C rel_entity_move
[17:47:53.765] <- S2C rel_entity_move
[17:47:53.765] <- S2C rel_entity_move
[17:47:53.766] <- S2C entity_move_look
[17:47:53.851] <- S2C entity_move_look
[17:47:53.851] <- S2C rel_entity_move
[17:47:53.851] <- S2C rel_entity_move
[17:47:53.916] <- S2C rel_entity_move
[17:47:53.917] <- S2C entity_move_look
[17:47:53.917] <- S2C rel_entity_move
[17:47:53.917] <- S2C rel_entity_move
[17:47:53.917] <- S2C rel_entity_move
[17:47:53.918] <- S2C rel_entity_move
[17:47:53.918] <- S2C rel_entity_move
[17:47:53.918] <- S2C rel_entity_move
[17:47:53.976] <- S2C rel_entity_move
[17:47:53.977] <- S2C rel_entity_move
[17:47:53.977] <- S2C rel_entity_move
[17:47:53.978] <- S2C rel_entity_move
[17:47:53.978] <- S2C entity_move_look
[17:47:53.978] <- S2C rel_entity_move
[17:47:54.032] <- S2C rel_entity_move
[17:47:54.033] <- S2C rel_entity_move
[17:47:54.033] <- S2C entity_move_look
[17:47:54.090] <- S2C rel_entity_move
[17:47:54.090] <- S2C entity_move_look
[17:47:54.090] <- S2C rel_entity_move
[17:47:54.090] <- S2C rel_entity_move
[17:47:54.091] <- S2C rel_entity_move
[17:47:54.091] <- S2C rel_entity_move
[17:47:54.091] <- S2C rel_entity_move
[17:47:54.150] <- S2C rel_entity_move
[17:47:54.150] <- S2C entity_move_look
[17:47:54.151] <- S2C rel_entity_move
[17:47:54.151] <- S2C rel_entity_move
[17:47:54.152] <- S2C rel_entity_move
[17:47:54.152] <- S2C rel_entity_move
[17:47:54.201] <- S2C rel_entity_move
[17:47:54.202] <- S2C rel_entity_move
[17:47:54.202] <- S2C rel_entity_move
[17:47:54.202] <- S2C entity_move_look
[17:47:54.255] <- S2C rel_entity_move
[17:47:54.256] <- S2C rel_entity_move
[17:47:54.256] <- S2C rel_entity_move
[17:47:54.256] <- S2C rel_entity_move
[17:47:54.256] <- S2C rel_entity_move
[17:47:54.257] <- S2C rel_entity_move
[17:47:54.257] <- S2C entity_move_look
[17:47:54.327] <- S2C rel_entity_move
[17:47:54.327] <- S2C rel_entity_move
[17:47:54.328] <- S2C rel_entity_move
[17:47:54.328] <- S2C rel_entity_move
[17:47:54.328] <- S2C rel_entity_move
[17:47:54.328] <- S2C rel_entity_move
[17:47:54.430] <- S2C rel_entity_move
[17:47:54.431] <- S2C rel_entity_move
[17:47:54.431] <- S2C rel_entity_move
[17:47:54.431] <- S2C entity_move_look
[17:47:54.470] <- S2C rel_entity_move
[17:47:54.471] <- S2C entity_move_look
[17:47:54.471] <- S2C rel_entity_move
[17:47:54.471] <- S2C rel_entity_move
[17:47:54.471] <- S2C rel_entity_move
[17:47:54.472] <- S2C rel_entity_move
[17:47:54.472] <- S2C rel_entity_move
[17:47:54.519] <- S2C rel_entity_move
[17:47:54.519] <- S2C entity_move_look
[17:47:54.519] <- S2C rel_entity_move
[17:47:54.519] <- S2C rel_entity_move
[17:47:54.519] <- S2C rel_entity_move
[17:47:54.520] <- S2C rel_entity_move
[17:47:54.569] <- S2C rel_entity_move
[17:47:54.569] <- S2C rel_entity_move
[17:47:54.569] <- S2C rel_entity_move
[17:47:54.570] <- S2C entity_move_look
[17:47:54.620] <- S2C rel_entity_move
[17:47:54.620] <- S2C rel_entity_move
[17:47:54.621] <- S2C rel_entity_move
[17:47:54.621] <- S2C rel_entity_move
[17:47:54.621] <- S2C rel_entity_move
[17:47:54.621] <- S2C rel_entity_move
[17:47:54.621] <- S2C rel_entity_move
[17:47:54.622] <- S2C entity_move_look
[17:47:54.675] <- S2C rel_entity_move
[17:47:54.675] <- S2C rel_entity_move
[17:47:54.675] <- S2C rel_entity_move
[17:47:54.676] <- S2C rel_entity_move
[17:47:54.676] <- S2C rel_entity_move
[17:47:54.676] <- S2C rel_entity_move
[17:47:54.738] <- S2C rel_entity_move
[17:47:54.739] <- S2C rel_entity_move
[17:47:54.739] <- S2C entity_move_look
[17:47:54.739] <- S2C rel_entity_move
[17:47:54.804] <- S2C rel_entity_move
[17:47:54.804] <- S2C rel_entity_move
[17:47:54.804] <- S2C rel_entity_move
[17:47:54.804] <- S2C rel_entity_move
[17:47:54.805] <- S2C rel_entity_move
[17:47:54.805] <- S2C rel_entity_move
[17:47:54.805] <- S2C entity_move_look
[17:47:54.806] <- S2C rel_entity_move
[17:47:54.853] <- S2C rel_entity_move
[17:47:54.853] <- S2C entity_move_look
[17:47:54.853] <- S2C rel_entity_move
[17:47:54.854] <- S2C rel_entity_move
[17:47:54.854] <- S2C rel_entity_move
[17:47:54.854] <- S2C rel_entity_move
[17:47:54.894] <- S2C rel_entity_move
[17:47:54.895] <- S2C rel_entity_move
[17:47:54.895] <- S2C entity_move_look
[17:47:54.895] <- S2C rel_entity_move
[17:47:54.895] <- S2C rel_entity_move
[17:47:54.952] <- S2C rel_entity_move
[17:47:54.952] <- S2C rel_entity_move
[17:47:54.952] <- S2C rel_entity_move
[17:47:54.953] <- S2C rel_entity_move
[17:47:54.953] <- S2C rel_entity_move
[17:47:54.953] <- S2C rel_entity_move
[17:47:54.954] <- S2C entity_move_look
[17:47:54.954] <- S2C entity_move_look
[17:47:55.001] <- S2C rel_entity_move
[17:47:55.001] <- S2C rel_entity_move
[17:47:55.001] <- S2C rel_entity_move
[17:47:55.002] <- S2C rel_entity_move
[17:47:55.002] <- S2C rel_entity_move
[17:47:55.002] <- S2C rel_entity_move
[17:47:55.095] <- S2C rel_entity_move
[17:47:55.096] <- S2C rel_entity_move
[17:47:55.096] <- S2C rel_entity_move
[17:47:55.096] <- S2C entity_move_look
[17:47:55.153] <- S2C rel_entity_move
[17:47:55.153] <- S2C entity_move_look
[17:47:55.153] <- S2C rel_entity_move
[17:47:55.154] <- S2C rel_entity_move
[17:47:55.154] <- S2C rel_entity_move
[17:47:55.154] <- S2C entity_move_look
[17:47:55.155] <- S2C rel_entity_move
[17:47:55.155] <- S2C entity_move_look
[17:47:55.155] <- S2C rel_entity_move
[17:47:55.155] <- S2C sync_entity_position id=56442533 change=undefined rel=undefined
[17:47:55.206] <- S2C rel_entity_move
[17:47:55.206] <- S2C rel_entity_move
[17:47:55.206] <- S2C rel_entity_move
[17:47:55.207] <- S2C rel_entity_move
[17:47:55.207] <- S2C rel_entity_move
[17:47:55.207] <- S2C rel_entity_move
[17:47:55.278] <- S2C rel_entity_move
[17:47:55.278] <- S2C rel_entity_move
[17:47:55.279] <- S2C rel_entity_move
[17:47:55.279] <- S2C entity_move_look
[17:47:55.279] <- S2C entity_move_look
[17:47:55.280] <- S2C rel_entity_move
[17:47:55.280] <- S2C entity_move_look
[17:47:55.332] <- S2C rel_entity_move
[17:47:55.333] <- S2C entity_move_look
[17:47:55.333] <- S2C rel_entity_move
[17:47:55.333] <- S2C rel_entity_move
[17:47:55.333] <- S2C rel_entity_move
[17:47:55.334] <- S2C rel_entity_move
[17:47:55.334] <- S2C rel_entity_move
[17:47:55.334] <- S2C entity_move_look
[17:47:55.465] <- S2C rel_entity_move
[17:47:55.466] <- S2C rel_entity_move
[17:47:55.466] <- S2C rel_entity_move
[17:47:55.466] <- S2C rel_entity_move
[17:47:55.467] <- S2C rel_entity_move
[17:47:55.467] <- S2C entity_move_look
[17:47:55.467] <- S2C entity_move_look
[17:47:55.482] <- S2C entity_move_look
[17:47:55.483] <- S2C rel_entity_move
[17:47:55.483] <- S2C rel_entity_move
[17:47:55.483] <- S2C rel_entity_move
[17:47:55.483] <- S2C entity_move_look
[17:47:55.524] <- S2C entity_move_look
[17:47:55.524] <- S2C rel_entity_move
[17:47:55.524] <- S2C rel_entity_move
[17:47:55.525] <- S2C rel_entity_move
[17:47:55.525] <- S2C entity_move_look
[17:47:55.525] <- S2C entity_move_look
[17:47:55.526] <- S2C sync_entity_position id=56359510 change=undefined rel=undefined
[17:47:55.526] <- S2C rel_entity_move
[17:47:55.527] <- S2C entity_move_look
[17:47:55.584] <- S2C rel_entity_move
[17:47:55.585] <- S2C rel_entity_move
[17:47:55.585] <- S2C rel_entity_move
[17:47:55.585] <- S2C entity_move_look
[17:47:55.586] <- S2C entity_move_look
[17:47:55.586] <- S2C rel_entity_move
[17:47:55.586] <- S2C rel_entity_move
[17:47:55.586] <- S2C rel_entity_move
[17:47:55.642] <- S2C rel_entity_move
[17:47:55.642] <- S2C rel_entity_move
[17:47:55.642] <- S2C entity_move_look
[17:47:55.642] <- S2C entity_move_look
[17:47:55.725] <- S2C entity_move_look
[17:47:55.725] <- S2C entity_move_look
[17:47:55.726] <- S2C rel_entity_move
[17:47:55.726] <- S2C rel_entity_move
[17:47:55.726] <- S2C rel_entity_move
[17:47:55.726] <- S2C entity_move_look
[17:47:55.726] <- S2C entity_move_look
[17:47:55.727] <- S2C entity_move_look
[17:47:55.783] <- S2C rel_entity_move
[17:47:55.784] <- S2C rel_entity_move
[17:47:55.784] <- S2C rel_entity_move
[17:47:55.784] <- S2C rel_entity_move
[17:47:55.785] <- S2C rel_entity_move
[17:47:55.785] <- S2C rel_entity_move
[17:47:55.785] <- S2C rel_entity_move
[17:47:55.894] <- S2C entity_move_look
[17:47:55.895] <- S2C rel_entity_move
[17:47:55.895] <- S2C rel_entity_move
[17:47:55.895] <- S2C entity_move_look
[17:47:55.946] <- S2C entity_move_look
[17:47:55.946] <- S2C rel_entity_move
[17:47:55.946] <- S2C rel_entity_move
[17:47:55.947] <- S2C rel_entity_move
[17:47:55.947] <- S2C rel_entity_move
[17:47:55.947] <- S2C entity_move_look
[17:47:55.948] <- S2C entity_move_look
[17:47:55.948] <- S2C entity_move_look
[17:47:55.949] <- S2C entity_move_look
[17:47:56.017] <- S2C rel_entity_move
[17:47:56.017] <- S2C rel_entity_move
[17:47:56.017] <- S2C rel_entity_move
[17:47:56.018] <- S2C rel_entity_move
[17:47:56.018] <- S2C rel_entity_move
[17:47:56.019] <- S2C rel_entity_move
[17:47:56.091] <- S2C rel_entity_move
[17:47:56.092] <- S2C rel_entity_move
[17:47:56.092] <- S2C entity_move_look
[17:47:56.092] <- S2C entity_move_look
[17:47:56.092] <- S2C entity_move_look
[17:47:56.134] <- S2C entity_move_look
[17:47:56.135] <- S2C entity_move_look
[17:47:56.135] <- S2C rel_entity_move
[17:47:56.135] <- S2C rel_entity_move
[17:47:56.135] <- S2C entity_move_look
[17:47:56.136] <- S2C rel_entity_move
[17:47:56.136] <- S2C entity_move_look
[17:47:56.136] <- S2C entity_move_look
[17:47:56.194] <- S2C entity_move_look
[17:47:56.195] <- S2C rel_entity_move
[17:47:56.195] <- S2C rel_entity_move
[17:47:56.195] <- S2C rel_entity_move
[17:47:56.196] <- S2C rel_entity_move
[17:47:56.196] <- S2C rel_entity_move
[17:47:56.196] <- S2C entity_move_look
[17:47:56.256] <- S2C entity_move_look
[17:47:56.257] <- S2C rel_entity_move
[17:47:56.257] <- S2C entity_move_look
[17:47:56.258] <- S2C entity_move_look
[17:47:56.422] <- S2C entity_move_look
[17:47:56.422] <- S2C entity_move_look
[17:47:56.423] <- S2C entity_move_look
[17:47:56.423] <- S2C rel_entity_move
[17:47:56.424] <- S2C rel_entity_move
[17:47:56.424] <- S2C entity_move_look
[17:47:56.424] <- S2C entity_move_look
[17:47:56.425] <- S2C rel_entity_move
[17:47:56.425] <- S2C rel_entity_move
[17:47:56.435] <- S2C entity_move_look
[17:47:56.436] <- S2C rel_entity_move
[17:47:56.436] <- S2C rel_entity_move
[17:47:56.436] <- S2C rel_entity_move
[17:47:56.436] <- S2C rel_entity_move
[17:47:56.437] <- S2C rel_entity_move
[17:47:56.448] <- S2C entity_move_look
[17:47:56.449] <- S2C rel_entity_move
[17:47:56.449] <- S2C entity_move_look
[17:47:56.449] <- S2C entity_move_look
[17:47:56.450] <- S2C sync_entity_position id=56359510 change=undefined rel=undefined
[17:47:56.500] <- S2C entity_move_look
[17:47:56.500] <- S2C entity_move_look
[17:47:56.500] <- S2C rel_entity_move
[17:47:56.501] <- S2C entity_move_look
[17:47:56.501] <- S2C entity_move_look
[17:47:56.501] <- S2C entity_move_look
[17:47:56.502] <- S2C entity_move_look
[17:47:56.502] <- S2C entity_move_look
[17:47:56.543] <- S2C entity_move_look
[17:47:56.544] <- S2C rel_entity_move
[17:47:56.544] <- S2C entity_move_look
[17:47:56.544] <- S2C rel_entity_move
[17:47:56.545] <- S2C rel_entity_move
[17:47:56.545] <- S2C rel_entity_move
[17:47:56.545] <- S2C rel_entity_move
[17:47:56.545] <- S2C rel_entity_move
[17:47:56.546] <- S2C rel_entity_move
[17:47:56.586] <- S2C entity_move_look
[17:47:56.587] <- S2C rel_entity_move
[17:47:56.587] <- S2C rel_entity_move
[17:47:56.587] <- S2C entity_move_look
[17:47:56.632] <- S2C entity_move_look
[17:47:56.632] <- S2C rel_entity_move
[17:47:56.632] <- S2C rel_entity_move
[17:47:56.633] <- S2C entity_move_look
[17:47:56.633] <- S2C entity_move_look
[17:47:56.633] <- S2C entity_move_look
[17:47:56.633] <- S2C rel_entity_move
[17:47:56.633] <- S2C rel_entity_move
[17:47:56.680] <- S2C rel_entity_move
[17:47:56.680] <- S2C rel_entity_move
[17:47:56.681] <- S2C rel_entity_move
[17:47:56.681] <- S2C rel_entity_move
[17:47:56.681] <- S2C rel_entity_move
[17:47:56.682] <- S2C entity_move_look
[17:47:56.721] <- S2C entity_move_look
[17:47:56.721] <- S2C rel_entity_move
[17:47:56.721] <- S2C rel_entity_move
[17:47:56.721] <- S2C rel_entity_move
[17:47:56.906] <- S2C entity_move_look
[17:47:56.907] <- S2C entity_move_look
[17:47:56.907] <- S2C rel_entity_move
[17:47:56.907] <- S2C entity_move_look
[17:47:56.907] <- S2C rel_entity_move
[17:47:56.907] <- S2C entity_move_look
[17:47:56.908] <- S2C rel_entity_move
[17:47:56.908] <- S2C rel_entity_move
[17:47:56.981] <- S2C entity_move_look
[17:47:56.981] <- S2C rel_entity_move
[17:47:56.981] <- S2C rel_entity_move
[17:47:56.981] <- S2C rel_entity_move
[17:47:56.982] <- S2C rel_entity_move
[17:47:56.982] <- S2C rel_entity_move
[17:47:56.982] <- S2C rel_entity_move
[17:47:56.982] <- S2C rel_entity_move
[17:47:57.032] <- S2C rel_entity_move
[17:47:57.033] <- S2C rel_entity_move
[17:47:57.033] <- S2C rel_entity_move
[17:47:57.087] <- S2C rel_entity_move
[17:47:57.087] <- S2C entity_move_look
[17:47:57.087] <- S2C rel_entity_move
[17:47:57.088] <- S2C rel_entity_move
[17:47:57.088] <- S2C entity_move_look
[17:47:57.088] <- S2C entity_move_look
[17:47:57.088] <- S2C rel_entity_move
[17:47:57.089] <- S2C rel_entity_move
[17:47:57.089] <- S2C entity_move_look
[17:47:57.144] <- S2C rel_entity_move
[17:47:57.145] <- S2C rel_entity_move
[17:47:57.145] <- S2C rel_entity_move
[17:47:57.145] <- S2C rel_entity_move
[17:47:57.145] <- S2C rel_entity_move
[17:47:57.146] <- S2C rel_entity_move
[17:47:57.187] <- S2C rel_entity_move
[17:47:57.188] <- S2C rel_entity_move
[17:47:57.188] <- S2C rel_entity_move
[17:47:57.232] <- S2C entity_move_look
[17:47:57.232] <- S2C rel_entity_move
[17:47:57.233] <- S2C rel_entity_move
[17:47:57.233] <- S2C rel_entity_move
[17:47:57.233] <- S2C rel_entity_move
[17:47:57.234] <- S2C rel_entity_move
[17:47:57.234] <- S2C rel_entity_move
[17:47:57.273] <- S2C rel_entity_move
[17:47:57.274] <- S2C rel_entity_move
[17:47:57.274] <- S2C rel_entity_move
[17:47:57.274] <- S2C rel_entity_move
[17:47:57.275] <- S2C rel_entity_move
[17:47:57.275] <- S2C rel_entity_move
[17:47:57.315] <- S2C rel_entity_move
[17:47:57.315] <- S2C rel_entity_move
[17:47:57.315] <- S2C rel_entity_move
[17:47:57.358] <- S2C entity_move_look
[17:47:57.359] <- S2C rel_entity_move
[17:47:57.359] <- S2C rel_entity_move
[17:47:57.359] <- S2C rel_entity_move
[17:47:57.359] <- S2C rel_entity_move
[17:47:57.360] <- S2C rel_entity_move
[17:47:57.360] <- S2C rel_entity_move
[17:47:57.458] <- S2C rel_entity_move
[17:47:57.458] <- S2C rel_entity_move
[17:47:57.459] <- S2C rel_entity_move
[17:47:57.459] <- S2C entity_move_look
[17:47:57.459] <- S2C rel_entity_move
[17:47:57.460] <- S2C rel_entity_move
[17:47:57.470] <- S2C rel_entity_move
[17:47:57.470] <- S2C rel_entity_move
[17:47:57.471] <- S2C entity_move_look
[17:47:57.537] <- S2C entity_move_look
[17:47:57.538] <- S2C rel_entity_move
[17:47:57.538] <- S2C rel_entity_move
[17:47:57.538] <- S2C entity_move_look
[17:47:57.539] <- S2C rel_entity_move
[17:47:57.539] <- S2C rel_entity_move
[17:47:57.539] <- S2C rel_entity_move
[17:47:57.580] <- S2C entity_move_look
[17:47:57.581] <- S2C rel_entity_move
[17:47:57.582] <- S2C entity_move_look
[17:47:57.582] <- S2C rel_entity_move
[17:47:57.583] <- S2C rel_entity_move
[17:47:57.583] <- S2C rel_entity_move
[17:47:57.583] <- S2C rel_entity_move
[17:47:57.625] <- S2C rel_entity_move
[17:47:57.625] <- S2C rel_entity_move
[17:47:57.625] <- S2C rel_entity_move
[17:47:57.726] <- S2C rel_entity_move
[17:47:57.727] <- S2C rel_entity_move
[17:47:57.727] <- S2C rel_entity_move
[17:47:57.727] <- S2C rel_entity_move
[17:47:57.727] <- S2C rel_entity_move
[17:47:57.727] <- S2C rel_entity_move
[17:47:57.728] <- S2C entity_move_look
[17:47:57.728] <- S2C rel_entity_move
[17:47:57.728] <- S2C sync_entity_position id=56446618 change=undefined rel=undefined
[17:47:57.786] <- S2C rel_entity_move
[17:47:57.786] <- S2C rel_entity_move
[17:47:57.786] <- S2C rel_entity_move
[17:47:57.787] <- S2C rel_entity_move
[17:47:57.787] <- S2C rel_entity_move
[17:47:57.787] <- S2C rel_entity_move
[17:47:57.787] <- S2C rel_entity_move
[17:47:57.846] <- S2C entity_move_look
[17:47:57.846] <- S2C rel_entity_move
[17:47:57.846] <- S2C entity_move_look
[17:47:57.847] <- S2C rel_entity_move
[17:47:57.893] <- S2C rel_entity_move
[17:47:57.894] <- S2C rel_entity_move
[17:47:57.894] <- S2C rel_entity_move
[17:47:57.894] <- S2C sync_entity_position id=56429183 change=undefined rel=undefined
[17:47:57.895] <- S2C rel_entity_move
[17:47:57.895] <- S2C rel_entity_move
[17:47:57.895] <- S2C rel_entity_move
[17:47:57.944] <- S2C rel_entity_move
[17:47:57.944] <- S2C rel_entity_move
[17:47:57.944] <- S2C rel_entity_move
[17:47:57.944] <- S2C rel_entity_move
[17:47:57.945] <- S2C rel_entity_move
[17:47:57.945] <- S2C rel_entity_move
[17:47:57.945] <- S2C rel_entity_move
[17:47:57.945] <- S2C rel_entity_move
[17:47:57.997] <- S2C rel_entity_move
[17:47:57.997] <- S2C rel_entity_move
[17:47:57.997] <- S2C rel_entity_move
[17:47:57.998] <- S2C rel_entity_move
[17:47:58.050] <- S2C rel_entity_move
[17:47:58.051] <- S2C entity_move_look
[17:47:58.051] <- S2C rel_entity_move
[17:47:58.052] <- S2C rel_entity_move
[17:47:58.052] <- S2C rel_entity_move
[17:47:58.052] <- S2C rel_entity_move
[17:47:58.053] <- S2C entity_move_look
[17:47:58.053] <- S2C rel_entity_move
[17:47:58.109] <- S2C rel_entity_move
[17:47:58.110] <- S2C entity_move_look
[17:47:58.110] <- S2C rel_entity_move
[17:47:58.111] <- S2C rel_entity_move
[17:47:58.111] <- S2C rel_entity_move
[17:47:58.111] <- S2C entity_move_look
[17:47:58.165] <- S2C rel_entity_move
[17:47:58.165] <- S2C rel_entity_move
[17:47:58.166] <- S2C rel_entity_move
[17:47:58.166] <- S2C entity_move_look
[17:47:58.226] <- S2C rel_entity_move
[17:47:58.227] <- S2C rel_entity_move
[17:47:58.227] <- S2C rel_entity_move
[17:47:58.228] <- S2C rel_entity_move
[17:47:58.228] <- S2C rel_entity_move
[17:47:58.228] <- S2C entity_move_look
[17:47:58.228] <- S2C rel_entity_move
[17:47:58.285] <- S2C rel_entity_move
[17:47:58.286] <- S2C rel_entity_move
[17:47:58.286] <- S2C rel_entity_move
[17:47:58.286] <- S2C rel_entity_move
[17:47:58.286] <- S2C rel_entity_move
[17:47:58.287] <- S2C rel_entity_move
[17:47:58.405] <- S2C rel_entity_move
[17:47:58.405] <- S2C rel_entity_move
[17:47:58.405] <- S2C entity_move_look
[17:47:58.406] <- S2C entity_move_look
[17:47:58.421] <- S2C rel_entity_move
[17:47:58.422] <- S2C entity_move_look
[17:47:58.422] <- S2C rel_entity_move
[17:47:58.422] <- S2C rel_entity_move
[17:47:58.423] <- S2C rel_entity_move
[17:47:58.423] <- S2C rel_entity_move
[17:47:58.423] <- S2C rel_entity_move
[17:47:58.423] <- S2C entity_move_look
[17:47:58.445] <- S2C rel_entity_move
[17:47:58.445] <- S2C rel_entity_move
[17:47:58.446] <- S2C rel_entity_move
[17:47:58.446] <- S2C entity_move_look
[17:47:58.446] <- S2C entity_move_look
[17:47:58.446] <- S2C entity_move_look
[17:47:58.509] <- S2C entity_move_look
[17:47:58.509] <- S2C rel_entity_move
[17:47:58.509] <- S2C rel_entity_move
[17:47:58.509] <- S2C rel_entity_move
[17:47:58.510] <- S2C rel_entity_move
[17:47:58.587] <- S2C rel_entity_move
[17:47:58.587] <- S2C entity_move_look
[17:47:58.587] <- S2C rel_entity_move
[17:47:58.588] <- S2C sync_entity_position id=56429183 change=undefined rel=undefined
[17:47:58.588] <- S2C rel_entity_move
[17:47:58.588] <- S2C rel_entity_move
[17:47:58.588] <- S2C rel_entity_move
[17:47:58.644] <- S2C rel_entity_move
[17:47:58.644] <- S2C entity_move_look
[17:47:58.644] <- S2C rel_entity_move
[17:47:58.644] <- S2C rel_entity_move
[17:47:58.645] <- S2C rel_entity_move
[17:47:58.645] <- S2C rel_entity_move
[17:47:58.711] <- S2C rel_entity_move
[17:47:58.711] <- S2C rel_entity_move
[17:47:58.711] <- S2C rel_entity_move
[17:47:58.712] <- S2C rel_entity_move
[17:47:58.801] <- S2C rel_entity_move
[17:47:58.801] <- S2C rel_entity_move
[17:47:58.801] <- S2C entity_move_look
[17:47:58.802] <- S2C rel_entity_move
[17:47:58.802] <- S2C rel_entity_move
[17:47:58.802] <- S2C rel_entity_move
[17:47:58.802] <- S2C rel_entity_move
[17:47:58.803] <- S2C rel_entity_move
[17:47:58.867] <- S2C rel_entity_move
[17:47:58.867] <- S2C rel_entity_move
[17:47:58.867] <- S2C rel_entity_move
[17:47:58.868] <- S2C rel_entity_move
[17:47:58.868] <- S2C entity_move_look
[17:47:58.868] <- S2C entity_move_look
[17:47:58.920] <- S2C rel_entity_move
[17:47:58.920] <- S2C rel_entity_move
[17:47:58.920] <- S2C entity_move_look
[17:47:58.920] <- S2C rel_entity_move
[17:47:58.975] <- S2C rel_entity_move
[17:47:58.975] <- S2C entity_move_look
[17:47:58.976] <- S2C rel_entity_move
[17:47:58.976] <- S2C rel_entity_move
[17:47:58.976] <- S2C rel_entity_move
[17:47:58.976] <- S2C rel_entity_move
[17:47:58.977] <- S2C rel_entity_move
[17:47:59.022] <- S2C rel_entity_move
[17:47:59.022] <- S2C entity_move_look
[17:47:59.023] <- S2C rel_entity_move
[17:47:59.023] <- S2C rel_entity_move
[17:47:59.023] <- S2C rel_entity_move
[17:47:59.024] <- S2C rel_entity_move
[17:47:59.070] <- S2C entity_move_look
[17:47:59.071] <- S2C rel_entity_move
[17:47:59.071] <- S2C rel_entity_move
[17:47:59.071] <- S2C rel_entity_move
[17:47:59.072] <- S2C rel_entity_move
[17:47:59.072] <- S2C rel_entity_move
[17:47:59.122] <- S2C entity_move_look
[17:47:59.122] <- S2C rel_entity_move
[17:47:59.122] <- S2C rel_entity_move
[17:47:59.122] <- S2C rel_entity_move
[17:47:59.123] <- S2C rel_entity_move
[17:47:59.123] <- S2C rel_entity_move
[17:47:59.123] <- S2C rel_entity_move
[17:47:59.123] <- S2C rel_entity_move
[17:47:59.178] <- S2C rel_entity_move
[17:47:59.178] <- S2C entity_move_look
[17:47:59.179] <- S2C rel_entity_move
[17:47:59.179] <- S2C rel_entity_move
[17:47:59.179] <- S2C rel_entity_move
[17:47:59.180] <- S2C rel_entity_move
[17:47:59.180] <- S2C sync_entity_position id=56448220 change=undefined rel=undefined
[17:47:59.260] <- S2C rel_entity_move
[17:47:59.260] <- S2C rel_entity_move
[17:47:59.260] <- S2C entity_move_look
[17:47:59.261] <- S2C rel_entity_move
[17:47:59.261] <- S2C entity_move_look
[17:47:59.345] <- S2C rel_entity_move
[17:47:59.345] <- S2C entity_move_look
[17:47:59.345] <- S2C rel_entity_move
[17:47:59.345] <- S2C rel_entity_move
[17:47:59.346] <- S2C rel_entity_move
[17:47:59.346] <- S2C entity_move_look
[17:47:59.346] <- S2C rel_entity_move
[17:47:59.433] <- S2C rel_entity_move
[17:47:59.433] <- S2C rel_entity_move
[17:47:59.433] <- S2C rel_entity_move
[17:47:59.434] <- S2C rel_entity_move
[17:47:59.434] <- S2C rel_entity_move
[17:47:59.434] <- S2C rel_entity_move
[17:47:59.434] <- S2C rel_entity_move
[17:47:59.435] <- S2C sync_entity_position id=56448220 change=undefined rel=undefined
[17:47:59.500] <- S2C entity_move_look
[17:47:59.500] <- S2C rel_entity_move
[17:47:59.501] <- S2C rel_entity_move
[17:47:59.501] <- S2C rel_entity_move
[17:47:59.557] <- S2C entity_move_look
[17:47:59.557] <- S2C rel_entity_move
[17:47:59.557] <- S2C entity_move_look
[17:47:59.557] <- S2C rel_entity_move
[17:47:59.558] <- S2C rel_entity_move
[17:47:59.558] <- S2C rel_entity_move
[17:47:59.558] <- S2C rel_entity_move
[17:47:59.610] <- S2C rel_entity_move
[17:47:59.610] <- S2C rel_entity_move
[17:47:59.611] <- S2C entity_move_look
[17:47:59.611] <- S2C rel_entity_move
[17:47:59.611] <- S2C rel_entity_move
[17:47:59.612] <- S2C entity_move_look
[17:47:59.612] <- S2C rel_entity_move
[17:47:59.612] <- S2C sync_entity_position id=56448871 change=undefined rel=undefined
[17:47:59.658] <- S2C entity_move_look
[17:47:59.659] <- S2C rel_entity_move
[17:47:59.659] <- S2C rel_entity_move
[17:47:59.659] <- S2C rel_entity_move
[17:47:59.659] <- S2C rel_entity_move
[17:47:59.660] <- S2C rel_entity_move
[17:47:59.706] <- S2C rel_entity_move
[17:47:59.707] <- S2C rel_entity_move
[17:47:59.707] <- S2C rel_entity_move
[17:47:59.707] <- S2C rel_entity_move
[17:47:59.708] <- S2C rel_entity_move
[17:47:59.708] <- S2C rel_entity_move
[17:47:59.708] <- S2C rel_entity_move
[17:47:59.752] <- S2C rel_entity_move
[17:47:59.752] <- S2C entity_move_look
[17:47:59.752] <- S2C rel_entity_move
[17:47:59.752] <- S2C rel_entity_move
[17:47:59.753] <- S2C rel_entity_move
[17:47:59.753] <- S2C rel_entity_move
[17:47:59.818] <- S2C entity_move_look
[17:47:59.819] <- S2C rel_entity_move
[17:47:59.819] <- S2C rel_entity_move
[17:47:59.819] <- S2C rel_entity_move
[17:47:59.819] <- S2C rel_entity_move
[17:47:59.820] <- S2C rel_entity_move
[17:47:59.914] <- S2C rel_entity_move
[17:47:59.914] <- S2C rel_entity_move
[17:47:59.915] <- S2C rel_entity_move
[17:47:59.915] <- S2C entity_move_look
[17:47:59.915] <- S2C entity_move_look
[17:47:59.915] <- S2C entity_move_look
[17:47:59.916] <- S2C rel_entity_move
[17:47:59.916] <- S2C entity_move_look
[17:47:59.985] <- S2C rel_entity_move
[17:47:59.985] <- S2C entity_move_look
[17:47:59.985] <- S2C rel_entity_move
[17:47:59.986] <- S2C rel_entity_move
[17:47:59.986] <- S2C rel_entity_move
[17:47:59.986] <- S2C rel_entity_move
[17:47:59.986] <- S2C rel_entity_move
[17:48:00.052] <- S2C sync_entity_position id=56359511 change=undefined rel=undefined
[17:48:00.052] <- S2C rel_entity_move
[17:48:00.053] <- S2C rel_entity_move
[17:48:00.053] <- S2C entity_move_look
[17:48:00.112] <- S2C entity_move_look
[17:48:00.112] <- S2C rel_entity_move
[17:48:00.113] <- S2C rel_entity_move
[17:48:00.113] <- S2C rel_entity_move
[17:48:00.114] <- S2C entity_move_look
[17:48:00.114] <- S2C rel_entity_move
[17:48:00.114] <- S2C rel_entity_move
[17:48:00.115] <- S2C rel_entity_move
[17:48:00.171] <- S2C rel_entity_move
[17:48:00.171] <- S2C rel_entity_move
[17:48:00.172] <- S2C rel_entity_move
[17:48:00.172] <- S2C entity_move_look
[17:48:00.173] <- S2C rel_entity_move
[17:48:00.173] <- S2C rel_entity_move
[17:48:00.174] <- S2C entity_move_look
[17:48:00.174] <- S2C entity_move_look
[17:48:00.174] <- S2C rel_entity_move
[17:48:00.232] <- S2C rel_entity_move
[17:48:00.232] <- S2C rel_entity_move
[17:48:00.233] <- S2C rel_entity_move
[17:48:00.233] <- S2C rel_entity_move
[17:48:00.296] <- S2C entity_move_look
[17:48:00.297] <- S2C rel_entity_move
[17:48:00.297] <- S2C entity_move_look
[17:48:00.297] <- S2C rel_entity_move
[17:48:00.298] <- S2C entity_move_look
[17:48:00.298] <- S2C entity_move_look
[17:48:00.298] <- S2C rel_entity_move
[17:48:00.299] <- S2C rel_entity_move
[17:48:00.299] <- S2C rel_entity_move
[17:48:00.356] <- S2C rel_entity_move
[17:48:00.357] <- S2C entity_move_look
[17:48:00.357] <- S2C rel_entity_move
[17:48:00.357] <- S2C entity_move_look
[17:48:00.358] <- S2C rel_entity_move
[17:48:00.358] <- S2C entity_move_look
[17:48:00.500] <- S2C rel_entity_move
[17:48:00.501] <- S2C rel_entity_move
[17:48:00.501] <- S2C entity_move_look
[17:48:00.502] <- S2C entity_move_look
[17:48:00.502] <- S2C rel_entity_move
[17:48:00.571] <- S2C entity_move_look
[17:48:00.571] <- S2C entity_move_look
[17:48:00.572] <- S2C rel_entity_move
[17:48:00.572] <- S2C entity_move_look
[17:48:00.572] <- S2C rel_entity_move
[17:48:00.572] <- S2C rel_entity_move
[17:48:00.573] <- S2C rel_entity_move
[17:48:00.653] <- S2C entity_move_look
[17:48:00.654] <- S2C rel_entity_move
[17:48:00.654] <- S2C entity_move_look
[17:48:00.654] <- S2C rel_entity_move
[17:48:00.655] <- S2C rel_entity_move
[17:48:00.655] <- S2C entity_move_look
[17:48:00.655] <- S2C rel_entity_move
[17:48:00.712] <- S2C rel_entity_move
[17:48:00.712] <- S2C rel_entity_move
[17:48:00.712] <- S2C entity_move_look
[17:48:00.713] <- S2C rel_entity_move
[17:48:00.713] <- S2C rel_entity_move
[17:48:00.765] <- S2C entity_move_look
[17:48:00.766] <- S2C entity_move_look
[17:48:00.766] <- S2C rel_entity_move
[17:48:00.766] <- S2C entity_move_look
[17:48:00.766] <- S2C entity_move_look
[17:48:00.766] <- S2C rel_entity_move
[17:48:00.767] <- S2C rel_entity_move
[17:48:00.767] <- S2C rel_entity_move
[17:48:00.832] <- S2C rel_entity_move
[17:48:00.833] <- S2C entity_move_look
[17:48:00.833] <- S2C rel_entity_move
[17:48:00.833] <- S2C entity_move_look
[17:48:00.834] <- S2C rel_entity_move
[17:48:00.834] <- S2C entity_move_look
[17:48:00.834] <- S2C entity_move_look
[17:48:00.882] <- S2C sync_entity_position id=56359511 change=undefined rel=undefined
[17:48:00.883] <- S2C rel_entity_move
[17:48:00.883] <- S2C rel_entity_move
[17:48:00.883] <- S2C rel_entity_move
[17:48:00.933] <- S2C rel_entity_move
[17:48:00.934] <- S2C rel_entity_move
[17:48:00.934] <- S2C rel_entity_move
[17:48:00.934] <- S2C rel_entity_move
[17:48:00.934] <- S2C rel_entity_move
[17:48:00.935] <- S2C entity_move_look
[17:48:00.935] <- S2C rel_entity_move
[17:48:00.972] <- S2C rel_entity_move
[17:48:00.972] <- S2C entity_move_look
[17:48:00.973] <- S2C rel_entity_move
[17:48:00.973] <- S2C rel_entity_move
[17:48:00.973] <- S2C entity_move_look
[17:48:00.973] <- S2C entity_move_look
[17:48:00.974] <- S2C rel_entity_move
[17:48:00.974] <- S2C rel_entity_move
[17:48:01.010] <- S2C rel_entity_move
[17:48:01.011] <- S2C rel_entity_move
[17:48:01.011] <- S2C rel_entity_move
[17:48:01.060] <- S2C rel_entity_move
[17:48:01.060] <- S2C entity_move_look
[17:48:01.060] <- S2C entity_move_look
[17:48:01.061] <- S2C entity_move_look
[17:48:01.062] <- S2C entity_move_look
[17:48:01.062] <- S2C rel_entity_move
[17:48:01.062] <- S2C rel_entity_move
[17:48:01.063] <- S2C entity_move_look
[17:48:01.111] <- S2C rel_entity_move
[17:48:01.111] <- S2C entity_move_look
[17:48:01.111] <- S2C rel_entity_move
[17:48:01.112] <- S2C rel_entity_move
[17:48:01.112] <- S2C rel_entity_move
[17:48:01.112] <- S2C entity_move_look
[17:48:01.113] <- S2C entity_move_look
[17:48:01.149] <- S2C rel_entity_move
[17:48:01.150] <- S2C entity_move_look
[17:48:01.150] <- S2C rel_entity_move
[17:48:01.214] <- S2C rel_entity_move
[17:48:01.214] <- S2C rel_entity_move
[17:48:01.215] <- S2C rel_entity_move
[17:48:01.215] <- S2C entity_move_look
[17:48:01.215] <- S2C rel_entity_move
[17:48:01.215] <- S2C rel_entity_move
[17:48:01.216] <- S2C entity_move_look
[17:48:01.216] <- S2C rel_entity_move
[17:48:01.260] <- S2C entity_move_look
[17:48:01.260] <- S2C rel_entity_move
[17:48:01.261] <- S2C rel_entity_move
[17:48:01.261] <- S2C rel_entity_move
[17:48:01.261] <- S2C entity_move_look
[17:48:01.261] <- S2C entity_move_look
[17:48:01.262] <- S2C rel_entity_move
[17:48:01.305] <- S2C rel_entity_move
[17:48:01.305] <- S2C rel_entity_move
[17:48:01.355] <- S2C rel_entity_move
[17:48:01.356] <- S2C entity_move_look
[17:48:01.356] <- S2C entity_move_look
[17:48:01.356] <- S2C entity_move_look
[17:48:01.357] <- S2C rel_entity_move
[17:48:01.357] <- S2C rel_entity_move
[17:48:01.357] <- S2C rel_entity_move
[17:48:01.357] <- S2C rel_entity_move
[17:48:01.371] <- S2C rel_entity_move
[17:48:01.371] <- S2C rel_entity_move
[17:48:01.372] <- S2C entity_move_look
[17:48:01.372] <- S2C rel_entity_move
[17:48:01.372] <- S2C rel_entity_move
[17:48:01.432] <- S2C entity_move_look
[17:48:01.433] <- S2C rel_entity_move
[17:48:01.453] <- S2C rel_entity_move
[17:48:01.454] <- S2C entity_move_look
[17:48:01.454] <- S2C rel_entity_move
[17:48:01.496] <- S2C rel_entity_move
[17:48:01.497] <- S2C rel_entity_move
[17:48:01.497] <- S2C rel_entity_move
[17:48:01.497] <- S2C rel_entity_move
[17:48:01.498] <- S2C rel_entity_move
[17:48:01.498] <- S2C rel_entity_move
[17:48:01.499] <- S2C rel_entity_move
[17:48:01.499] <- S2C entity_move_look
[17:48:01.499] <- S2C entity_move_look
[17:48:01.543] <- S2C rel_entity_move
[17:48:01.543] <- S2C entity_move_look
[17:48:01.543] <- S2C rel_entity_move
[17:48:01.544] <- S2C entity_move_look
[17:48:01.544] <- S2C rel_entity_move
[17:48:01.544] <- S2C entity_move_look
[17:48:01.545] <- S2C rel_entity_move
[17:48:01.545] <- S2C entity_move_look
[17:48:01.598] <- S2C rel_entity_move
[17:48:01.599] <- S2C rel_entity_move
[17:48:01.599] <- S2C sync_entity_position id=56451292 change=undefined rel=undefined
[17:48:01.669] <- S2C rel_entity_move
[17:48:01.669] <- S2C rel_entity_move
[17:48:01.670] <- S2C entity_move_look
[17:48:01.670] <- S2C entity_move_look
[17:48:01.670] <- S2C rel_entity_move
[17:48:01.671] <- S2C rel_entity_move
[17:48:01.671] <- S2C entity_move_look
[17:48:01.671] <- S2C rel_entity_move
[17:48:01.715] <- S2C rel_entity_move
[17:48:01.716] <- S2C rel_entity_move
[17:48:01.716] <- S2C entity_move_look
[17:48:01.716] <- S2C rel_entity_move
[17:48:01.716] <- S2C rel_entity_move
[17:48:01.717] <- S2C rel_entity_move
[17:48:01.717] <- S2C entity_move_look
[17:48:01.770] <- S2C rel_entity_move
[17:48:01.771] <- S2C rel_entity_move
[17:48:01.771] <- S2C sync_entity_position id=56451292 change=undefined rel=undefined
[17:48:01.818] <- S2C rel_entity_move
[17:48:01.819] <- S2C entity_move_look
[17:48:01.819] <- S2C rel_entity_move
[17:48:01.819] <- S2C rel_entity_move
[17:48:01.820] <- S2C rel_entity_move
[17:48:01.820] <- S2C rel_entity_move
[17:48:01.820] <- S2C entity_move_look
[17:48:01.859] <- S2C rel_entity_move
[17:48:01.859] <- S2C rel_entity_move
[17:48:01.860] <- S2C entity_move_look
[17:48:01.860] <- S2C rel_entity_move
[17:48:01.860] <- S2C entity_move_look
[17:48:01.861] <- S2C entity_move_look
[17:48:01.861] <- S2C entity_move_look
[17:48:01.985] <- S2C rel_entity_move
[17:48:01.985] <- S2C entity_move_look
[17:48:02.030] <- S2C rel_entity_move
[17:48:02.030] <- S2C rel_entity_move
[17:48:02.031] <- S2C rel_entity_move
[17:48:02.031] <- S2C entity_move_look
[17:48:02.031] <- S2C rel_entity_move
[17:48:02.032] <- S2C rel_entity_move
[17:48:02.032] <- S2C entity_move_look
[17:48:02.032] <- S2C rel_entity_move
[17:48:02.081] <- S2C rel_entity_move
[17:48:02.081] <- S2C rel_entity_move
[17:48:02.081] <- S2C entity_move_look
[17:48:02.082] <- S2C rel_entity_move
[17:48:02.082] <- S2C rel_entity_move
[17:48:02.082] <- S2C rel_entity_move
[17:48:02.082] <- S2C entity_move_look
[17:48:02.119] <- S2C rel_entity_move
[17:48:02.120] <- S2C entity_move_look
[17:48:02.120] <- S2C entity_move_look
[17:48:02.168] <- S2C rel_entity_move
[17:48:02.169] <- S2C entity_move_look
[17:48:02.169] <- S2C entity_move_look
[17:48:02.170] <- S2C rel_entity_move
[17:48:02.170] <- S2C rel_entity_move
[17:48:02.170] <- S2C rel_entity_move
[17:48:02.170] <- S2C entity_move_look
[17:48:02.213] <- S2C rel_entity_move
[17:48:02.213] <- S2C rel_entity_move
[17:48:02.214] <- S2C entity_move_look
[17:48:02.214] <- S2C rel_entity_move
[17:48:02.214] <- S2C entity_move_look
[17:48:02.214] <- S2C rel_entity_move
[17:48:02.214] <- S2C rel_entity_move
[17:48:02.256] <- S2C rel_entity_move
[17:48:02.257] <- S2C rel_entity_move
[17:48:02.257] <- S2C entity_move_look
[17:48:02.298] <- S2C rel_entity_move
[17:48:02.298] <- S2C rel_entity_move
[17:48:02.298] <- S2C entity_move_look
[17:48:02.299] <- S2C rel_entity_move
[17:48:02.299] <- S2C rel_entity_move
[17:48:02.299] <- S2C entity_move_look
[17:48:02.299] <- S2C entity_move_look
[17:48:02.341] <- S2C rel_entity_move
[17:48:02.341] <- S2C rel_entity_move
[17:48:02.342] <- S2C entity_move_look
[17:48:02.342] <- S2C rel_entity_move
[17:48:02.342] <- S2C entity_move_look
[17:48:02.342] <- S2C rel_entity_move
[17:48:02.342] <- S2C entity_move_look
[17:48:02.403] <- S2C rel_entity_move
[17:48:02.404] <- S2C rel_entity_move
[17:48:02.404] <- S2C rel_entity_move
[17:48:02.442] <- S2C rel_entity_move
[17:48:02.442] <- S2C entity_move_look
[17:48:02.443] <- S2C rel_entity_move
[17:48:02.443] <- S2C rel_entity_move
[17:48:02.443] <- S2C rel_entity_move
[17:48:02.444] <- S2C rel_entity_move
[17:48:02.444] <- S2C rel_entity_move
[17:48:02.489] <- S2C rel_entity_move
[17:48:02.489] <- S2C rel_entity_move
[17:48:02.490] <- S2C rel_entity_move
[17:48:02.490] <- S2C rel_entity_move
[17:48:02.490] <- S2C rel_entity_move
[17:48:02.490] <- S2C rel_entity_move
[17:48:02.490] <- S2C rel_entity_move
[17:48:02.552] <- S2C rel_entity_move
[17:48:02.553] <- S2C rel_entity_move
[17:48:02.553] <- S2C rel_entity_move
[17:48:02.598] <- S2C rel_entity_move
[17:48:02.598] <- S2C entity_move_look
[17:48:02.599] <- S2C rel_entity_move
[17:48:02.599] <- S2C rel_entity_move
[17:48:02.599] <- S2C rel_entity_move
[17:48:02.600] <- S2C entity_move_look
[17:48:02.600] <- S2C entity_move_look
[17:48:02.649] <- S2C rel_entity_move
[17:48:02.649] <- S2C sync_entity_position id=53429797 change=undefined rel=undefined
[17:48:02.650] <- S2C rel_entity_move
[17:48:02.650] <- S2C rel_entity_move
[17:48:02.650] <- S2C rel_entity_move
[17:48:02.650] <- S2C rel_entity_move
[17:48:02.650] <- S2C rel_entity_move
[17:48:02.651] <- S2C rel_entity_move
[17:48:02.699] <- S2C rel_entity_move
[17:48:02.700] <- S2C rel_entity_move
[17:48:02.700] <- S2C rel_entity_move
[17:48:02.700] <- S2C entity_move_look
[17:48:02.700] <- S2C rel_entity_move
[17:48:02.700] <- S2C rel_entity_move
[17:48:02.746] <- S2C rel_entity_move
[17:48:02.746] <- S2C entity_move_look
[17:48:02.747] <- S2C entity_move_look
[17:48:02.747] <- S2C rel_entity_move
[17:48:02.748] <- S2C rel_entity_move
[17:48:02.748] <- S2C entity_move_look
[17:48:02.748] <- S2C entity_move_look
[17:48:02.791] <- S2C entity_move_look
[17:48:02.792] <- S2C entity_move_look
[17:48:02.792] <- S2C rel_entity_move
[17:48:02.792] <- S2C rel_entity_move
[17:48:02.793] <- S2C entity_move_look
[17:48:02.793] <- S2C entity_move_look
[17:48:02.793] <- S2C entity_move_look
[17:48:02.857] <- S2C rel_entity_move
[17:48:02.858] <- S2C rel_entity_move
[17:48:02.858] <- S2C rel_entity_move
[17:48:02.916] <- S2C entity_move_look
[17:48:02.916] <- S2C entity_move_look
[17:48:02.917] <- S2C rel_entity_move
[17:48:02.917] <- S2C rel_entity_move
[17:48:02.917] <- S2C rel_entity_move
[17:48:02.918] <- S2C rel_entity_move
[17:48:02.918] <- S2C rel_entity_move
[17:48:02.918] <- S2C rel_entity_move
[17:48:02.962] <- S2C rel_entity_move
[17:48:02.963] <- S2C entity_move_look
[17:48:02.963] <- S2C rel_entity_move
[17:48:02.964] <- S2C rel_entity_move
[17:48:02.964] <- S2C entity_move_look
[17:48:02.964] <- S2C rel_entity_move
[17:48:02.965] <- S2C rel_entity_move
[17:48:03.011] <- S2C rel_entity_move
[17:48:03.012] <- S2C rel_entity_move
[17:48:03.012] <- S2C entity_move_look
[17:48:03.053] <- S2C rel_entity_move
[17:48:03.054] <- S2C entity_move_look
[17:48:03.054] <- S2C entity_move_look
[17:48:03.055] <- S2C entity_move_look
[17:48:03.055] <- S2C rel_entity_move
[17:48:03.055] <- S2C rel_entity_move
[17:48:03.056] <- S2C rel_entity_move
[17:48:03.056] <- S2C entity_move_look
[17:48:03.056] <- S2C sync_entity_position id=56452764 change=undefined rel=undefined
[17:48:03.098] <- S2C entity_move_look
[17:48:03.099] <- S2C entity_move_look
[17:48:03.099] <- S2C rel_entity_move
[17:48:03.099] <- S2C rel_entity_move
[17:48:03.100] <- S2C rel_entity_move
[17:48:03.100] <- S2C rel_entity_move
[17:48:03.100] <- S2C entity_move_look
[17:48:03.150] <- S2C rel_entity_move
[17:48:03.151] <- S2C rel_entity_move
[17:48:03.151] <- S2C entity_move_look
[17:48:03.152] <- S2C rel_entity_move
[17:48:03.152] <- S2C entity_move_look
[17:48:03.240] <- S2C entity_move_look
[17:48:03.240] <- S2C rel_entity_move
[17:48:03.241] <- S2C rel_entity_move
[17:48:03.241] <- S2C rel_entity_move
[17:48:03.241] <- S2C rel_entity_move
[17:48:03.241] <- S2C rel_entity_move
[17:48:03.241] <- S2C rel_entity_move
[17:48:03.242] <- S2C entity_move_look
[17:48:03.299] <- S2C entity_move_look
[17:48:03.299] <- S2C rel_entity_move
[17:48:03.299] <- S2C rel_entity_move
[17:48:03.299] <- S2C rel_entity_move
[17:48:03.299] <- S2C entity_move_look
[17:48:03.300] <- S2C rel_entity_move
[17:48:03.300] <- S2C entity_move_look
[17:48:03.400] <- S2C rel_entity_move
[17:48:03.401] <- S2C rel_entity_move
[17:48:03.401] <- S2C rel_entity_move
[17:48:03.417] <- S2C rel_entity_move
[17:48:03.417] <- S2C entity_move_look
[17:48:03.418] <- S2C entity_move_look
[17:48:03.418] <- S2C rel_entity_move
[17:48:03.418] <- S2C entity_move_look
[17:48:03.418] <- S2C entity_move_look
[17:48:03.473] <- S2C rel_entity_move
[17:48:03.474] <- S2C rel_entity_move
[17:48:03.474] <- S2C rel_entity_move
[17:48:03.475] <- S2C rel_entity_move
[17:48:03.475] <- S2C sync_entity_position id=56366009 change=undefined rel=undefined
[17:48:03.475] <- S2C rel_entity_move
[17:48:03.523] <- S2C rel_entity_move
[17:48:03.524] <- S2C rel_entity_move
[17:48:03.524] <- S2C rel_entity_move
[17:48:03.577] <- S2C rel_entity_move
[17:48:03.578] <- S2C sync_entity_position id=53429797 change=undefined rel=undefined
[17:48:03.578] <- S2C entity_move_look
[17:48:03.578] <- S2C entity_move_look
[17:48:03.579] <- S2C rel_entity_move
[17:48:03.579] <- S2C entity_move_look
[17:48:03.579] <- S2C entity_move_look
[17:48:03.624] <- S2C entity_move_look
[17:48:03.625] <- S2C rel_entity_move
[17:48:03.625] <- S2C rel_entity_move
[17:48:03.625] <- S2C entity_move_look
[17:48:03.626] <- S2C entity_move_look
[17:48:03.626] <- S2C entity_move_look
[17:48:03.671] <- S2C rel_entity_move
[17:48:03.671] <- S2C rel_entity_move
[17:48:03.672] <- S2C entity_move_look
[17:48:03.672] <- S2C rel_entity_move
[17:48:03.806] <- S2C rel_entity_move
[17:48:03.806] <- S2C entity_move_look
[17:48:03.806] <- S2C entity_move_look
[17:48:03.807] <- S2C entity_move_look
[17:48:03.807] <- S2C rel_entity_move
[17:48:03.807] <- S2C rel_entity_move
[17:48:03.807] <- S2C rel_entity_move
[17:48:03.874] <- S2C rel_entity_move
[17:48:03.874] <- S2C rel_entity_move
[17:48:03.875] <- S2C rel_entity_move
[17:48:03.875] <- S2C rel_entity_move
[17:48:03.875] <- S2C entity_move_look
[17:48:03.875] <- S2C rel_entity_move
[17:48:03.889] <- S2C rel_entity_move
[17:48:03.890] <- S2C rel_entity_move
[17:48:03.890] <- S2C entity_move_look
[17:48:03.890] <- S2C rel_entity_move
[17:48:03.994] <- S2C rel_entity_move
[17:48:03.995] <- S2C entity_move_look
[17:48:03.996] <- S2C rel_entity_move
[17:48:03.996] <- S2C rel_entity_move
[17:48:03.996] <- S2C rel_entity_move
[17:48:03.997] <- S2C rel_entity_move
[17:48:04.055] <- S2C rel_entity_move
[17:48:04.056] <- S2C entity_move_look
[17:48:04.056] <- S2C rel_entity_move
[17:48:04.057] <- S2C rel_entity_move
[17:48:04.057] <- S2C entity_move_look
[17:48:04.057] <- S2C entity_move_look
[17:48:04.058] <- S2C rel_entity_move
[17:48:04.123] <- S2C rel_entity_move
[17:48:04.124] <- S2C rel_entity_move
[17:48:04.124] <- S2C entity_move_look
[17:48:04.125] <- S2C entity_move_look
[17:48:04.182] <- S2C rel_entity_move
[17:48:04.182] <- S2C entity_move_look
[17:48:04.183] <- S2C rel_entity_move
[17:48:04.183] <- S2C rel_entity_move
[17:48:04.183] <- S2C rel_entity_move
[17:48:04.183] <- S2C entity_move_look
[17:48:04.183] <- S2C entity_move_look
[17:48:04.184] <- S2C entity_move_look
[17:48:04.231] <- S2C entity_move_look
[17:48:04.231] <- S2C rel_entity_move
[17:48:04.232] <- S2C entity_move_look
[17:48:04.232] <- S2C entity_move_look
[17:48:04.233] <- S2C sync_entity_position id=56366009 change=undefined rel=undefined
[17:48:04.233] <- S2C entity_move_look
[17:48:04.263] <- S2C rel_entity_move
[17:48:04.264] <- S2C rel_entity_move
[17:48:04.264] <- S2C entity_move_look
[17:48:04.264] <- S2C rel_entity_move
[17:48:04.353] <- S2C rel_entity_move
[17:48:04.354] <- S2C entity_move_look
[17:48:04.354] <- S2C rel_entity_move
[17:48:04.354] <- S2C rel_entity_move
[17:48:04.355] <- S2C rel_entity_move
[17:48:04.355] <- S2C entity_move_look
[17:48:04.355] <- S2C rel_entity_move
[17:48:04.428] <- S2C rel_entity_move
[17:48:04.428] <- S2C entity_move_look
[17:48:04.429] <- S2C rel_entity_move
[17:48:04.429] <- S2C entity_move_look
[17:48:04.429] <- S2C entity_move_look
[17:48:04.429] <- S2C rel_entity_move
[17:48:04.430] <- S2C rel_entity_move
[17:48:04.430] <- S2C entity_move_look
[17:48:04.430] <- S2C sync_entity_position id=55674814 change=undefined rel=undefined
[17:48:04.458] <- S2C rel_entity_move
[17:48:04.459] <- S2C rel_entity_move
[17:48:04.459] <- S2C rel_entity_move
[17:48:04.510] <- S2C rel_entity_move
[17:48:04.510] <- S2C entity_move_look
[17:48:04.511] <- S2C rel_entity_move
[17:48:04.511] <- S2C rel_entity_move
[17:48:04.511] <- S2C rel_entity_move
[17:48:04.511] <- S2C entity_move_look
[17:48:04.512] <- S2C rel_entity_move
[17:48:04.573] <- S2C rel_entity_move
[17:48:04.573] <- S2C rel_entity_move
[17:48:04.573] <- S2C entity_move_look
[17:48:04.574] <- S2C rel_entity_move
[17:48:04.574] <- S2C entity_move_look
[17:48:04.574] <- S2C rel_entity_move
[17:48:04.574] <- S2C entity_move_look
[17:48:04.574] <- S2C rel_entity_move
[17:48:04.575] <- S2C rel_entity_move
[17:48:04.575] <- S2C sync_entity_position id=56453876 change=undefined rel=undefined
[17:48:04.626] <- S2C rel_entity_move
[17:48:04.626] <- S2C rel_entity_move
[17:48:04.626] <- S2C entity_move_look
[17:48:04.627] <- S2C rel_entity_move
[17:48:04.682] <- S2C entity_move_look
[17:48:04.682] <- S2C rel_entity_move
[17:48:04.683] <- S2C rel_entity_move
[17:48:04.683] <- S2C rel_entity_move
[17:48:04.684] <- S2C rel_entity_move
[17:48:04.684] <- S2C entity_move_look
[17:48:04.684] <- S2C entity_move_look
[17:48:04.735] <- S2C rel_entity_move
[17:48:04.735] <- S2C entity_move_look
[17:48:04.736] <- S2C entity_move_look
[17:48:04.736] <- S2C entity_move_look
[17:48:04.736] <- S2C rel_entity_move
[17:48:04.737] <- S2C entity_move_look
[17:48:04.783] <- S2C rel_entity_move
[17:48:04.784] <- S2C rel_entity_move
[17:48:04.784] <- S2C entity_move_look
[17:48:04.784] <- S2C entity_move_look
[17:48:04.785] <- S2C rel_entity_move
[17:48:04.844] <- S2C rel_entity_move
[17:48:04.845] <- S2C entity_move_look
[17:48:04.845] <- S2C entity_move_look
[17:48:04.845] <- S2C entity_move_look
[17:48:04.846] <- S2C entity_move_look
[17:48:04.846] <- S2C rel_entity_move
[17:48:04.846] <- S2C entity_move_look
[17:48:04.895] <- S2C rel_entity_move
[17:48:04.895] <- S2C entity_move_look
[17:48:04.896] <- S2C rel_entity_move
[17:48:04.896] <- S2C rel_entity_move
[17:48:04.896] <- S2C entity_move_look
[17:48:04.896] <- S2C entity_move_look
[17:48:04.897] <- S2C rel_entity_move
[17:48:04.897] <- S2C sync_entity_position id=56438603 change=undefined rel=undefined
[17:48:04.897] <- S2C rel_entity_move
[17:48:04.963] <- S2C rel_entity_move
[17:48:04.964] <- S2C rel_entity_move
[17:48:04.964] <- S2C rel_entity_move
[17:48:04.965] <- S2C entity_move_look
[17:48:05.014] <- S2C entity_move_look
[17:48:05.014] <- S2C entity_move_look
[17:48:05.015] <- S2C entity_move_look
[17:48:05.015] <- S2C entity_move_look
[17:48:05.015] <- S2C rel_entity_move
[17:48:05.015] <- S2C rel_entity_move
[17:48:05.015] <- S2C rel_entity_move
[17:48:05.065] <- S2C rel_entity_move
[17:48:05.065] <- S2C entity_move_look
[17:48:05.066] <- S2C entity_move_look
[17:48:05.066] <- S2C entity_move_look
[17:48:05.066] <- S2C entity_move_look
[17:48:05.067] <- S2C entity_move_look
[17:48:05.067] <- S2C entity_move_look
[17:48:05.114] <- S2C rel_entity_move
[17:48:05.114] <- S2C rel_entity_move
[17:48:05.114] <- S2C rel_entity_move
[17:48:05.114] <- S2C entity_move_look
[17:48:05.115] <- S2C entity_move_look
[17:48:05.115] <- S2C rel_entity_move
[17:48:05.115] <- S2C rel_entity_move
[17:48:05.176] <- S2C rel_entity_move
[17:48:05.177] <- S2C rel_entity_move
[17:48:05.177] <- S2C entity_move_look
[17:48:05.177] <- S2C rel_entity_move
[17:48:05.178] <- S2C entity_move_look
[17:48:05.178] <- S2C rel_entity_move
[17:48:05.245] <- S2C rel_entity_move
[17:48:05.246] <- S2C rel_entity_move
[17:48:05.246] <- S2C rel_entity_move
[17:48:05.246] <- S2C rel_entity_move
[17:48:05.246] <- S2C entity_move_look
[17:48:05.247] <- S2C entity_move_look
[17:48:05.247] <- S2C entity_move_look
[17:48:05.344] <- S2C rel_entity_move
[17:48:05.345] <- S2C rel_entity_move
[17:48:05.345] <- S2C rel_entity_move
[17:48:05.439] <- S2C rel_entity_move
[17:48:05.439] <- S2C rel_entity_move
[17:48:05.440] <- S2C entity_move_look
[17:48:05.440] <- S2C rel_entity_move
[17:48:05.440] <- S2C rel_entity_move
[17:48:05.440] <- S2C entity_move_look
[17:48:05.441] <- S2C entity_move_look
[17:48:05.479] <- S2C rel_entity_move
[17:48:05.479] <- S2C rel_entity_move
[17:48:05.480] <- S2C rel_entity_move
[17:48:05.480] <- S2C entity_move_look
[17:48:05.480] <- S2C entity_move_look
[17:48:05.522] <- S2C rel_entity_move
[17:48:05.523] <- S2C rel_entity_move
[17:48:05.523] <- S2C entity_move_look
[17:48:05.523] <- S2C rel_entity_move
[17:48:05.597] <- S2C rel_entity_move
[17:48:05.598] <- S2C entity_move_look
[17:48:05.598] <- S2C rel_entity_move
[17:48:05.598] <- S2C entity_move_look
[17:48:05.598] <- S2C entity_move_look
[17:48:05.599] <- S2C entity_move_look
[17:48:05.655] <- S2C rel_entity_move
[17:48:05.656] <- S2C sync_entity_position id=53429797 change=undefined rel=undefined
[17:48:05.656] <- S2C rel_entity_move
[17:48:05.656] <- S2C rel_entity_move
[17:48:05.657] <- S2C sync_entity_position id=56438603 change=undefined rel=undefined
[17:48:05.657] <- S2C entity_move_look
[17:48:05.714] <- S2C rel_entity_move
[17:48:05.714] <- S2C rel_entity_move
[17:48:05.715] <- S2C rel_entity_move
[17:48:05.761] <- S2C rel_entity_move
[17:48:05.761] <- S2C rel_entity_move
[17:48:05.761] <- S2C rel_entity_move
[17:48:05.761] <- S2C rel_entity_move
[17:48:05.762] <- S2C rel_entity_move
[17:48:05.762] <- S2C rel_entity_move
[17:48:05.762] <- S2C entity_move_look
[17:48:05.820] <- S2C rel_entity_move
[17:48:05.820] <- S2C rel_entity_move
[17:48:05.820] <- S2C rel_entity_move
[17:48:05.820] <- S2C rel_entity_move
[17:48:05.821] <- S2C rel_entity_move
[17:48:05.821] <- S2C entity_move_look
[17:48:05.884] <- S2C rel_entity_move
[17:48:05.885] <- S2C sync_entity_position id=53429797 change=undefined rel=undefined
[17:48:05.885] <- S2C entity_move_look
[17:48:05.885] <- S2C rel_entity_move
[17:48:05.945] <- S2C rel_entity_move
[17:48:05.946] <- S2C entity_move_look
[17:48:05.946] <- S2C rel_entity_move
[17:48:05.946] <- S2C entity_move_look
[17:48:05.947] <- S2C entity_move_look
[17:48:05.947] <- S2C rel_entity_move
[17:48:05.995] <- S2C rel_entity_move
[17:48:05.996] <- S2C rel_entity_move
[17:48:05.996] <- S2C rel_entity_move
[17:48:05.996] <- S2C rel_entity_move
[17:48:05.996] <- S2C rel_entity_move
[17:48:05.997] <- S2C rel_entity_move
[17:48:05.997] <- S2C entity_move_look
[17:48:06.042] <- S2C rel_entity_move
[17:48:06.042] <- S2C entity_move_look
[17:48:06.043] <- S2C entity_move_look
[17:48:06.043] <- S2C rel_entity_move
[17:48:06.091] <- S2C rel_entity_move
[17:48:06.091] <- S2C entity_move_look
[17:48:06.091] <- S2C rel_entity_move
[17:48:06.092] <- S2C rel_entity_move
[17:48:06.092] <- S2C rel_entity_move
[17:48:06.093] <- S2C rel_entity_move
[17:48:06.093] <- S2C entity_move_look
[17:48:06.093] <- S2C entity_move_look
[17:48:06.145] <- S2C rel_entity_move
[17:48:06.146] <- S2C sync_entity_position id=53429797 change=undefined rel=undefined
[17:48:06.146] <- S2C rel_entity_move
[17:48:06.146] <- S2C entity_move_look
[17:48:06.146] <- S2C entity_move_look
[17:48:06.147] <- S2C entity_move_look
[17:48:06.147] <- S2C entity_move_look
[17:48:06.194] <- S2C rel_entity_move
[17:48:06.195] <- S2C entity_move_look
[17:48:06.195] <- S2C entity_move_look
[17:48:06.195] <- S2C rel_entity_move
[17:48:06.238] <- S2C rel_entity_move
[17:48:06.238] <- S2C entity_move_look
[17:48:06.239] <- S2C rel_entity_move
[17:48:06.239] <- S2C entity_move_look
[17:48:06.239] <- S2C entity_move_look
[17:48:06.240] <- S2C sync_entity_position id=56352849 change=undefined rel=undefined
[17:48:06.305] <- S2C entity_move_look
[17:48:06.306] <- S2C rel_entity_move
[17:48:06.306] <- S2C rel_entity_move
[17:48:06.306] <- S2C entity_move_look
[17:48:06.307] <- S2C rel_entity_move
[17:48:06.409] <- S2C rel_entity_move
[17:48:06.410] <- S2C rel_entity_move
[17:48:06.410] <- S2C entity_move_look
[17:48:06.410] <- S2C rel_entity_move
[17:48:06.410] <- S2C entity_move_look
[17:48:06.426] <- S2C rel_entity_move
[17:48:06.426] <- S2C sync_entity_position id=53429797 change=undefined rel=undefined
[17:48:06.426] <- S2C entity_move_look
[17:48:06.427] <- S2C rel_entity_move
[17:48:06.427] <- S2C rel_entity_move
[17:48:06.427] <- S2C rel_entity_move
[17:48:06.428] <- S2C rel_entity_move
[17:48:06.469] <- S2C entity_move_look
[17:48:06.469] <- S2C rel_entity_move
[17:48:06.469] <- S2C rel_entity_move
[17:48:06.470] <- S2C rel_entity_move
[17:48:06.470] <- S2C entity_move_look
[17:48:06.509] <- S2C rel_entity_move
[17:48:06.509] <- S2C entity_move_look
[17:48:06.509] <- S2C rel_entity_move
[17:48:06.510] <- S2C rel_entity_move
[17:48:06.510] <- S2C entity_move_look
[17:48:06.552] <- S2C rel_entity_move
[17:48:06.553] <- S2C entity_move_look
[17:48:06.553] <- S2C rel_entity_move
[17:48:06.554] <- S2C entity_move_look
[17:48:06.554] <- S2C entity_move_look
[17:48:06.554] <- S2C rel_entity_move
[17:48:06.597] <- S2C rel_entity_move
[17:48:06.597] <- S2C sync_entity_position id=53429797 change=undefined rel=undefined
[17:48:06.597] <- S2C rel_entity_move
[17:48:06.597] <- S2C rel_entity_move
[17:48:06.598] <- S2C entity_move_look
[17:48:06.598] <- S2C entity_move_look
[17:48:06.645] <- S2C rel_entity_move
[17:48:06.646] <- S2C rel_entity_move
[17:48:06.646] <- S2C rel_entity_move
[17:48:06.646] <- S2C rel_entity_move
[17:48:06.728] <- S2C rel_entity_move
[17:48:06.729] <- S2C entity_move_look
[17:48:06.729] <- S2C rel_entity_move
[17:48:06.729] <- S2C entity_move_look
[17:48:06.730] <- S2C entity_move_look
[17:48:06.730] <- S2C sync_entity_position id=56352849 change=undefined rel=undefined
[17:48:06.778] <- S2C entity_move_look
[17:48:06.779] <- S2C rel_entity_move
[17:48:06.779] <- S2C rel_entity_move
[17:48:06.780] <- S2C rel_entity_move
[17:48:06.780] <- S2C rel_entity_move
[17:48:06.826] <- S2C rel_entity_move
[17:48:06.827] <- S2C sync_entity_position id=53429797 change=undefined rel=undefined
[17:48:06.827] <- S2C rel_entity_move
[17:48:06.828] <- S2C entity_move_look
[17:48:06.828] <- S2C rel_entity_move
[17:48:06.828] <- S2C entity_move_look
[17:48:06.829] <- S2C sync_entity_position id=56455955 change=undefined rel=undefined
[17:48:06.870] <- S2C rel_entity_move
[17:48:06.870] <- S2C entity_move_look
[17:48:06.870] <- S2C rel_entity_move
[17:48:06.871] <- S2C entity_move_look
[17:48:06.871] <- S2C rel_entity_move
[17:48:06.871] <- S2C rel_entity_move
[17:48:06.922] <- S2C rel_entity_move
[17:48:06.922] <- S2C rel_entity_move
[17:48:06.922] <- S2C rel_entity_move
[17:48:06.923] <- S2C rel_entity_move
[17:48:06.923] <- S2C rel_entity_move
[17:48:07.053] <- S2C rel_entity_move
[17:48:07.054] <- S2C entity_move_look
[17:48:07.054] <- S2C rel_entity_move
[17:48:07.054] <- S2C rel_entity_move
[17:48:07.055] <- S2C position pos={"teleportId":-241403209,"x":6289.500000032278,"y":76,"z":-3434.3033840348635,"dx":0,"dy":0,"dz":0,"yaw":0,"pitch":0,"flags":{"_value":24,"x":false,"y":false,"z":false,"yaw":true,"pitch":true,"dx":false,"dy":false,"dz":false,"yawDelta":false}} relatives=undefined teleportId=-241403209
[17:48:07.111] <- S2C entity_move_look
[17:48:07.111] <- S2C entity_move_look
[17:48:07.112] <- S2C rel_entity_move
[17:48:07.112] <- S2C entity_move_look
[17:48:07.112] <- S2C rel_entity_move
[17:48:07.112] <- S2C rel_entity_move
[17:48:07.146] <- S2C rel_entity_move
[17:48:07.147] <- S2C rel_entity_move
[17:48:07.147] <- S2C rel_entity_move
[17:48:07.147] <- S2C rel_entity_move
[17:48:07.148] <- S2C rel_entity_move
[17:48:07.184] <- S2C entity_move_look
[17:48:07.185] <- S2C rel_entity_move
[17:48:07.185] <- S2C rel_entity_move
[17:48:07.185] <- S2C rel_entity_move
[17:48:07.185] <- S2C entity_move_look
[17:48:07.186] <- S2C rel_entity_move
[17:48:07.226] <- S2C position pos={"teleportId":-1117199956,"x":6289.500000032278,"y":76,"z":-3434.3033840348635,"dx":0,"dy":0,"dz":0,"yaw":0,"pitch":0,"flags":{"_value":24,"x":false,"y":false,"z":false,"yaw":true,"pitch":true,"dx":false,"dy":false,"dz":false,"yawDelta":false}} relatives=undefined teleportId=-1117199956
[17:48:07.287] <- S2C rel_entity_move
[17:48:07.288] <- S2C entity_move_look
[17:48:07.288] <- S2C rel_entity_move
[17:48:07.289] <- S2C rel_entity_move
[17:48:07.289] <- S2C rel_entity_move
[17:48:07.289] <- S2C rel_entity_move
[17:48:07.339] <- S2C rel_entity_move
[17:48:07.340] <- S2C rel_entity_move
[17:48:07.340] <- S2C rel_entity_move
[17:48:07.340] <- S2C entity_move_look
[17:48:07.341] <- S2C entity_move_look
[17:48:07.341] <- S2C rel_entity_move
[17:48:07.419] <- S2C rel_entity_move
[17:48:07.420] <- S2C rel_entity_move
[17:48:07.420] <- S2C entity_move_look
[17:48:07.421] <- S2C entity_move_look
[17:48:07.421] <- S2C entity_move_look
[17:48:07.421] <- S2C sync_entity_position id=56455955 change=undefined rel=undefined
[17:48:07.422] <- S2C rel_entity_move
[17:48:07.423] <- S2C entity_move_look
[17:48:07.423] <- S2C entity_move_look
[17:48:07.423] <- S2C entity_move_look
[17:48:07.423] <- S2C rel_entity_move
[17:48:07.424] <- S2C entity_move_look
[17:48:07.424] <- S2C entity_move_look
[17:48:07.425] <- S2C position pos={"teleportId":-856755142,"x":6289.500000032278,"y":76,"z":-3434.3033840348635,"dx":0,"dy":0,"dz":0,"yaw":0,"pitch":0,"flags":{"_value":24,"x":false,"y":false,"z":false,"yaw":true,"pitch":true,"dx":false,"dy":false,"dz":false,"yawDelta":false}} relatives=undefined teleportId=-856755142
[17:48:07.498] <- S2C entity_move_look
[17:48:07.498] <- S2C entity_move_look
[17:48:07.499] <- S2C entity_move_look
[17:48:07.499] <- S2C entity_move_look
[17:48:07.544] <- S2C rel_entity_move
[17:48:07.544] <- S2C rel_entity_move
[17:48:07.545] <- S2C rel_entity_move
[17:48:07.545] <- S2C entity_move_look
[17:48:07.546] <- S2C rel_entity_move
[17:48:07.592] <- S2C rel_entity_move
[17:48:07.593] <- S2C rel_entity_move
[17:48:07.593] <- S2C entity_move_look
[17:48:07.593] <- S2C rel_entity_move
[17:48:07.594] <- S2C rel_entity_move
[17:48:07.594] <- S2C rel_entity_move
[17:48:07.627] <- S2C entity_move_look
[17:48:07.627] <- S2C rel_entity_move
[17:48:07.627] <- S2C rel_entity_move
[17:48:07.628] <- S2C entity_move_look
[17:48:07.628] <- S2C rel_entity_move
[17:48:07.629] <- S2C position pos={"teleportId":-997760541,"x":6289.500000032278,"y":76,"z":-3434.3033840348635,"dx":0,"dy":0,"dz":0,"yaw":0,"pitch":0,"flags":{"_value":24,"x":false,"y":false,"z":false,"yaw":true,"pitch":true,"dx":false,"dy":false,"dz":false,"yawDelta":false}} relatives=undefined teleportId=-997760541
[17:48:07.688] <- S2C rel_entity_move
[17:48:07.688] <- S2C sync_entity_position id=53429797 change=undefined rel=undefined
[17:48:07.689] <- S2C entity_move_look
[17:48:07.689] <- S2C rel_entity_move
[17:48:07.689] <- S2C rel_entity_move
[17:48:07.690] <- S2C entity_move_look
[17:48:07.739] <- S2C rel_entity_move
[17:48:07.739] <- S2C entity_move_look
[17:48:07.739] <- S2C rel_entity_move
[17:48:07.740] <- S2C rel_entity_move
[17:48:07.740] <- S2C entity_move_look
[17:48:07.788] <- S2C entity_move_look
[17:48:07.789] <- S2C rel_entity_move
[17:48:07.789] <- S2C rel_entity_move
[17:48:07.789] <- S2C entity_move_look
[17:48:07.790] <- S2C entity_move_look
[17:48:07.828] <- S2C rel_entity_move
[17:48:07.828] <- S2C rel_entity_move
[17:48:07.829] <- S2C entity_move_look
[17:48:07.829] <- S2C entity_move_look
[17:48:07.830] <- S2C position pos={"teleportId":-1184128765,"x":6289.500000032278,"y":76,"z":-3434.3033840348635,"dx":0,"dy":0,"dz":0,"yaw":0,"pitch":0,"flags":{"_value":24,"x":false,"y":false,"z":false,"yaw":true,"pitch":true,"dx":false,"dy":false,"dz":false,"yawDelta":false}} relatives=undefined teleportId=-1184128765
[17:48:07.915] <- S2C rel_entity_move
[17:48:07.915] <- S2C rel_entity_move
[17:48:07.916] <- S2C rel_entity_move
[17:48:07.916] <- S2C rel_entity_move
[17:48:07.916] <- S2C rel_entity_move
[17:48:07.984] <- S2C rel_entity_move
[17:48:07.984] <- S2C entity_move_look
[17:48:07.984] <- S2C rel_entity_move
[17:48:07.985] <- S2C entity_move_look
[17:48:07.985] <- S2C rel_entity_move
[17:48:07.985] <- S2C rel_entity_move
[17:48:08.029] <- S2C rel_entity_move
[17:48:08.029] <- S2C rel_entity_move
[17:48:08.029] <- S2C entity_move_look
[17:48:08.030] <- S2C entity_move_look
[17:48:08.030] <- S2C position pos={"teleportId":-687067984,"x":6289.500000032278,"y":76,"z":-3434.3033840348635,"dx":0,"dy":0,"dz":0,"yaw":0,"pitch":0,"flags":{"_value":24,"x":false,"y":false,"z":false,"yaw":true,"pitch":true,"dx":false,"dy":false,"dz":false,"yawDelta":false}} relatives=undefined teleportId=-687067984
[17:48:08.100] <- S2C rel_entity_move
[17:48:08.100] <- S2C entity_move_look
[17:48:08.100] <- S2C rel_entity_move
[17:48:08.101] <- S2C rel_entity_move
[17:48:08.101] <- S2C entity_move_look
[17:48:08.153] <- S2C rel_entity_move
[17:48:08.154] <- S2C sync_entity_position id=53429797 change=undefined rel=undefined
[17:48:08.154] <- S2C rel_entity_move
[17:48:08.154] <- S2C rel_entity_move
[17:48:08.155] <- S2C entity_move_look
[17:48:08.155] <- S2C rel_entity_move
[17:48:08.204] <- S2C rel_entity_move
[17:48:08.204] <- S2C sync_entity_position id=53429797 change=undefined rel=undefined
[17:48:08.204] <- S2C sync_entity_position id=56438603 change=undefined rel=undefined
[17:48:08.204] <- S2C rel_entity_move
[17:48:08.205] <- S2C entity_move_look
[17:48:08.205] <- S2C entity_move_look
[17:48:08.229] <- S2C rel_entity_move
[17:48:08.229] <- S2C entity_move_look
[17:48:08.229] <- S2C rel_entity_move
[17:48:08.230] <- S2C rel_entity_move
[17:48:08.230] <- S2C entity_move_look
[17:48:08.231] <- S2C position pos={"teleportId":-298939465,"x":6289.500000032278,"y":76,"z":-3434.3033840348635,"dx":0,"dy":0,"dz":0,"yaw":0,"pitch":0,"flags":{"_value":24,"x":false,"y":false,"z":false,"yaw":true,"pitch":true,"dx":false,"dy":false,"dz":false,"yawDelta":false}} relatives=undefined teleportId=-298939465
[17:48:08.311] <- S2C entity_move_look
[17:48:08.312] <- S2C sync_entity_position id=53429797 change=undefined rel=undefined
[17:48:08.312] <- S2C rel_entity_move
[17:48:08.312] <- S2C rel_entity_move
[17:48:08.313] <- S2C entity_move_look
[17:48:08.427] <- S2C rel_entity_move
[17:48:08.427] <- S2C entity_move_look
[17:48:08.427] <- S2C rel_entity_move
[17:48:08.428] <- S2C entity_move_look
[17:48:08.428] <- S2C rel_entity_move
[17:48:08.428] <- S2C sync_entity_position id=56457661 change=undefined rel=undefined
[17:48:08.428] <- S2C sync_entity_position id=56457662 change=undefined rel=undefined
[17:48:08.429] <- S2C sync_entity_position id=56457663 change=undefined rel=undefined
[17:48:08.439] <- S2C rel_entity_move
[17:48:08.440] <- S2C entity_move_look
[17:48:08.440] <- S2C entity_move_look
[17:48:08.440] <- S2C rel_entity_move
[17:48:08.440] <- S2C rel_entity_move
[17:48:08.441] <- S2C entity_move_look
[17:48:08.441] <- S2C rel_entity_move
[17:48:08.441] <- S2C entity_move_look
[17:48:08.441] <- S2C rel_entity_move
[17:48:08.442] <- S2C entity_move_look
[17:48:08.442] <- S2C position pos={"teleportId":-842371631,"x":6289.500000032278,"y":76,"z":-3434.3033840348635,"dx":0,"dy":0,"dz":0,"yaw":0,"pitch":0,"flags":{"_value":24,"x":false,"y":false,"z":false,"yaw":true,"pitch":true,"dx":false,"dy":false,"dz":false,"yawDelta":false}} relatives=undefined teleportId=-842371631
[17:48:08.527] <- S2C rel_entity_move
[17:48:08.527] <- S2C entity_move_look
[17:48:08.528] <- S2C rel_entity_move
[17:48:08.528] <- S2C rel_entity_move
[17:48:08.528] <- S2C rel_entity_move
[17:48:08.529] <- S2C sync_entity_position id=56457661 change=undefined rel=undefined
[17:48:08.529] <- S2C sync_entity_position id=56457662 change=undefined rel=undefined
[17:48:08.529] <- S2C sync_entity_position id=56457663 change=undefined rel=undefined
[17:48:08.595] <- S2C rel_entity_move
[17:48:08.596] <- S2C entity_move_look
[17:48:08.596] <- S2C rel_entity_move
[17:48:08.597] <- S2C rel_entity_move
[17:48:08.597] <- S2C entity_move_look
[17:48:08.634] <- S2C rel_entity_move
[17:48:08.634] <- S2C rel_entity_move
[17:48:08.635] <- S2C rel_entity_move
[17:48:08.635] <- S2C rel_entity_move
[17:48:08.636] <- S2C position pos={"teleportId":-1148909787,"x":6289.500000032278,"y":76,"z":-3434.3033840348635,"dx":0,"dy":0,"dz":0,"yaw":0,"pitch":0,"flags":{"_value":24,"x":false,"y":false,"z":false,"yaw":true,"pitch":true,"dx":false,"dy":false,"dz":false,"yawDelta":false}} relatives=undefined teleportId=-1148909787
[17:48:08.712] <- S2C rel_entity_move
[17:48:08.713] <- S2C rel_entity_move
[17:48:08.713] <- S2C entity_move_look
[17:48:08.714] <- S2C rel_entity_move
[17:48:08.765] <- S2C rel_entity_move
[17:48:08.765] <- S2C entity_move_look
[17:48:08.766] <- S2C rel_entity_move
[17:48:08.766] <- S2C entity_move_look
[17:48:08.767] <- S2C rel_entity_move
[17:48:08.767] <- S2C rel_entity_move
[17:48:08.832] <- S2C rel_entity_move
[17:48:08.832] <- S2C rel_entity_move
[17:48:08.832] <- S2C rel_entity_move
[17:48:08.833] <- S2C rel_entity_move
[17:48:08.838] <- S2C rel_entity_move
[17:48:08.838] <- S2C rel_entity_move
[17:48:08.839] <- S2C rel_entity_move
[17:48:08.839] <- S2C rel_entity_move
[17:48:08.840] <- S2C position pos={"teleportId":-1969337736,"x":6289.500000032278,"y":76,"z":-3434.3033840348635,"dx":0,"dy":0,"dz":0,"yaw":0,"pitch":0,"flags":{"_value":24,"x":false,"y":false,"z":false,"yaw":true,"pitch":true,"dx":false,"dy":false,"dz":false,"yawDelta":false}} relatives=undefined teleportId=-1969337736
[17:48:08.950] <- S2C rel_entity_move
[17:48:08.950] <- S2C rel_entity_move
[17:48:08.950] <- S2C rel_entity_move
[17:48:08.951] <- S2C rel_entity_move
[17:48:08.951] <- S2C rel_entity_move
[17:48:08.989] <- S2C rel_entity_move
[17:48:08.990] <- S2C entity_move_look
[17:48:08.990] <- S2C entity_move_look
[17:48:08.990] <- S2C rel_entity_move
[17:48:08.991] <- S2C rel_entity_move
[17:48:09.041] <- S2C rel_entity_move
[17:48:09.041] <- S2C rel_entity_move
[17:48:09.041] <- S2C entity_move_look
[17:48:09.041] <- S2C entity_move_look
[17:48:09.042] <- S2C position pos={"teleportId":-64876548,"x":6289.500000032278,"y":76,"z":-3434.3033840348635,"dx":0,"dy":0,"dz":0,"yaw":0,"pitch":0,"flags":{"_value":24,"x":false,"y":false,"z":false,"yaw":true,"pitch":true,"dx":false,"dy":false,"dz":false,"yawDelta":false}} relatives=undefined teleportId=-64876548
[17:48:09.096] <- S2C rel_entity_move
[17:48:09.097] <- S2C entity_move_look
[17:48:09.097] <- S2C rel_entity_move
[17:48:09.097] <- S2C rel_entity_move
[17:48:09.098] <- S2C rel_entity_move
[17:48:09.098] <- S2C rel_entity_move
[17:48:09.146] <- S2C rel_entity_move
[17:48:09.146] <- S2C rel_entity_move
[17:48:09.147] <- S2C rel_entity_move
[17:48:09.147] <- S2C rel_entity_move
[17:48:09.147] <- S2C rel_entity_move
[17:48:09.203] <- S2C rel_entity_move
[17:48:09.203] <- S2C entity_move_look
[17:48:09.203] <- S2C rel_entity_move
[17:48:09.204] <- S2C entity_move_look
[17:48:09.204] <- S2C rel_entity_move
[17:48:09.242] <- S2C rel_entity_move
[17:48:09.242] <- S2C rel_entity_move
[17:48:09.243] <- S2C rel_entity_move
[17:48:09.243] <- S2C rel_entity_move
[17:48:09.243] <- S2C entity_move_look
[17:48:09.244] <- S2C position pos={"teleportId":-828371003,"x":6289.500000032278,"y":76,"z":-3434.3033840348635,"dx":0,"dy":0,"dz":0,"yaw":0,"pitch":0,"flags":{"_value":24,"x":false,"y":false,"z":false,"yaw":true,"pitch":true,"dx":false,"dy":false,"dz":false,"yawDelta":false}} relatives=undefined teleportId=-828371003
[17:48:09.300] <- S2C rel_entity_move
[17:48:09.301] <- S2C entity_move_look
[17:48:09.301] <- S2C entity_move_look
[17:48:09.301] <- S2C rel_entity_move
[17:48:09.402] <- S2C rel_entity_move
[17:48:09.402] <- S2C rel_entity_move
[17:48:09.402] <- S2C entity_move_look
[17:48:09.402] <- S2C entity_move_look
[17:48:09.417] <- S2C rel_entity_move
[17:48:09.417] <- S2C entity_move_look
[17:48:09.417] <- S2C entity_move_look
[17:48:09.418] <- S2C rel_entity_move
[17:48:09.418] <- S2C entity_move_look
[17:48:09.445] <- S2C rel_entity_move
[17:48:09.445] <- S2C entity_move_look
[17:48:09.445] <- S2C entity_move_look
[17:48:09.446] <- S2C rel_entity_move
[17:48:09.446] <- S2C position pos={"teleportId":-1670937872,"x":6289.500000032278,"y":76,"z":-3434.3033840348635,"dx":0,"dy":0,"dz":0,"yaw":0,"pitch":0,"flags":{"_value":24,"x":false,"y":false,"z":false,"yaw":true,"pitch":true,"dx":false,"dy":false,"dz":false,"yawDelta":false}} relatives=undefined teleportId=-1670937872
[17:48:09.511] <- S2C rel_entity_move
[17:48:09.511] <- S2C rel_entity_move
[17:48:09.511] <- S2C entity_move_look
[17:48:09.511] <- S2C rel_entity_move
[17:48:09.558] <- S2C rel_entity_move
[17:48:09.558] <- S2C rel_entity_move
[17:48:09.558] <- S2C rel_entity_move
[17:48:09.558] <- S2C rel_entity_move
[17:48:09.559] <- S2C entity_move_look
[17:48:09.559] <- S2C rel_entity_move
[17:48:09.601] <- S2C rel_entity_move
[17:48:09.601] <- S2C rel_entity_move
[17:48:09.602] <- S2C rel_entity_move
[17:48:09.602] <- S2C rel_entity_move
[17:48:09.643] <- S2C rel_entity_move
[17:48:09.643] <- S2C entity_move_look
[17:48:09.644] <- S2C rel_entity_move
[17:48:09.644] <- S2C rel_entity_move
[17:48:09.644] <- S2C rel_entity_move
[17:48:09.645] <- S2C entity_move_look
[17:48:09.646] <- S2C rel_entity_move
[17:48:09.646] <- S2C rel_entity_move
[17:48:09.646] <- S2C rel_entity_move
[17:48:09.647] <- S2C rel_entity_move
[17:48:09.647] <- S2C rel_entity_move
[17:48:09.648] <- S2C position pos={"teleportId":-2076222615,"x":6289.500000032278,"y":76,"z":-3434.3033840348635,"dx":0,"dy":0,"dz":0,"yaw":0,"pitch":0,"flags":{"_value":24,"x":false,"y":false,"z":false,"yaw":true,"pitch":true,"dx":false,"dy":false,"dz":false,"yawDelta":false}} relatives=undefined teleportId=-2076222615
[17:48:09.733] <- S2C rel_entity_move
[17:48:09.733] <- S2C entity_move_look
[17:48:09.733] <- S2C rel_entity_move
[17:48:09.776] <- S2C entity_move_look
[17:48:09.776] <- S2C entity_move_look
[17:48:09.776] <- S2C rel_entity_move
[17:48:09.777] <- S2C rel_entity_move
[17:48:09.777] <- S2C rel_entity_move
[17:48:09.777] <- S2C rel_entity_move
[17:48:09.778] <- S2C entity_move_look
[17:48:09.778] <- S2C entity_move_look
[17:48:09.778] <- S2C rel_entity_move
[17:48:09.821] <- S2C rel_entity_move
[17:48:09.822] <- S2C rel_entity_move
[17:48:09.822] <- S2C entity_move_look
[17:48:09.822] <- S2C rel_entity_move
[17:48:09.822] <- S2C rel_entity_move
[17:48:09.849] <- S2C rel_entity_move
[17:48:09.850] <- S2C entity_move_look
[17:48:09.850] <- S2C rel_entity_move
[17:48:09.850] <- S2C rel_entity_move
[17:48:09.851] <- S2C sync_entity_position id=53429797 change=undefined rel=undefined
[17:48:09.851] <- S2C position pos={"teleportId":-1629036741,"x":6289.500000032278,"y":76,"z":-3434.3033840348635,"dx":0,"dy":0,"dz":0,"yaw":0,"pitch":0,"flags":{"_value":24,"x":false,"y":false,"z":false,"yaw":true,"pitch":true,"dx":false,"dy":false,"dz":false,"yawDelta":false}} relatives=undefined teleportId=-1629036741
[17:48:09.941] <- S2C rel_entity_move
[17:48:09.941] <- S2C rel_entity_move
[17:48:09.941] <- S2C rel_entity_move
[17:48:09.942] <- S2C rel_entity_move
[17:48:09.942] <- S2C rel_entity_move
[17:48:09.942] <- S2C entity_move_look
[17:48:09.943] <- S2C rel_entity_move
[17:48:10.033] <- S2C rel_entity_move
[17:48:10.033] <- S2C entity_move_look
[17:48:10.033] <- S2C entity_move_look
[17:48:10.033] <- S2C rel_entity_move
[17:48:10.034] <- S2C entity_move_look
[17:48:10.080] <- S2C rel_entity_move
[17:48:10.081] <- S2C entity_move_look
[17:48:10.081] <- S2C rel_entity_move
[17:48:10.081] <- S2C rel_entity_move
[17:48:10.081] <- S2C rel_entity_move
[17:48:10.129] <- S2C rel_entity_move
[17:48:10.130] <- S2C rel_entity_move
[17:48:10.130] <- S2C rel_entity_move
[17:48:10.130] <- S2C entity_move_look
[17:48:10.131] <- S2C rel_entity_move
[17:48:10.131] <- S2C entity_move_look
[17:48:10.131] <- S2C entity_move_look
[17:48:10.131] <- S2C rel_entity_move
[17:48:10.189] <- S2C rel_entity_move
[17:48:10.189] <- S2C entity_move_look
[17:48:10.190] <- S2C entity_move_look
[17:48:10.190] <- S2C rel_entity_move
[17:48:10.190] <- S2C rel_entity_move
[17:48:10.191] <- S2C rel_entity_move
[17:48:10.248] <- S2C entity_move_look
[17:48:10.248] <- S2C rel_entity_move
[17:48:10.248] <- S2C entity_move_look
[17:48:10.248] <- S2C entity_move_look
[17:48:10.308] <- S2C rel_entity_move
[17:48:10.308] <- S2C entity_move_look
[17:48:10.309] <- S2C rel_entity_move
[17:48:10.309] <- S2C rel_entity_move
[17:48:10.309] <- S2C rel_entity_move
[17:48:10.310] <- S2C rel_entity_move
[17:48:10.310] <- S2C rel_entity_move
[17:48:10.310] <- S2C rel_entity_move
[17:48:10.311] <- S2C rel_entity_move
[17:48:10.358] <- S2C rel_entity_move
[17:48:10.358] <- S2C entity_move_look
[17:48:10.359] <- S2C rel_entity_move
[17:48:10.359] <- S2C rel_entity_move
[17:48:10.359] <- S2C rel_entity_move
[17:48:10.360] <- S2C entity_move_look
[17:48:10.400] <- S2C entity_move_look
[17:48:10.400] <- S2C rel_entity_move
[17:48:10.400] <- S2C rel_entity_move
[17:48:10.401] <- S2C rel_entity_move
[17:48:10.401] <- S2C rel_entity_move
[17:48:10.486] <- S2C rel_entity_move
[17:48:10.486] <- S2C rel_entity_move
[17:48:10.487] <- S2C entity_move_look
[17:48:10.487] <- S2C rel_entity_move
[17:48:10.487] <- S2C rel_entity_move
[17:48:10.488] <- S2C rel_entity_move
[17:48:10.488] <- S2C entity_move_look
[17:48:10.556] <- S2C rel_entity_move
[17:48:10.556] <- S2C rel_entity_move
[17:48:10.557] <- S2C entity_move_look
[17:48:10.557] <- S2C entity_move_look
[17:48:10.557] <- S2C entity_move_look
[17:48:10.624] <- S2C entity_move_look
[17:48:10.624] <- S2C rel_entity_move
[17:48:10.624] <- S2C rel_entity_move
[17:48:10.624] <- S2C rel_entity_move
[17:48:10.625] <- S2C entity_move_look
[17:48:10.685] <- S2C entity_move_look
[17:48:10.686] <- S2C rel_entity_move
[17:48:10.686] <- S2C entity_move_look
[17:48:10.686] <- S2C entity_move_look
[17:48:10.687] <- S2C entity_move_look
[17:48:10.687] <- S2C entity_move_look
[17:48:10.687] <- S2C entity_move_look
[17:48:10.688] <- S2C rel_entity_move
[17:48:10.755] <- S2C entity_move_look
[17:48:10.755] <- S2C rel_entity_move
[17:48:10.756] <- S2C rel_entity_move
[17:48:10.831] <- S2C rel_entity_move
[17:48:10.832] <- S2C rel_entity_move
[17:48:10.832] <- S2C rel_entity_move
[17:48:10.832] <- S2C rel_entity_move
[17:48:10.833] <- S2C rel_entity_move
[17:48:10.889] <- S2C rel_entity_move
[17:48:10.890] <- S2C entity_move_look
[17:48:10.890] <- S2C rel_entity_move
[17:48:10.890] <- S2C rel_entity_move
[17:48:10.890] <- S2C rel_entity_move
[17:48:10.891] <- S2C entity_move_look
[17:48:10.891] <- S2C rel_entity_move
[17:48:10.891] <- S2C rel_entity_move
[17:48:10.947] <- S2C entity_move_look
[17:48:10.947] <- S2C rel_entity_move
[17:48:10.947] <- S2C rel_entity_move
[17:48:10.947] <- S2C entity_move_look
[17:48:11.015] <- S2C entity_move_look
[17:48:11.015] <- S2C rel_entity_move
[17:48:11.015] <- S2C rel_entity_move
[17:48:11.016] <- S2C entity_move_look
[17:48:11.035] <- S2C rel_entity_move
[17:48:11.035] <- S2C rel_entity_move
[17:48:11.035] <- S2C entity_move_look
[17:48:11.036] <- S2C rel_entity_move
[17:48:11.036] <- S2C rel_entity_move
[17:48:11.036] <- S2C entity_move_look
[17:48:11.036] <- S2C rel_entity_move
[17:48:11.037] <- S2C sync_entity_position id=56457663 change=undefined rel=undefined
[17:48:11.083] <- S2C rel_entity_move
[17:48:11.083] <- S2C entity_move_look
[17:48:11.083] <- S2C entity_move_look
[17:48:11.132] <- S2C entity_move_look
[17:48:11.132] <- S2C entity_move_look
[17:48:11.132] <- S2C entity_move_look
[17:48:11.133] <- S2C rel_entity_move
[17:48:11.133] <- S2C entity_move_look
[17:48:11.133] <- S2C entity_move_look
[17:48:11.179] <- S2C rel_entity_move
[17:48:11.179] <- S2C rel_entity_move
[17:48:11.180] <- S2C rel_entity_move
[17:48:11.180] <- S2C rel_entity_move
[17:48:11.180] <- S2C rel_entity_move
[17:48:11.181] <- S2C rel_entity_move
[17:48:11.181] <- S2C rel_entity_move
[17:48:11.181] <- S2C entity_move_look
[17:48:11.228] <- S2C entity_move_look
[17:48:11.228] <- S2C rel_entity_move
[17:48:11.228] <- S2C rel_entity_move
[17:48:11.277] <- S2C rel_entity_move
[17:48:11.278] <- S2C rel_entity_move
[17:48:11.278] <- S2C rel_entity_move
[17:48:11.320] <- S2C rel_entity_move
[17:48:11.320] <- S2C rel_entity_move
[17:48:11.321] <- S2C rel_entity_move
[17:48:11.321] <- S2C entity_move_look
[17:48:11.321] <- S2C rel_entity_move
[17:48:11.321] <- S2C rel_entity_move
[17:48:11.321] <- S2C entity_move_look
[17:48:11.322] <- S2C rel_entity_move
[17:48:11.322] <- S2C entity_move_look
[17:48:11.422] <- S2C entity_move_look
[17:48:11.422] <- S2C rel_entity_move
[17:48:11.422] <- S2C rel_entity_move
[17:48:11.422] <- S2C rel_entity_move
[17:48:11.432] <- S2C rel_entity_move
[17:48:11.433] <- S2C rel_entity_move
[17:48:11.433] <- S2C rel_entity_move
[17:48:11.433] <- S2C entity_move_look
[17:48:11.464] <- S2C rel_entity_move
[17:48:11.464] <- S2C rel_entity_move
[17:48:11.465] <- S2C entity_move_look
[17:48:11.465] <- S2C rel_entity_move
[17:48:11.465] <- S2C rel_entity_move
[17:48:11.465] <- S2C rel_entity_move
[17:48:11.465] <- S2C rel_entity_move
[17:48:11.466] <- S2C sync_entity_position id=56457663 change=undefined rel=undefined
[17:48:11.501] <- S2C entity_move_look
[17:48:11.501] <- S2C entity_move_look
[17:48:11.502] <- S2C entity_move_look
[17:48:11.502] <- S2C rel_entity_move
[17:48:11.502] <- S2C entity_move_look
[17:48:11.541] <- S2C rel_entity_move
[17:48:11.541] <- S2C rel_entity_move
[17:48:11.542] <- S2C rel_entity_move
[17:48:11.542] <- S2C rel_entity_move
[17:48:11.542] <- S2C entity_move_look
[17:48:11.602] <- S2C rel_entity_move
[17:48:11.602] <- S2C rel_entity_move
[17:48:11.602] <- S2C entity_move_look
[17:48:11.603] <- S2C entity_move_look
[17:48:11.603] <- S2C rel_entity_move
[17:48:11.603] <- S2C rel_entity_move
[17:48:11.603] <- S2C entity_move_look
[17:48:11.603] <- S2C sync_entity_position id=56457663 change=undefined rel=undefined
[17:48:11.657] <- S2C rel_entity_move
[17:48:11.657] <- S2C entity_move_look
[17:48:11.658] <- S2C entity_move_look
[17:48:11.658] <- S2C entity_move_look
[17:48:11.696] <- S2C rel_entity_move
[17:48:11.696] <- S2C rel_entity_move
[17:48:11.697] <- S2C entity_move_look
[17:48:11.697] <- S2C entity_move_look
[17:48:11.736] <- S2C rel_entity_move
[17:48:11.736] <- S2C rel_entity_move
[17:48:11.737] <- S2C rel_entity_move
[17:48:11.737] <- S2C rel_entity_move
[17:48:11.737] <- S2C rel_entity_move
[17:48:11.738] <- S2C rel_entity_move
[17:48:11.738] <- S2C rel_entity_move
[17:48:11.738] <- S2C rel_entity_move
[17:48:11.738] <- S2C rel_entity_move
[17:48:11.781] <- S2C entity_move_look
[17:48:11.782] <- S2C entity_move_look
[17:48:11.782] <- S2C rel_entity_move
[17:48:11.782] <- S2C entity_move_look
[17:48:11.835] <- S2C entity_move_look
[17:48:11.835] <- S2C rel_entity_move
[17:48:11.836] <- S2C rel_entity_move
[17:48:11.836] <- S2C rel_entity_move
[17:48:11.836] <- S2C entity_move_look
[17:48:11.876] <- S2C rel_entity_move
[17:48:11.877] <- S2C entity_move_look
[17:48:11.877] <- S2C entity_move_look
[17:48:11.878] <- S2C rel_entity_move
[17:48:11.878] <- S2C rel_entity_move
[17:48:11.878] <- S2C rel_entity_move
[17:48:11.879] <- S2C rel_entity_move
[17:48:11.879] <- S2C sync_entity_position id=55674814 change=undefined rel=undefined
[17:48:11.921] <- S2C entity_move_look
[17:48:11.922] <- S2C entity_move_look
[17:48:11.922] <- S2C entity_move_look
[17:48:11.922] <- S2C entity_move_look
[17:48:11.964] <- S2C rel_entity_move
[17:48:11.964] <- S2C rel_entity_move
[17:48:11.965] <- S2C rel_entity_move
[17:48:11.965] <- S2C rel_entity_move
[17:48:11.965] <- S2C rel_entity_move
[17:48:12.008] <- S2C rel_entity_move
[17:48:12.008] <- S2C rel_entity_move
[17:48:12.009] <- S2C rel_entity_move
[17:48:12.009] <- S2C entity_move_look
[17:48:12.009] <- S2C rel_entity_move
[17:48:12.009] <- S2C rel_entity_move
[17:48:12.010] <- S2C rel_entity_move
[17:48:12.010] <- S2C rel_entity_move
[17:48:12.010] <- S2C sync_entity_position id=56457663 change=undefined rel=undefined
[17:48:12.058] <- S2C entity_move_look
[17:48:12.059] <- S2C rel_entity_move
[17:48:12.059] <- S2C entity_move_look
[17:48:12.099] <- S2C rel_entity_move
[17:48:12.099] <- S2C rel_entity_move
[17:48:12.100] <- S2C entity_move_look
[17:48:12.100] <- S2C entity_move_look
[17:48:12.148] <- S2C rel_entity_move
[17:48:12.149] <- S2C rel_entity_move
[17:48:12.149] <- S2C rel_entity_move
[17:48:12.149] <- S2C rel_entity_move
[17:48:12.149] <- S2C rel_entity_move
[17:48:12.150] <- S2C rel_entity_move
[17:48:12.150] <- S2C rel_entity_move
[17:48:12.150] <- S2C rel_entity_move
[17:48:12.150] <- S2C rel_entity_move
[17:48:12.195] <- S2C entity_move_look
[17:48:12.195] <- S2C rel_entity_move
[17:48:12.196] <- S2C rel_entity_move
[17:48:12.196] <- S2C rel_entity_move
[17:48:12.252] <- S2C rel_entity_move
[17:48:12.252] <- S2C rel_entity_move
[17:48:12.253] <- S2C rel_entity_move
[17:48:12.253] <- S2C rel_entity_move
[17:48:12.253] <- S2C entity_move_look
[17:48:12.304] <- S2C rel_entity_move
[17:48:12.305] <- S2C rel_entity_move
[17:48:12.305] <- S2C rel_entity_move
[17:48:12.305] <- S2C rel_entity_move
[17:48:12.306] <- S2C rel_entity_move
[17:48:12.306] <- S2C rel_entity_move
[17:48:12.306] <- S2C rel_entity_move
[17:48:12.306] <- S2C rel_entity_move
[17:48:12.503] <- S2C entity_move_look
[17:48:12.503] <- S2C entity_move_look
[17:48:12.504] <- S2C rel_entity_move
[17:48:12.515] <- S2C rel_entity_move
[17:48:12.515] <- S2C entity_move_look
[17:48:12.515] <- S2C entity_move_look
[17:48:12.515] <- S2C entity_move_look
[17:48:12.516] <- S2C rel_entity_move
[17:48:12.516] <- S2C rel_entity_move
[17:48:12.554] <- S2C rel_entity_move
[17:48:12.554] <- S2C rel_entity_move
[17:48:12.555] <- S2C rel_entity_move
[17:48:12.555] <- S2C rel_entity_move
[17:48:12.555] <- S2C entity_move_look
[17:48:12.555] <- S2C rel_entity_move
[17:48:12.556] <- S2C entity_move_look
[17:48:12.602] <- S2C entity_move_look
[17:48:12.603] <- S2C entity_move_look
[17:48:12.603] <- S2C entity_move_look
[17:48:12.653] <- S2C entity_move_look
[17:48:12.653] <- S2C rel_entity_move
[17:48:12.653] <- S2C rel_entity_move
[17:48:12.654] <- S2C entity_move_look
[17:48:12.654] <- S2C sync_entity_position id=56461492 change=undefined rel=undefined
[17:48:12.701] <- S2C rel_entity_move
[17:48:12.701] <- S2C rel_entity_move
[17:48:12.702] <- S2C rel_entity_move
[17:48:12.702] <- S2C entity_move_look
[17:48:12.702] <- S2C entity_move_look
[17:48:12.703] <- S2C entity_move_look
[17:48:12.755] <- S2C rel_entity_move
[17:48:12.756] <- S2C rel_entity_move
[17:48:12.756] <- S2C rel_entity_move
[17:48:12.756] <- S2C rel_entity_move
[17:48:12.757] <- S2C rel_entity_move
[17:48:12.806] <- S2C entity_move_look
[17:48:12.807] <- S2C entity_move_look
[17:48:12.807] <- S2C rel_entity_move
[17:48:12.807] <- S2C entity_move_look
[17:48:12.808] <- S2C rel_entity_move
[17:48:12.808] <- S2C entity_move_look
[17:48:12.809] <- S2C sync_entity_position id=56461492 change=undefined rel=undefined
[17:48:12.855] <- S2C entity_move_look
[17:48:12.856] <- S2C rel_entity_move
[17:48:12.856] <- S2C entity_move_look
[17:48:12.856] <- S2C entity_move_look
[17:48:12.856] <- S2C rel_entity_move
[17:48:12.857] <- S2C rel_entity_move
[17:48:12.857] <- S2C rel_entity_move
[17:48:12.905] <- S2C rel_entity_move
[17:48:12.905] <- S2C entity_move_look
[17:48:12.905] <- S2C entity_move_look
[17:48:12.906] <- S2C entity_move_look
[17:48:12.948] <- S2C rel_entity_move
[17:48:12.948] <- S2C rel_entity_move
[17:48:12.948] <- S2C rel_entity_move
[17:48:12.948] <- S2C rel_entity_move
[17:48:12.949] <- S2C entity_move_look
[17:48:12.992] <- S2C rel_entity_move
[17:48:12.992] <- S2C rel_entity_move
[17:48:12.993] <- S2C rel_entity_move
[17:48:12.993] <- S2C rel_entity_move
[17:48:12.993] <- S2C rel_entity_move
[17:48:12.993] <- S2C rel_entity_move
[17:48:12.994] <- S2C entity_move_look
[17:48:12.994] <- S2C entity_move_look
[17:48:13.032] <- S2C rel_entity_move
[17:48:13.033] <- S2C entity_move_look
[17:48:13.033] <- S2C entity_move_look
[17:48:13.075] <- S2C entity_move_look
[17:48:13.076] <- S2C rel_entity_move
[17:48:13.076] <- S2C entity_move_look
[17:48:13.076] <- S2C entity_move_look
[17:48:13.076] <- S2C entity_move_look
[17:48:13.126] <- S2C rel_entity_move
[17:48:13.127] <- S2C entity_move_look
[17:48:13.127] <- S2C rel_entity_move
[17:48:13.127] <- S2C rel_entity_move
[17:48:13.127] <- S2C entity_move_look
[17:48:13.128] <- S2C rel_entity_move
[17:48:13.128] <- S2C entity_move_look
[17:48:13.215] <- S2C rel_entity_move
[17:48:13.215] <- S2C rel_entity_move
[17:48:13.215] <- S2C entity_move_look
[17:48:13.216] <- S2C entity_move_look
[17:48:13.289] <- S2C rel_entity_move
[17:48:13.289] <- S2C rel_entity_move
[17:48:13.289] <- S2C entity_move_look
[17:48:13.290] <- S2C rel_entity_move
[17:48:13.347] <- S2C rel_entity_move
[17:48:13.348] <- S2C entity_move_look
[17:48:13.348] <- S2C entity_move_look
[17:48:13.348] <- S2C rel_entity_move
[17:48:13.349] <- S2C entity_move_look
[17:48:13.349] <- S2C rel_entity_move
[17:48:13.349] <- S2C entity_move_look
[17:48:13.349] <- S2C rel_entity_move
[17:48:13.451] <- S2C rel_entity_move
[17:48:13.452] <- S2C rel_entity_move
[17:48:13.452] <- S2C entity_move_look
[17:48:13.492] <- S2C entity_move_look
[17:48:13.493] <- S2C rel_entity_move
[17:48:13.493] <- S2C rel_entity_move
[17:48:13.493] <- S2C rel_entity_move
[17:48:13.493] <- S2C rel_entity_move
[17:48:13.546] <- S2C entity_move_look
[17:48:13.546] <- S2C entity_move_look
[17:48:13.547] <- S2C entity_move_look
[17:48:13.547] <- S2C entity_move_look
[17:48:13.547] <- S2C entity_move_look
[17:48:13.547] <- S2C entity_move_look
[17:48:13.548] <- S2C entity_move_look
[17:48:13.589] <- S2C entity_move_look
[17:48:13.590] <- S2C rel_entity_move
[17:48:13.590] <- S2C rel_entity_move
[17:48:13.635] <- S2C entity_move_look
[17:48:13.635] <- S2C rel_entity_move
[17:48:13.635] <- S2C rel_entity_move
[17:48:13.636] <- S2C entity_move_look
[17:48:13.636] <- S2C rel_entity_move
[17:48:13.685] <- S2C rel_entity_move
[17:48:13.685] <- S2C rel_entity_move
[17:48:13.686] <- S2C entity_move_look
[17:48:13.686] <- S2C rel_entity_move
[17:48:13.686] <- S2C rel_entity_move
[17:48:13.686] <- S2C rel_entity_move
[17:48:13.687] <- S2C rel_entity_move
[17:48:13.687] <- S2C entity_move_look
[17:48:13.804] <- S2C sync_entity_position id=53429797 change=undefined rel=undefined
[17:48:13.804] <- S2C rel_entity_move
[17:48:13.805] <- S2C entity_move_look
[17:48:13.805] <- S2C entity_move_look
[17:48:13.870] <- S2C entity_move_look
[17:48:13.870] <- S2C entity_move_look
[17:48:13.871] <- S2C rel_entity_move
[17:48:13.871] <- S2C entity_move_look
[17:48:13.871] <- S2C entity_move_look
[17:48:13.926] <- S2C rel_entity_move
[17:48:13.926] <- S2C rel_entity_move
[17:48:13.927] <- S2C sync_entity_position id=56457662 change=undefined rel=undefined
[17:48:13.927] <- S2C entity_move_look
[17:48:13.927] <- S2C rel_entity_move
[17:48:13.928] <- S2C entity_move_look
[17:48:13.928] <- S2C entity_move_look
[17:48:13.984] <- S2C sync_entity_position id=53429797 change=undefined rel=undefined
[17:48:13.984] <- S2C rel_entity_move
[17:48:13.984] <- S2C rel_entity_move
[17:48:13.985] <- S2C entity_move_look
[17:48:14.037] <- S2C rel_entity_move
[17:48:14.037] <- S2C rel_entity_move
[17:48:14.038] <- S2C rel_entity_move
[17:48:14.038] <- S2C rel_entity_move
[17:48:14.038] <- S2C rel_entity_move
[17:48:14.038] <- S2C entity_move_look
[17:48:14.039] <- S2C entity_move_look
[17:48:14.096] <- S2C entity_move_look
[17:48:14.097] <- S2C rel_entity_move
[17:48:14.097] <- S2C entity_move_look
[17:48:14.097] <- S2C entity_move_look
[17:48:14.097] <- S2C entity_move_look
[17:48:14.098] <- S2C entity_move_look
[17:48:14.098] <- S2C rel_entity_move
[17:48:14.164] <- S2C rel_entity_move
[17:48:14.164] <- S2C rel_entity_move
[17:48:14.165] <- S2C rel_entity_move
[17:48:14.250] <- S2C rel_entity_move
[17:48:14.250] <- S2C entity_move_look
[17:48:14.250] <- S2C rel_entity_move
[17:48:14.251] <- S2C entity_move_look
[17:48:14.251] <- S2C rel_entity_move
[17:48:14.251] <- S2C rel_entity_move
[17:48:14.310] <- S2C rel_entity_move
[17:48:14.311] <- S2C rel_entity_move
[17:48:14.311] <- S2C entity_move_look
[17:48:14.311] <- S2C entity_move_look
[17:48:14.312] <- S2C entity_move_look
[17:48:14.312] <- S2C entity_move_look
[17:48:14.312] <- S2C rel_entity_move
[17:48:14.313] <- S2C entity_move_look
[17:48:14.403] <- S2C entity_move_look
[17:48:14.404] <- S2C entity_move_look
[17:48:14.404] <- S2C rel_entity_move
[17:48:14.404] <- S2C rel_entity_move
[17:48:14.444] <- S2C entity_move_look
[17:48:14.444] <- S2C entity_move_look
[17:48:14.444] <- S2C rel_entity_move
[17:48:14.445] <- S2C rel_entity_move
[17:48:14.445] <- S2C sync_entity_position id=56457662 change=undefined rel=undefined
[17:48:14.445] <- S2C entity_move_look
[17:48:14.445] <- S2C entity_move_look
[17:48:14.462] <- S2C rel_entity_move
[17:48:14.463] <- S2C entity_move_look
[17:48:14.463] <- S2C entity_move_look
[17:48:14.463] <- S2C sync_entity_position id=56457662 change=undefined rel=undefined
[17:48:14.464] <- S2C entity_move_look
[17:48:14.464] <- S2C entity_move_look
[17:48:14.464] <- S2C entity_move_look
[17:48:14.465] <- S2C entity_move_look
[17:48:14.569] <- S2C entity_move_look
[17:48:14.570] <- S2C rel_entity_move
[17:48:14.570] <- S2C entity_move_look
[17:48:14.571] <- S2C position pos={"teleportId":2,"x":6289.5,"y":76,"z":-3434.5,"dx":0,"dy":0,"dz":0,"yaw":-179.85000610351562,"pitch":0.7500010132789612,"flags":{"_value":0,"x":false,"y":false,"z":false,"yaw":false,"pitch":false,"dx":false,"dy":false,"dz":false,"yawDelta":false}} relatives=undefined teleportId=2
[17:48:14.623] <- S2C entity_move_look
[17:48:14.624] <- S2C entity_move_look
[17:48:14.624] <- S2C entity_move_look
[17:48:14.624] <- S2C entity_move_look
[17:48:14.625] <- S2C rel_entity_move
[17:48:14.625] <- S2C entity_move_look
[17:48:14.625] <- S2C entity_move_look
[17:48:14.687] <- S2C entity_move_look
[17:48:14.688] <- S2C rel_entity_move
[17:48:14.688] <- S2C rel_entity_move
[17:48:14.688] <- S2C entity_move_look
[17:48:14.689] <- S2C entity_move_look
[17:48:14.689] <- S2C rel_entity_move
[17:48:14.689] <- S2C entity_move_look
[17:48:14.752] <- S2C rel_entity_move
[17:48:14.752] <- S2C rel_entity_move
[17:48:14.753] <- S2C entity_move_look
[17:48:14.753] <- S2C entity_move_look
[17:48:14.807] <- S2C rel_entity_move
[17:48:14.807] <- S2C rel_entity_move
[17:48:14.807] <- S2C rel_entity_move
[17:48:14.808] <- S2C rel_entity_move
[17:48:14.808] <- S2C entity_move_look
[17:48:14.808] <- S2C rel_entity_move
[17:48:14.860] <- S2C rel_entity_move
[17:48:14.861] <- S2C rel_entity_move
[17:48:14.861] <- S2C sync_entity_position id=53429797 change=undefined rel=undefined
[17:48:14.862] <- S2C rel_entity_move
[17:48:14.862] <- S2C entity_move_look
[17:48:14.862] <- S2C rel_entity_move
[17:48:14.862] <- S2C entity_move_look
[17:48:14.863] <- S2C entity_move_look
[17:48:14.922] <- S2C entity_move_look
[17:48:14.922] <- S2C rel_entity_move
[17:48:14.922] <- S2C entity_move_look
[17:48:14.969] <- S2C rel_entity_move
[17:48:14.970] <- S2C rel_entity_move
[17:48:14.970] <- S2C rel_entity_move
[17:48:14.970] <- S2C rel_entity_move
[17:48:14.971] <- S2C entity_move_look
[17:48:14.971] <- S2C rel_entity_move
[17:48:15.023] <- S2C entity_move_look
[17:48:15.024] <- S2C rel_entity_move
[17:48:15.024] <- S2C sync_entity_position id=56457662 change=undefined rel=undefined
[17:48:15.024] <- S2C entity_move_look
[17:48:15.024] <- S2C rel_entity_move
[17:48:15.025] <- S2C rel_entity_move
[17:48:15.025] <- S2C entity_move_look
[17:48:15.025] <- S2C sync_entity_position id=56463263 change=undefined rel=undefined
[17:48:15.083] <- S2C sync_entity_position id=53429797 change=undefined rel=undefined
[17:48:15.084] <- S2C rel_entity_move
[17:48:15.084] <- S2C rel_entity_move
[17:48:15.084] <- S2C rel_entity_move
[17:48:15.149] <- S2C rel_entity_move
[17:48:15.149] <- S2C rel_entity_move
[17:48:15.149] <- S2C rel_entity_move
[17:48:15.149] <- S2C rel_entity_move
[17:48:15.150] <- S2C entity_move_look
[17:48:15.150] <- S2C rel_entity_move
[17:48:15.150] <- S2C rel_entity_move
[17:48:15.150] <- S2C rel_entity_move
[17:48:15.201] <- S2C entity_move_look
[17:48:15.202] <- S2C rel_entity_move
[17:48:15.202] <- S2C rel_entity_move
[17:48:15.202] <- S2C rel_entity_move
[17:48:15.202] <- S2C rel_entity_move
[17:48:15.202] <- S2C rel_entity_move
[17:48:15.202] <- S2C sync_entity_position id=56463263 change=undefined rel=undefined
[17:48:15.203] <- S2C rel_entity_move
[17:48:15.254] <- S2C entity_move_look
[17:48:15.254] <- S2C entity_move_look
[17:48:15.255] <- S2C rel_entity_move
[17:48:15.255] <- S2C entity_move_look
[17:48:15.320] <- S2C entity_move_look
[17:48:15.321] <- S2C rel_entity_move
[17:48:15.321] <- S2C rel_entity_move
[17:48:15.321] <- S2C rel_entity_move
[17:48:15.321] <- S2C rel_entity_move
[17:48:15.322] <- S2C rel_entity_move
[17:48:15.322] <- S2C rel_entity_move
[17:48:15.400] <- S2C entity_move_look
[17:48:15.401] <- S2C rel_entity_move
[17:48:15.401] <- S2C sync_entity_position id=53429797 change=undefined rel=undefined
[17:48:15.401] <- S2C rel_entity_move
[17:48:15.402] <- S2C entity_move_look
[17:48:15.402] <- S2C entity_move_look
[17:48:15.402] <- S2C entity_move_look
[17:48:15.403] <- S2C entity_move_look
[17:48:15.438] <- S2C rel_entity_move
[17:48:15.439] <- S2C entity_move_look
[17:48:15.439] <- S2C entity_move_look
[17:48:15.439] <- S2C entity_move_look
[17:48:15.484] <- S2C entity_move_look
[17:48:15.485] <- S2C rel_entity_move
[17:48:15.485] <- S2C rel_entity_move
[17:48:15.485] <- S2C rel_entity_move
[17:48:15.485] <- S2C entity_move_look
[17:48:15.486] <- S2C entity_move_look
[17:48:15.562] <- S2C entity_move_look
[17:48:15.562] <- S2C rel_entity_move
[17:48:15.562] <- S2C rel_entity_move
[17:48:15.562] <- S2C entity_move_look
[17:48:15.563] <- S2C entity_move_look
[17:48:15.563] <- S2C entity_move_look
[17:48:15.563] <- S2C entity_move_look
[17:48:15.622] <- S2C entity_move_look
[17:48:15.623] <- S2C rel_entity_move
[17:48:15.623] <- S2C entity_move_look
[17:48:15.666] <- S2C entity_move_look
[17:48:15.666] <- S2C rel_entity_move
[17:48:15.666] <- S2C rel_entity_move
[17:48:15.667] <- S2C rel_entity_move
[17:48:15.667] <- S2C rel_entity_move
[17:48:15.667] <- S2C entity_move_look
[17:48:15.667] <- S2C entity_move_look
[17:48:15.717] <- S2C entity_move_look
[17:48:15.717] <- S2C rel_entity_move
[17:48:15.717] <- S2C entity_move_look
[17:48:15.718] <- S2C rel_entity_move
[17:48:15.718] <- S2C entity_move_look
[17:48:15.718] <- S2C rel_entity_move
[17:48:15.761] <- S2C rel_entity_move
[17:48:15.761] <- S2C entity_move_look
[17:48:15.762] <- S2C entity_move_look
[17:48:15.762] <- S2C entity_move_look
[17:48:15.810] <- S2C rel_entity_move
[17:48:15.810] <- S2C entity_move_look
[17:48:15.811] <- S2C rel_entity_move
[17:48:15.811] <- S2C entity_move_look
[17:48:15.811] <- S2C rel_entity_move
[17:48:15.812] <- S2C rel_entity_move
[17:48:15.812] <- S2C entity_move_look
[17:48:15.812] <- S2C entity_move_look
[17:48:15.860] <- S2C rel_entity_move
[17:48:15.861] <- S2C rel_entity_move
[17:48:15.861] <- S2C rel_entity_move
[17:48:15.861] <- S2C rel_entity_move
[17:48:15.861] <- S2C rel_entity_move
[17:48:15.862] <- S2C entity_move_look
[17:48:15.862] <- S2C entity_move_look
[17:48:15.906] <- S2C entity_move_look
[17:48:15.907] <- S2C entity_move_look
[17:48:15.907] <- S2C rel_entity_move
[17:48:15.944] <- S2C entity_move_look
[17:48:15.945] <- S2C rel_entity_move
[17:48:15.945] <- S2C rel_entity_move
[17:48:15.945] <- S2C rel_entity_move
[17:48:15.945] <- S2C rel_entity_move
[17:48:15.946] <- S2C entity_move_look
[17:48:15.946] <- S2C entity_move_look
[17:48:15.991] <- S2C rel_entity_move
[17:48:15.991] <- S2C rel_entity_move
[17:48:15.992] <- S2C rel_entity_move
[17:48:15.992] <- S2C entity_move_look
[17:48:15.992] <- S2C entity_move_look
[17:48:15.992] <- S2C rel_entity_move
[17:48:16.037] <- S2C entity_move_look
[17:48:16.038] <- S2C entity_move_look
[17:48:16.038] <- S2C entity_move_look
[17:48:16.094] <- S2C rel_entity_move
[17:48:16.095] <- S2C rel_entity_move
[17:48:16.095] <- S2C rel_entity_move
[17:48:16.095] <- S2C entity_move_look
[17:48:16.096] <- S2C rel_entity_move
[17:48:16.096] <- S2C entity_move_look
[17:48:16.161] <- S2C rel_entity_move
[17:48:16.162] <- S2C rel_entity_move
[17:48:16.162] <- S2C entity_move_look
[17:48:16.163] <- S2C rel_entity_move
[17:48:16.163] <- S2C rel_entity_move
[17:48:16.163] <- S2C entity_move_look
[17:48:16.213] <- S2C entity_move_look
[17:48:16.214] <- S2C rel_entity_move
[17:48:16.214] <- S2C rel_entity_move
[17:48:16.265] <- S2C entity_move_look
[17:48:16.266] <- S2C rel_entity_move
[17:48:16.266] <- S2C rel_entity_move
[17:48:16.267] <- S2C rel_entity_move
[17:48:16.267] <- S2C rel_entity_move
[17:48:16.267] <- S2C entity_move_look
[17:48:16.268] <- S2C entity_move_look
[17:48:16.268] <- S2C sync_entity_position id=55961413 change=undefined rel=undefined
[17:48:16.330] <- S2C entity_move_look
[17:48:16.331] <- S2C rel_entity_move
[17:48:16.331] <- S2C entity_move_look
[17:48:16.331] <- S2C rel_entity_move
[17:48:16.331] <- S2C entity_move_look
[17:48:16.332] <- S2C entity_move_look
[17:48:16.332] <- S2C entity_move_look
[17:48:16.382] <- S2C entity_move_look
[17:48:16.383] <- S2C entity_move_look
[17:48:16.383] <- S2C entity_move_look
[17:48:16.462] <- S2C entity_move_look
[17:48:16.463] <- S2C entity_move_look
[17:48:16.463] <- S2C rel_entity_move
[17:48:16.464] <- S2C entity_move_look
[17:48:16.464] <- S2C entity_move_look
[17:48:16.464] <- S2C entity_move_look
[17:48:16.495] <- S2C rel_entity_move
[17:48:16.495] <- S2C entity_move_look
[17:48:16.496] <- S2C rel_entity_move
[17:48:16.496] <- S2C entity_move_look
[17:48:16.496] <- S2C entity_move_look
[17:48:16.496] <- S2C entity_move_look
[17:48:16.497] <- S2C rel_entity_move
[17:48:16.533] <- S2C rel_entity_move
[17:48:16.533] <- S2C rel_entity_move
[17:48:16.534] <- S2C rel_entity_move
[17:48:16.568] <- S2C rel_entity_move
[17:48:16.569] <- S2C rel_entity_move
[17:48:16.569] <- S2C rel_entity_move
[17:48:16.569] <- S2C entity_move_look
[17:48:16.570] <- S2C rel_entity_move
[17:48:16.570] <- S2C entity_move_look
[17:48:16.620] <- S2C rel_entity_move
[17:48:16.620] <- S2C rel_entity_move
[17:48:16.620] <- S2C rel_entity_move
[17:48:16.620] <- S2C entity_move_look
[17:48:16.621] <- S2C rel_entity_move
[17:48:16.621] <- S2C rel_entity_move
[17:48:16.621] <- S2C rel_entity_move
[17:48:16.702] <- S2C sync_entity_position id=53429797 change=undefined rel=undefined
[17:48:16.703] <- S2C entity_move_look
[17:48:16.703] <- S2C rel_entity_move
[17:48:16.703] <- S2C entity_move_look
[17:48:16.704] <- S2C sync_entity_position id=55357119 change=undefined rel=undefined
[17:48:16.735] <- S2C entity_move_look
[17:48:16.736] <- S2C rel_entity_move
[17:48:16.736] <- S2C rel_entity_move
[17:48:16.737] <- S2C entity_move_look
[17:48:16.737] <- S2C entity_move_look
[17:48:16.771] <- S2C rel_entity_move
[17:48:16.771] <- S2C entity_move_look
[17:48:16.772] <- S2C entity_move_look
[17:48:16.772] <- S2C entity_move_look
[17:48:16.772] <- S2C entity_move_look
[17:48:16.772] <- S2C entity_move_look
[17:48:16.773] <- S2C entity_move_look
[17:48:16.811] <- S2C entity_move_look
[17:48:16.812] <- S2C rel_entity_move
[17:48:16.812] <- S2C entity_move_look
[17:48:16.846] <- S2C entity_move_look
[17:48:16.846] <- S2C entity_move_look
[17:48:16.847] <- S2C entity_move_look
[17:48:16.848] <- S2C rel_entity_move
[17:48:16.848] <- S2C rel_entity_move
[17:48:16.848] <- S2C entity_move_look
[17:48:16.849] <- S2C rel_entity_move
[17:48:16.849] <- S2C sync_entity_position id=55732543 change=undefined rel=undefined
[17:48:16.893] <- S2C rel_entity_move
[17:48:16.894] <- S2C entity_move_look
[17:48:16.894] <- S2C entity_move_look
[17:48:16.894] <- S2C rel_entity_move
[17:48:16.894] <- S2C rel_entity_move
[17:48:16.895] <- S2C entity_move_look
[17:48:16.920] <- S2C entity_move_look
[17:48:16.920] <- S2C rel_entity_move
[17:48:16.920] <- S2C rel_entity_move
[17:48:16.920] <- S2C entity_move_look
[17:48:16.957] <- S2C rel_entity_move
[17:48:16.957] <- S2C rel_entity_move
[17:48:16.957] <- S2C rel_entity_move
[17:48:16.958] <- S2C rel_entity_move
[17:48:16.958] <- S2C rel_entity_move
[17:48:16.958] <- S2C rel_entity_move
[17:48:16.992] <- S2C entity_move_look
[17:48:16.993] <- S2C entity_move_look
[17:48:16.993] <- S2C rel_entity_move
[17:48:16.993] <- S2C entity_move_look
[17:48:16.994] <- S2C rel_entity_move
[17:48:16.994] <- S2C entity_move_look
[17:48:17.100] <- S2C rel_entity_move
[17:48:17.100] <- S2C rel_entity_move
[17:48:17.100] <- S2C rel_entity_move
[17:48:17.101] <- S2C rel_entity_move
[17:48:17.152] <- S2C rel_entity_move
[17:48:17.153] <- S2C rel_entity_move
[17:48:17.153] <- S2C rel_entity_move
[17:48:17.153] <- S2C rel_entity_move
[17:48:17.153] <- S2C entity_move_look
[17:48:17.154] <- S2C rel_entity_move
[17:48:17.203] <- S2C rel_entity_move
[17:48:17.204] <- S2C entity_move_look
[17:48:17.204] <- S2C entity_move_look
[17:48:17.205] <- S2C rel_entity_move
[17:48:17.205] <- S2C entity_move_look
[17:48:17.205] <- S2C entity_move_look
[17:48:17.250] <- S2C rel_entity_move
[17:48:17.251] <- S2C rel_entity_move
[17:48:17.251] <- S2C rel_entity_move
[17:48:17.251] <- S2C rel_entity_move
[17:48:17.252] <- S2C sync_entity_position id=55853074 change=undefined rel=undefined
[17:48:17.300] <- S2C rel_entity_move
[17:48:17.301] <- S2C rel_entity_move
[17:48:17.301] <- S2C rel_entity_move
[17:48:17.301] <- S2C rel_entity_move
[17:48:17.301] <- S2C rel_entity_move
[17:48:17.302] <- S2C rel_entity_move
[17:48:17.370] <- S2C rel_entity_move
[17:48:17.370] <- S2C rel_entity_move
[17:48:17.370] <- S2C rel_entity_move
[17:48:17.370] <- S2C rel_entity_move
[17:48:17.371] <- S2C entity_move_look
[17:48:17.371] <- S2C entity_move_look
[17:48:17.371] <- S2C entity_move_look
[17:48:17.397] <- S2C entity_move_look
[17:48:17.397] <- S2C rel_entity_move
[17:48:17.397] <- S2C rel_entity_move
[17:48:17.435] <- S2C rel_entity_move
[17:48:17.436] <- S2C entity_move_look
[17:48:17.436] <- S2C rel_entity_move
[17:48:17.436] <- S2C entity_move_look
[17:48:17.436] <- S2C entity_move_look
[17:48:17.481] <- S2C entity_move_look
[17:48:17.482] <- S2C rel_entity_move
[17:48:17.482] <- S2C entity_move_look
[17:48:17.482] <- S2C entity_move_look
[17:48:17.482] <- S2C rel_entity_move
[17:48:17.483] <- S2C rel_entity_move
[17:48:17.525] <- S2C entity_move_look
[17:48:17.526] <- S2C rel_entity_move
[17:48:17.526] <- S2C rel_entity_move
[17:48:17.526] <- S2C entity_move_look
[17:48:17.526] <- S2C sync_entity_position id=55773375 change=undefined rel=undefined
[17:48:17.574] <- S2C rel_entity_move
[17:48:17.574] <- S2C rel_entity_move
[17:48:17.609] <- S2C rel_entity_move
[17:48:17.610] <- S2C rel_entity_move
[17:48:17.610] <- S2C entity_move_look
[17:48:17.610] <- S2C rel_entity_move
[17:48:17.610] <- S2C rel_entity_move
[17:48:17.610] <- S2C entity_move_look
[17:48:17.649] <- S2C rel_entity_move
[17:48:17.690] <- S2C entity_move_look
[17:48:17.690] <- S2C rel_entity_move
[17:48:17.691] <- S2C rel_entity_move
[17:48:17.729] <- S2C entity_move_look
[17:48:17.729] <- S2C rel_entity_move
[17:48:17.730] <- S2C rel_entity_move
[17:48:17.730] <- S2C entity_move_look
[17:48:17.730] <- S2C rel_entity_move
[17:48:17.768] <- S2C entity_move_look
[17:48:17.768] <- S2C rel_entity_move
[17:48:17.824] <- S2C entity_move_look
[17:48:17.824] <- S2C rel_entity_move
[17:48:17.858] <- S2C entity_move_look
[17:48:17.858] <- S2C entity_move_look
[17:48:17.858] <- S2C entity_move_look
[17:48:17.859] <- S2C entity_move_look
[17:48:17.859] <- S2C rel_entity_move
[17:48:17.859] <- S2C rel_entity_move
[17:48:17.898] <- S2C rel_entity_move
[17:48:18.027] <- S2C rel_entity_move
[17:48:18.027] <- S2C rel_entity_move
[17:48:18.073] <- S2C rel_entity_move
[17:48:18.074] <- S2C entity_move_look
[17:48:18.074] <- S2C entity_move_look
[17:48:18.074] <- S2C entity_move_look
[17:48:18.075] <- S2C entity_move_look
[17:48:18.115] <- S2C rel_entity_move
[17:48:18.157] <- S2C rel_entity_move
[17:48:18.157] <- S2C rel_entity_move
[17:48:18.194] <- S2C rel_entity_move
[17:48:18.195] <- S2C entity_move_look
[17:48:18.195] <- S2C entity_move_look
[17:48:18.195] <- S2C rel_entity_move
[17:48:18.196] <- S2C rel_entity_move
[17:48:18.254] <- S2C rel_entity_move
[17:48:18.299] <- S2C rel_entity_move
[17:48:18.300] <- S2C entity_move_look
[17:48:18.344] <- S2C rel_entity_move
[17:48:18.344] <- S2C rel_entity_move
[17:48:18.345] <- S2C entity_move_look
[17:48:18.345] <- S2C rel_entity_move
[17:48:18.345] <- S2C rel_entity_move
[17:48:18.358] <- S2C rel_entity_move
[17:48:18.441] <- S2C rel_entity_move
[17:48:18.441] <- S2C rel_entity_move
[17:48:18.441] <- S2C sync_entity_position id=56095066 change=undefined rel=undefined
[17:48:18.442] <- S2C sync_entity_position id=56095067 change=undefined rel=undefined
[17:48:18.482] <- S2C rel_entity_move
[17:48:18.482] <- S2C entity_move_look
[17:48:18.482] <- S2C rel_entity_move
[17:48:18.483] <- S2C entity_move_look
[17:48:18.483] <- S2C entity_move_look
[17:48:18.483] <- S2C rel_entity_move
[17:48:18.526] <- S2C entity_move_look
[17:48:18.561] <- S2C rel_entity_move
[17:48:18.561] <- S2C entity_move_look
[17:48:18.604] <- S2C rel_entity_move
[17:48:18.605] <- S2C rel_entity_move
[17:48:18.605] <- S2C rel_entity_move
[17:48:18.605] <- S2C rel_entity_move
[17:48:18.606] <- S2C entity_move_look
[17:48:18.643] <- S2C entity_move_look
[17:48:18.683] <- S2C rel_entity_move
[17:48:18.683] <- S2C entity_move_look
[17:48:18.728] <- S2C entity_move_look
[17:48:18.729] <- S2C rel_entity_move
[17:48:18.729] <- S2C entity_move_look
[17:48:18.729] <- S2C entity_move_look
[17:48:18.766] <- S2C entity_move_look
[17:48:18.810] <- S2C rel_entity_move
[17:48:18.810] <- S2C rel_entity_move
[17:48:18.852] <- S2C rel_entity_move
[17:48:18.853] <- S2C rel_entity_move
[17:48:18.853] <- S2C entity_move_look
[17:48:18.854] <- S2C rel_entity_move
[17:48:18.899] <- S2C rel_entity_move
[17:48:18.899] <- S2C rel_entity_move
[17:48:18.956] <- S2C rel_entity_move
[17:48:18.957] <- S2C rel_entity_move
[17:48:19.024] <- S2C entity_move_look
[17:48:19.024] <- S2C rel_entity_move
[17:48:19.025] <- S2C rel_entity_move
[17:48:19.025] <- S2C entity_move_look
[17:48:19.077] <- S2C rel_entity_move
[17:48:19.129] <- S2C rel_entity_move
[17:48:19.129] <- S2C rel_entity_move
[17:48:19.189] <- S2C rel_entity_move
[17:48:19.190] <- S2C entity_move_look
[17:48:19.190] <- S2C entity_move_look
[17:48:19.191] <- S2C rel_entity_move
[17:48:19.243] <- S2C rel_entity_move
[17:48:19.303] <- S2C rel_entity_move
[17:48:19.303] <- S2C rel_entity_move
[17:48:19.354] <- S2C rel_entity_move
[17:48:19.355] <- S2C rel_entity_move
[17:48:19.355] <- S2C entity_move_look
[17:48:19.355] <- S2C entity_move_look
[17:48:19.427] <- S2C entity_move_look
[17:48:19.428] <- S2C rel_entity_move
[17:48:19.472] <- S2C rel_entity_move
[17:48:19.473] <- S2C rel_entity_move
[17:48:19.519] <- S2C rel_entity_move
[17:48:19.519] <- S2C rel_entity_move
[17:48:19.520] <- S2C entity_move_look
[17:48:19.520] <- S2C entity_move_look
[17:48:19.602] <- S2C rel_entity_move
[17:48:19.602] <- S2C rel_entity_move
[17:48:19.603] <- S2C rel_entity_move
[17:48:19.682] <- S2C rel_entity_move
[17:48:19.682] <- S2C rel_entity_move
[17:48:19.737] <- S2C rel_entity_move
[17:48:19.738] <- S2C rel_entity_move
[17:48:19.738] <- S2C rel_entity_move
[17:48:19.738] <- S2C rel_entity_move
[17:48:19.739] <- S2C rel_entity_move
[17:48:19.792] <- S2C rel_entity_move
[17:48:19.792] <- S2C entity_move_look
[17:48:19.842] <- S2C rel_entity_move
[17:48:19.843] <- S2C rel_entity_move
[17:48:19.886] <- S2C entity_move_look
[17:48:19.886] <- S2C rel_entity_move
[17:48:19.886] <- S2C rel_entity_move
[17:48:19.887] <- S2C rel_entity_move
[17:48:19.887] <- S2C rel_entity_move
[17:48:19.930] <- S2C entity_move_look
[17:48:19.930] <- S2C entity_move_look
[17:48:19.983] <- S2C rel_entity_move
[17:48:19.983] <- S2C rel_entity_move
[17:48:20.047] <- S2C rel_entity_move
[17:48:20.048] <- S2C entity_move_look
[17:48:20.048] <- S2C entity_move_look
[17:48:20.048] <- S2C rel_entity_move
[17:48:20.196] <- S2C rel_entity_move
[17:48:20.196] <- S2C rel_entity_move
[17:48:20.196] <- S2C rel_entity_move
[17:48:20.266] <- S2C rel_entity_move
[17:48:20.266] <- S2C rel_entity_move
[17:48:20.369] <- S2C rel_entity_move
[17:48:20.369] <- S2C rel_entity_move
[17:48:20.370] <- S2C rel_entity_move
[17:48:20.370] <- S2C rel_entity_move
[17:48:20.371] <- S2C rel_entity_move
[17:48:20.391] <- S2C rel_entity_move
[17:48:20.391] <- S2C entity_move_look
[17:48:20.444] <- S2C rel_entity_move
[17:48:20.444] <- S2C rel_entity_move
[17:48:20.494] <- S2C entity_move_look
[17:48:20.494] <- S2C rel_entity_move
[17:48:20.494] <- S2C rel_entity_move
[17:48:20.495] <- S2C rel_entity_move
[17:48:20.495] <- S2C rel_entity_move
[17:48:20.577] <- S2C entity_move_look
[17:48:20.578] <- S2C entity_move_look
[17:48:20.626] <- S2C rel_entity_move
[17:48:20.626] <- S2C rel_entity_move
[17:48:20.733] <- S2C entity_move_look
[17:48:20.733] <- S2C entity_move_look
[17:48:20.734] <- S2C rel_entity_move
[17:48:20.734] <- S2C rel_entity_move
[17:48:20.743] <- S2C entity_move_look
[17:48:20.744] <- S2C entity_move_look
[17:48:20.744] <- S2C rel_entity_move
[17:48:20.745] <- S2C rel_entity_move
[17:48:20.802] <- S2C rel_entity_move
[17:48:20.803] <- S2C rel_entity_move
[17:48:20.849] <- S2C rel_entity_move
[17:48:20.849] <- S2C entity_move_look
[17:48:20.849] <- S2C entity_move_look
[17:48:20.850] <- S2C entity_move_look
[17:48:20.850] <- S2C rel_entity_move
[17:48:20.904] <- S2C rel_entity_move
[17:48:20.905] <- S2C rel_entity_move
[17:48:20.905] <- S2C entity_move_look
[17:48:20.966] <- S2C rel_entity_move
[17:48:20.966] <- S2C rel_entity_move
[17:48:21.025] <- S2C rel_entity_move
[17:48:21.026] <- S2C rel_entity_move
[17:48:21.026] <- S2C rel_entity_move
[17:48:21.026] <- S2C entity_move_look
[17:48:21.027] <- S2C rel_entity_move
[17:48:21.074] <- S2C entity_move_look
[17:48:21.074] <- S2C entity_move_look
[17:48:21.074] <- S2C rel_entity_move
[17:48:21.135] <- S2C rel_entity_move
[17:48:21.135] <- S2C rel_entity_move
[17:48:21.191] <- S2C rel_entity_move
[17:48:21.191] <- S2C rel_entity_move
[17:48:21.192] <- S2C rel_entity_move
[17:48:21.192] <- S2C rel_entity_move
[17:48:21.229] <- S2C entity_move_look
[17:48:21.230] <- S2C rel_entity_move
[17:48:21.230] <- S2C entity_move_look
[17:48:21.231] <- S2C rel_entity_move
[17:48:21.293] <- S2C rel_entity_move
[17:48:21.293] <- S2C rel_entity_move
[17:48:21.351] <- S2C rel_entity_move
[17:48:21.352] <- S2C rel_entity_move
[17:48:21.352] <- S2C entity_move_look
[17:48:21.352] <- S2C rel_entity_move
[17:48:21.353] <- S2C rel_entity_move
[17:48:21.454] <- S2C rel_entity_move
[17:48:21.454] <- S2C rel_entity_move
[17:48:21.455] <- S2C entity_move_look
[17:48:21.470] <- S2C rel_entity_move
[17:48:21.471] <- S2C rel_entity_move
[17:48:21.506] <- S2C rel_entity_move
[17:48:21.506] <- S2C rel_entity_move
[17:48:21.506] <- S2C rel_entity_move
[17:48:21.507] <- S2C rel_entity_move
[17:48:21.507] <- S2C rel_entity_move
[17:48:21.551] <- S2C rel_entity_move
[17:48:21.551] <- S2C entity_move_look
[17:48:21.551] <- S2C entity_move_look
[17:48:21.601] <- S2C rel_entity_move
[17:48:21.601] <- S2C rel_entity_move
[17:48:21.644] <- S2C rel_entity_move
[17:48:21.644] <- S2C rel_entity_move
[17:48:21.645] <- S2C rel_entity_move
[17:48:21.645] <- S2C rel_entity_move
[17:48:21.693] <- S2C rel_entity_move
[17:48:21.694] <- S2C rel_entity_move
[17:48:21.694] <- S2C entity_move_look
[17:48:21.745] <- S2C rel_entity_move
[17:48:21.745] <- S2C rel_entity_move
[17:48:21.746] <- S2C rel_entity_move
[17:48:21.746] <- S2C rel_entity_move
[17:48:21.792] <- S2C entity_move_look
[17:48:21.792] <- S2C rel_entity_move
[17:48:21.793] <- S2C entity_move_look
[17:48:21.793] <- S2C rel_entity_move
[17:48:21.793] <- S2C rel_entity_move
[17:48:21.875] <- S2C entity_move_look
[17:48:21.875] <- S2C entity_move_look
[17:48:21.876] <- S2C rel_entity_move
[17:48:21.971] <- S2C rel_entity_move
[17:48:21.972] <- S2C rel_entity_move
[17:48:22.033] <- S2C rel_entity_move
[17:48:22.033] <- S2C rel_entity_move
[17:48:22.034] <- S2C entity_move_look
[17:48:22.034] <- S2C rel_entity_move
[17:48:22.034] <- S2C rel_entity_move
[17:48:22.103] <- S2C rel_entity_move
[17:48:22.103] <- S2C rel_entity_move
[17:48:22.103] <- S2C entity_move_look
[17:48:22.157] <- S2C rel_entity_move
[17:48:22.226] <- S2C rel_entity_move
[17:48:22.226] <- S2C rel_entity_move
[17:48:22.226] <- S2C rel_entity_move
[17:48:22.227] <- S2C rel_entity_move
[17:48:22.274] <- S2C rel_entity_move
[17:48:22.274] <- S2C entity_move_look
[17:48:22.275] <- S2C rel_entity_move
[17:48:22.334] <- S2C rel_entity_move
[17:48:22.334] <- S2C rel_entity_move
[17:48:22.334] <- S2C rel_entity_move
[17:48:22.398] <- S2C rel_entity_move
[17:48:22.399] <- S2C rel_entity_move
[17:48:22.399] <- S2C entity_move_look
[17:48:22.399] <- S2C rel_entity_move
[17:48:22.400] <- S2C rel_entity_move
[17:48:22.491] <- S2C rel_entity_move
[17:48:22.491] <- S2C entity_move_look
[17:48:22.492] <- S2C entity_move_look
[17:48:22.530] <- S2C rel_entity_move
[17:48:22.591] <- S2C rel_entity_move
[17:48:22.591] <- S2C rel_entity_move
[17:48:22.592] <- S2C entity_move_look
[17:48:22.592] <- S2C rel_entity_move
[17:48:22.592] <- S2C rel_entity_move
[17:48:22.643] <- S2C rel_entity_move
[17:48:22.644] <- S2C rel_entity_move
[17:48:22.644] <- S2C entity_move_look
[17:48:22.703] <- S2C rel_entity_move
[17:48:22.748] <- S2C entity_move_look
[17:48:22.748] <- S2C rel_entity_move
[17:48:22.748] <- S2C rel_entity_move
[17:48:22.749] <- S2C rel_entity_move
[17:48:22.749] <- S2C entity_move_look
[17:48:22.799] <- S2C entity_move_look
[17:48:22.799] <- S2C entity_move_look
[17:48:22.800] <- S2C rel_entity_move
[17:48:22.869] <- S2C rel_entity_move
[17:48:22.870] <- S2C rel_entity_move
[17:48:22.870] <- S2C rel_entity_move
[17:48:22.915] <- S2C rel_entity_move
[17:48:22.916] <- S2C rel_entity_move
[17:48:22.916] <- S2C rel_entity_move
[17:48:22.917] <- S2C rel_entity_move
[17:48:22.917] <- S2C rel_entity_move
[17:48:22.917] <- S2C entity_move_look
[17:48:22.975] <- S2C rel_entity_move
[17:48:22.975] <- S2C rel_entity_move
[17:48:22.976] <- S2C entity_move_look
[17:48:23.015] <- S2C rel_entity_move
[17:48:23.015] <- S2C entity_move_look
[17:48:23.057] <- S2C rel_entity_move
[17:48:23.058] <- S2C rel_entity_move
[17:48:23.058] <- S2C rel_entity_move
[17:48:23.058] <- S2C rel_entity_move
[17:48:23.059] <- S2C rel_entity_move
[17:48:23.059] <- S2C rel_entity_move
[17:48:23.138] <- S2C rel_entity_move
[17:48:23.139] <- S2C entity_move_look
[17:48:23.139] <- S2C rel_entity_move
[17:48:23.139] <- S2C entity_move_look
[17:48:23.187] <- S2C rel_entity_move
[17:48:23.188] <- S2C rel_entity_move
[17:48:23.308] <- S2C entity_move_look
[17:48:23.308] <- S2C rel_entity_move
[17:48:23.309] <- S2C rel_entity_move
[17:48:23.309] <- S2C entity_move_look
[17:48:23.309] <- S2C entity_move_look
[17:48:23.352] <- S2C entity_move_look
[17:48:23.352] <- S2C rel_entity_move
[17:48:23.353] <- S2C rel_entity_move
[17:48:23.353] <- S2C rel_entity_move
[17:48:23.392] <- S2C rel_entity_move
[17:48:23.392] <- S2C entity_move_look
[17:48:23.487] <- S2C rel_entity_move
[17:48:23.488] <- S2C rel_entity_move
[17:48:23.488] <- S2C rel_entity_move
[17:48:23.488] <- S2C rel_entity_move
[17:48:23.488] <- S2C rel_entity_move
[17:48:23.500] <- S2C rel_entity_move
[17:48:23.500] <- S2C rel_entity_move
[17:48:23.500] <- S2C rel_entity_move
[17:48:23.501] <- S2C rel_entity_move
[17:48:23.529] <- S2C rel_entity_move
[17:48:23.529] <- S2C rel_entity_move
[17:48:23.574] <- S2C entity_move_look
[17:48:23.574] <- S2C rel_entity_move
[17:48:23.574] <- S2C rel_entity_move
[17:48:23.575] <- S2C rel_entity_move
[17:48:23.575] <- S2C rel_entity_move
[17:48:23.674] <- S2C rel_entity_move
[17:48:23.675] <- S2C entity_move_look
[17:48:23.675] <- S2C rel_entity_move
[17:48:23.676] <- S2C entity_move_look
[17:48:23.725] <- S2C rel_entity_move
[17:48:23.726] <- S2C entity_move_look
[17:48:23.778] <- S2C entity_move_look
[17:48:23.778] <- S2C entity_move_look
[17:48:23.779] <- S2C entity_move_look
[17:48:23.779] <- S2C rel_entity_move
[17:48:23.779] <- S2C entity_move_look
[17:48:23.779] <- S2C rel_entity_move
[17:48:23.825] <- S2C entity_move_look
[17:48:23.825] <- S2C rel_entity_move
[17:48:23.826] <- S2C entity_move_look
[17:48:23.826] <- S2C rel_entity_move
[17:48:23.878] <- S2C rel_entity_move
[17:48:23.878] <- S2C rel_entity_move
[17:48:23.925] <- S2C rel_entity_move
[17:48:23.925] <- S2C entity_move_look
[17:48:23.926] <- S2C rel_entity_move
[17:48:23.926] <- S2C rel_entity_move
[17:48:23.926] <- S2C rel_entity_move
[17:48:23.927] <- S2C rel_entity_move
[17:48:23.970] <- S2C entity_move_look
[17:48:23.970] <- S2C rel_entity_move
[17:48:23.971] <- S2C entity_move_look
[17:48:23.971] <- S2C rel_entity_move
[17:48:23.971] <- S2C entity_move_look
[17:48:24.016] <- S2C rel_entity_move
[17:48:24.016] <- S2C entity_move_look
[17:48:24.059] <- S2C rel_entity_move
[17:48:24.059] <- S2C entity_move_look
[17:48:24.060] <- S2C rel_entity_move
[17:48:24.060] <- S2C rel_entity_move
[17:48:24.060] <- S2C entity_move_look
[17:48:24.060] <- S2C rel_entity_move
[17:48:24.107] <- S2C entity_move_look
[17:48:24.107] <- S2C rel_entity_move
[17:48:24.107] <- S2C rel_entity_move
[17:48:24.108] <- S2C rel_entity_move
[17:48:24.108] <- S2C rel_entity_move
[17:48:24.153] <- S2C rel_entity_move
[17:48:24.154] <- S2C rel_entity_move
[17:48:24.231] <- S2C entity_move_look
[17:48:24.231] <- S2C rel_entity_move
[17:48:24.232] <- S2C rel_entity_move
[17:48:24.232] <- S2C rel_entity_move
[17:48:24.233] <- S2C rel_entity_move
[17:48:24.233] <- S2C rel_entity_move
[17:48:24.279] <- S2C rel_entity_move
[17:48:24.280] <- S2C rel_entity_move
[17:48:24.280] <- S2C entity_move_look
[17:48:24.280] <- S2C rel_entity_move
[17:48:24.280] <- S2C entity_move_look
[17:48:24.326] <- S2C rel_entity_move
[17:48:24.327] <- S2C rel_entity_move
[17:48:24.327] <- S2C entity_move_look
[17:48:24.327] <- S2C rel_entity_move
[17:48:24.410] <- S2C rel_entity_move
[17:48:24.411] <- S2C rel_entity_move
[17:48:24.411] <- S2C entity_move_look
[17:48:24.412] <- S2C rel_entity_move
[17:48:24.412] <- S2C entity_move_look
[17:48:24.412] <- S2C entity_move_look
[17:48:24.431] <- S2C entity_move_look
[17:48:24.432] <- S2C rel_entity_move
[17:48:24.432] <- S2C rel_entity_move
[17:48:24.433] <- S2C rel_entity_move
[17:48:24.433] <- S2C rel_entity_move
[17:48:24.433] <- S2C entity_move_look
[17:48:24.472] <- S2C rel_entity_move
[17:48:24.473] <- S2C rel_entity_move
[17:48:24.473] <- S2C entity_move_look
[17:48:24.473] <- S2C rel_entity_move
[17:48:24.520] <- S2C entity_move_look
[17:48:24.520] <- S2C entity_move_look
[17:48:24.520] <- S2C rel_entity_move
[17:48:24.521] <- S2C entity_move_look
[17:48:24.521] <- S2C entity_move_look
[17:48:24.521] <- S2C rel_entity_move
[17:48:24.521] <- S2C rel_entity_move
[17:48:24.565] <- S2C rel_entity_move
[17:48:24.566] <- S2C entity_move_look
[17:48:24.566] <- S2C entity_move_look
[17:48:24.567] <- S2C entity_move_look
[17:48:24.567] <- S2C entity_move_look
[17:48:24.611] <- S2C rel_entity_move
[17:48:24.612] <- S2C rel_entity_move
[17:48:24.612] <- S2C rel_entity_move
[17:48:24.612] <- S2C rel_entity_move
[17:48:24.665] <- S2C entity_move_look
[17:48:24.665] <- S2C entity_move_look
[17:48:24.666] <- S2C entity_move_look
[17:48:24.666] <- S2C entity_move_look
[17:48:24.667] <- S2C rel_entity_move
[17:48:24.722] <- S2C rel_entity_move
[17:48:24.723] <- S2C rel_entity_move
[17:48:24.723] <- S2C entity_move_look
[17:48:24.723] <- S2C rel_entity_move
[17:48:24.724] <- S2C rel_entity_move
[17:48:24.785] <- S2C entity_move_look
[17:48:24.786] <- S2C entity_move_look
[17:48:24.840] <- S2C entity_move_look
[17:48:24.840] <- S2C rel_entity_move
[17:48:24.841] <- S2C rel_entity_move
[17:48:24.841] <- S2C rel_entity_move
[17:48:24.841] <- S2C rel_entity_move
[17:48:24.898] <- S2C entity_move_look
[17:48:24.898] <- S2C rel_entity_move
[17:48:24.898] <- S2C rel_entity_move
[17:48:24.898] <- S2C rel_entity_move
[17:48:24.899] <- S2C rel_entity_move
[17:48:24.953] <- S2C entity_move_look
[17:48:24.954] <- S2C entity_move_look
[17:48:25.005] <- S2C entity_move_look
[17:48:25.005] <- S2C rel_entity_move
[17:48:25.005] <- S2C rel_entity_move
[17:48:25.006] <- S2C rel_entity_move
[17:48:25.006] <- S2C rel_entity_move
[17:48:25.067] <- S2C entity_move_look
[17:48:25.068] <- S2C rel_entity_move
[17:48:25.068] <- S2C rel_entity_move
[17:48:25.068] <- S2C rel_entity_move
[17:48:25.068] <- S2C entity_move_look
[17:48:25.068] <- S2C entity_move_look
[17:48:25.069] <- S2C rel_entity_move
[17:48:25.116] <- S2C rel_entity_move
[17:48:25.117] <- S2C rel_entity_move
[17:48:25.117] <- S2C entity_move_look
[17:48:25.117] <- S2C rel_entity_move
[17:48:25.163] <- S2C entity_move_look
[17:48:25.164] <- S2C rel_entity_move
[17:48:25.164] <- S2C entity_move_look
[17:48:25.164] <- S2C entity_move_look
[17:48:25.164] <- S2C rel_entity_move
[17:48:25.165] <- S2C rel_entity_move
[17:48:25.246] <- S2C rel_entity_move
[17:48:25.247] <- S2C rel_entity_move
[17:48:25.247] <- S2C entity_move_look
[17:48:25.247] <- S2C rel_entity_move
[17:48:25.247] <- S2C entity_move_look
[17:48:25.302] <- S2C sync_entity_position id=55674814 change=undefined rel=undefined
[17:48:25.302] <- S2C rel_entity_move
[17:48:25.303] <- S2C rel_entity_move
[17:48:25.303] <- S2C entity_move_look
[17:48:25.303] <- S2C rel_entity_move
[17:48:25.356] <- S2C entity_move_look
[17:48:25.356] <- S2C rel_entity_move
[17:48:25.356] <- S2C rel_entity_move
[17:48:25.357] <- S2C rel_entity_move
[17:48:25.357] <- S2C rel_entity_move
[17:48:25.455] <- S2C entity_move_look
[17:48:25.455] <- S2C rel_entity_move
[17:48:25.456] <- S2C rel_entity_move
[17:48:25.456] <- S2C rel_entity_move
[17:48:25.456] <- S2C rel_entity_move
[17:48:25.457] <- S2C entity_move_look
[17:48:25.470] <- S2C rel_entity_move
[17:48:25.471] <- S2C rel_entity_move
[17:48:25.471] <- S2C rel_entity_move
[17:48:25.510] <- S2C entity_move_look
[17:48:25.511] <- S2C entity_move_look
[17:48:25.511] <- S2C entity_move_look
[17:48:25.511] <- S2C rel_entity_move
[17:48:25.512] <- S2C rel_entity_move
[17:48:25.563] <- S2C rel_entity_move
[17:48:25.563] <- S2C rel_entity_move
[17:48:25.564] <- S2C rel_entity_move
[17:48:25.564] <- S2C rel_entity_move
[17:48:25.565] <- S2C entity_move_look
[17:48:25.565] <- S2C rel_entity_move
[17:48:25.607] <- S2C entity_move_look
[17:48:25.607] <- S2C rel_entity_move
[17:48:25.608] <- S2C rel_entity_move
[17:48:25.608] <- S2C entity_move_look
[17:48:25.650] <- S2C entity_move_look
[17:48:25.651] <- S2C rel_entity_move
[17:48:25.651] <- S2C rel_entity_move
[17:48:25.651] <- S2C rel_entity_move
[17:48:25.693] <- S2C entity_move_look
[17:48:25.694] <- S2C rel_entity_move
[17:48:25.694] <- S2C entity_move_look
[17:48:25.694] <- S2C rel_entity_move
[17:48:25.694] <- S2C entity_move_look
[17:48:25.694] <- S2C rel_entity_move
[17:48:25.750] <- S2C entity_move_look
[17:48:25.751] <- S2C rel_entity_move
[17:48:25.751] <- S2C rel_entity_move
[17:48:25.751] <- S2C rel_entity_move
[17:48:25.752] <- S2C rel_entity_move
[17:48:25.809] <- S2C sync_entity_position id=55674814 change=undefined rel=undefined
[17:48:25.809] <- S2C entity_move_look
[17:48:25.810] <- S2C entity_move_look
[17:48:25.810] <- S2C rel_entity_move
[17:48:25.810] <- S2C rel_entity_move
[17:48:25.880] <- S2C rel_entity_move
[17:48:25.881] <- S2C rel_entity_move
[17:48:25.881] <- S2C rel_entity_move
[17:48:25.882] <- S2C rel_entity_move
[17:48:25.882] <- S2C entity_move_look
[17:48:25.882] <- S2C rel_entity_move
[17:48:25.882] <- S2C rel_entity_move
[17:48:25.932] <- S2C entity_move_look
[17:48:25.933] <- S2C rel_entity_move
[17:48:25.933] <- S2C entity_move_look
[17:48:25.933] <- S2C rel_entity_move
[17:48:25.934] <- S2C rel_entity_move
[17:48:26.004] <- S2C entity_move_look
[17:48:26.004] <- S2C entity_move_look
[17:48:26.005] <- S2C rel_entity_move
[17:48:26.005] <- S2C rel_entity_move
[17:48:26.056] <- S2C entity_move_look
[17:48:26.056] <- S2C rel_entity_move
[17:48:26.057] <- S2C rel_entity_move
[17:48:26.057] <- S2C rel_entity_move
[17:48:26.057] <- S2C rel_entity_move
[17:48:26.057] <- S2C entity_move_look
[17:48:26.058] <- S2C rel_entity_move
[17:48:26.109] <- S2C rel_entity_move
[17:48:26.109] <- S2C rel_entity_move
[17:48:26.109] <- S2C rel_entity_move
[17:48:26.174] <- S2C rel_entity_move
[17:48:26.175] <- S2C rel_entity_move
[17:48:26.175] <- S2C rel_entity_move
[17:48:26.175] <- S2C rel_entity_move
[17:48:26.176] <- S2C rel_entity_move
[17:48:26.176] <- S2C rel_entity_move
[17:48:26.176] <- S2C rel_entity_move
[17:48:26.274] <- S2C rel_entity_move
[17:48:26.274] <- S2C entity_move_look
[17:48:26.275] <- S2C rel_entity_move
[17:48:26.275] <- S2C entity_move_look
[17:48:26.275] <- S2C entity_move_look
[17:48:26.275] <- S2C entity_move_look
[17:48:26.334] <- S2C rel_entity_move
[17:48:26.335] <- S2C entity_move_look
[17:48:26.335] <- S2C rel_entity_move
[17:48:26.335] <- S2C rel_entity_move
[17:48:26.335] <- S2C rel_entity_move
[17:48:26.336] <- S2C rel_entity_move
[17:48:26.453] <- S2C sync_entity_position id=55674814 change=undefined rel=undefined
[17:48:26.454] <- S2C entity_move_look
[17:48:26.454] <- S2C rel_entity_move
[17:48:26.455] <- S2C rel_entity_move
[17:48:26.555] <- S2C entity_move_look
[17:48:26.555] <- S2C rel_entity_move
[17:48:26.555] <- S2C rel_entity_move
[17:48:26.555] <- S2C rel_entity_move
[17:48:26.556] <- S2C entity_move_look
[17:48:26.556] <- S2C rel_entity_move
[17:48:26.607] <- S2C entity_move_look
[17:48:26.607] <- S2C rel_entity_move
[17:48:26.607] <- S2C rel_entity_move
[17:48:26.608] <- S2C rel_entity_move
[17:48:26.608] <- S2C rel_entity_move
[17:48:26.646] <- S2C rel_entity_move
[17:48:26.646] <- S2C entity_move_look
[17:48:26.647] <- S2C rel_entity_move
[17:48:26.647] <- S2C entity_move_look
[17:48:26.647] <- S2C entity_move_look
[17:48:26.647] <- S2C rel_entity_move
[17:48:26.706] <- S2C rel_entity_move
[17:48:26.707] <- S2C rel_entity_move
[17:48:26.707] <- S2C entity_move_look
[17:48:26.707] <- S2C entity_move_look
[17:48:26.708] <- S2C rel_entity_move
[17:48:26.708] <- S2C rel_entity_move
[17:48:26.708] <- S2C rel_entity_move
[17:48:26.743] <- S2C entity_move_look
[17:48:26.743] <- S2C rel_entity_move
[17:48:26.743] <- S2C rel_entity_move
[17:48:26.744] <- S2C rel_entity_move
[17:48:26.744] <- S2C rel_entity_move
[17:48:26.786] <- S2C rel_entity_move
[17:48:26.786] <- S2C rel_entity_move
[17:48:26.786] <- S2C rel_entity_move
[17:48:26.787] <- S2C rel_entity_move
[17:48:26.833] <- S2C entity_move_look
[17:48:26.834] <- S2C rel_entity_move
[17:48:26.834] <- S2C rel_entity_move
[17:48:26.834] <- S2C rel_entity_move
[17:48:26.834] <- S2C rel_entity_move
[17:48:26.835] <- S2C rel_entity_move
[17:48:26.876] <- S2C rel_entity_move
[17:48:26.876] <- S2C rel_entity_move
[17:48:26.876] <- S2C rel_entity_move
[17:48:26.877] <- S2C entity_move_look
[17:48:26.921] <- S2C sync_entity_position id=55674814 change=undefined rel=undefined
[17:48:26.922] <- S2C entity_move_look
[17:48:26.922] <- S2C rel_entity_move
[17:48:26.922] <- S2C rel_entity_move
[17:48:26.922] <- S2C rel_entity_move
[17:48:27.045] <- S2C entity_move_look
[17:48:27.045] <- S2C rel_entity_move
[17:48:27.045] <- S2C rel_entity_move
[17:48:27.046] <- S2C rel_entity_move
[17:48:27.046] <- S2C entity_move_look
[17:48:27.046] <- S2C rel_entity_move
[17:48:27.113] <- S2C entity_move_look
[17:48:27.113] <- S2C rel_entity_move
[17:48:27.114] <- S2C entity_move_look
[17:48:27.114] <- S2C rel_entity_move
[17:48:27.114] <- S2C rel_entity_move
[17:48:27.170] <- S2C rel_entity_move
[17:48:27.170] <- S2C rel_entity_move
[17:48:27.171] <- S2C entity_move_look
[17:48:27.171] <- S2C rel_entity_move
[17:48:27.172] <- S2C rel_entity_move
[17:48:27.381] <- S2C rel_entity_move
[17:48:27.382] <- S2C entity_move_look
[17:48:27.382] <- S2C rel_entity_move
[17:48:27.382] <- S2C rel_entity_move
[17:48:27.383] <- S2C rel_entity_move
[17:48:27.383] <- S2C rel_entity_move
[17:48:27.383] <- S2C rel_entity_move
[17:48:27.383] <- S2C rel_entity_move
[17:48:27.384] <- S2C rel_entity_move
[17:48:27.384] <- S2C sync_entity_position id=56461492 change=undefined rel=undefined
[17:48:27.385] <- S2C sync_entity_position id=55735412 change=undefined rel=undefined
[17:48:27.494] <- S2C rel_entity_move
[17:48:27.494] <- S2C rel_entity_move
[17:48:27.494] <- S2C rel_entity_move
[17:48:27.495] <- S2C rel_entity_move
[17:48:27.498] <- S2C rel_entity_move
[17:48:27.499] <- S2C rel_entity_move
[17:48:27.499] <- S2C rel_entity_move
[17:48:27.499] <- S2C rel_entity_move
[17:48:27.499] <- S2C rel_entity_move
[17:48:27.499] <- S2C rel_entity_move
[17:48:27.500] <- S2C rel_entity_move
[17:48:27.500] <- S2C rel_entity_move
[17:48:27.544] <- S2C rel_entity_move
[17:48:27.545] <- S2C rel_entity_move
[17:48:27.546] <- S2C rel_entity_move
[17:48:27.546] <- S2C rel_entity_move
[17:48:27.547] <- S2C rel_entity_move
[17:48:27.547] <- S2C rel_entity_move
[17:48:27.548] <- S2C entity_move_look
[17:48:27.594] <- S2C rel_entity_move
[17:48:27.595] <- S2C entity_move_look
[17:48:27.595] <- S2C rel_entity_move
[17:48:27.633] <- S2C rel_entity_move
[17:48:27.633] <- S2C entity_move_look
[17:48:27.634] <- S2C rel_entity_move
[17:48:27.634] <- S2C rel_entity_move
[17:48:27.634] <- S2C rel_entity_move
[17:48:27.677] <- S2C rel_entity_move
[17:48:27.677] <- S2C entity_move_look
[17:48:27.678] <- S2C rel_entity_move
[17:48:27.678] <- S2C rel_entity_move
[17:48:27.678] <- S2C rel_entity_move
[17:48:27.679] <- S2C rel_entity_move
[17:48:27.679] <- S2C rel_entity_move
[17:48:27.730] <- S2C rel_entity_move
[17:48:27.731] <- S2C rel_entity_move
[17:48:27.773] <- S2C rel_entity_move
[17:48:27.773] <- S2C entity_move_look
[17:48:27.773] <- S2C rel_entity_move
[17:48:27.774] <- S2C rel_entity_move
[17:48:27.774] <- S2C rel_entity_move
[17:48:27.823] <- S2C rel_entity_move
[17:48:27.823] <- S2C rel_entity_move
[17:48:27.823] <- S2C rel_entity_move
[17:48:27.824] <- S2C rel_entity_move
[17:48:27.824] <- S2C rel_entity_move
[17:48:27.825] <- S2C rel_entity_move
[17:48:27.825] <- S2C rel_entity_move
[17:48:27.825] <- S2C rel_entity_move
[17:48:27.883] <- S2C rel_entity_move
[17:48:27.883] <- S2C rel_entity_move
[17:48:27.884] <- S2C rel_entity_move
[17:48:27.884] <- S2C entity_move_look
[17:48:27.884] <- S2C rel_entity_move
[17:48:27.925] <- S2C rel_entity_move
[17:48:27.925] <- S2C entity_move_look
[17:48:27.926] <- S2C rel_entity_move
[17:48:27.926] <- S2C entity_move_look
[17:48:27.972] <- S2C entity_move_look
[17:48:27.973] <- S2C rel_entity_move
[17:48:27.973] <- S2C rel_entity_move
[17:48:27.973] <- S2C rel_entity_move
[17:48:27.973] <- S2C entity_move_look
[17:48:27.974] <- S2C entity_move_look
[17:48:28.019] <- S2C entity_move_look
[17:48:28.019] <- S2C entity_move_look
[17:48:28.020] <- S2C rel_entity_move
[17:48:28.020] <- S2C position pos={"teleportId":-769065941,"x":6289.5,"y":76,"z":-3434.5,"dx":0,"dy":0,"dz":0,"yaw":0,"pitch":0,"flags":{"_value":24,"x":false,"y":false,"z":false,"yaw":true,"pitch":true,"dx":false,"dy":false,"dz":false,"yawDelta":false}} relatives=undefined teleportId=-769065941
[17:48:28.083] <- S2C entity_move_look
[17:48:28.084] <- S2C entity_move_look
[17:48:28.084] <- S2C entity_move_look
[17:48:28.084] <- S2C rel_entity_move
[17:48:28.084] <- S2C rel_entity_move
[17:48:28.085] <- S2C rel_entity_move
[17:48:28.125] <- S2C rel_entity_move
[17:48:28.126] <- S2C rel_entity_move
[17:48:28.126] <- S2C rel_entity_move
[17:48:28.126] <- S2C entity_move_look
[17:48:28.126] <- S2C rel_entity_move
[17:48:28.127] <- S2C rel_entity_move
[17:48:28.127] <- S2C rel_entity_move
[17:48:28.127] <- S2C entity_move_look
[17:48:28.172] <- S2C entity_move_look
[17:48:28.172] <- S2C entity_move_look
[17:48:28.173] <- S2C rel_entity_move
[17:48:28.173] <- S2C rel_entity_move
[17:48:28.213] <- S2C rel_entity_move
[17:48:28.213] <- S2C rel_entity_move
[17:48:28.213] <- S2C rel_entity_move
[17:48:28.214] <- S2C rel_entity_move
[17:48:28.214] <- S2C sync_entity_position id=56475224 change=undefined rel=undefined
[17:48:28.222] <- S2C rel_entity_move
[17:48:28.223] <- S2C rel_entity_move
[17:48:28.223] <- S2C rel_entity_move
[17:48:28.223] <- S2C rel_entity_move
[17:48:28.223] <- S2C rel_entity_move
[17:48:28.224] <- S2C rel_entity_move
[17:48:28.224] <- S2C entity_move_look
[17:48:28.224] <- S2C rel_entity_move
[17:48:28.224] <- S2C rel_entity_move
[17:48:28.225] <- S2C rel_entity_move
[17:48:28.225] <- S2C position pos={"teleportId":-578415710,"x":6289.5,"y":76,"z":-3434.5,"dx":0,"dy":0,"dz":0,"yaw":0,"pitch":0,"flags":{"_value":24,"x":false,"y":false,"z":false,"yaw":true,"pitch":true,"dx":false,"dy":false,"dz":false,"yawDelta":false}} relatives=undefined teleportId=-578415710
[17:48:28.294] <- S2C rel_entity_move
[17:48:28.294] <- S2C entity_move_look
[17:48:28.295] <- S2C rel_entity_move
[17:48:28.334] <- S2C entity_move_look
[17:48:28.335] <- S2C rel_entity_move
[17:48:28.335] <- S2C rel_entity_move
[17:48:28.335] <- S2C entity_move_look
[17:48:28.335] <- S2C entity_move_look
[17:48:28.336] <- S2C rel_entity_move
[17:48:28.336] <- S2C sync_entity_position id=56475224 change=undefined rel=undefined
[17:48:28.336] <- S2C rel_entity_move
[17:48:28.420] <- S2C rel_entity_move
[17:48:28.421] <- S2C rel_entity_move
[17:48:28.421] <- S2C rel_entity_move
[17:48:28.421] <- S2C rel_entity_move
[17:48:28.422] <- S2C entity_move_look
[17:48:28.422] <- S2C rel_entity_move
[17:48:28.422] <- S2C rel_entity_move
[17:48:28.422] <- S2C entity_move_look
[17:48:28.433] <- S2C rel_entity_move
[17:48:28.433] <- S2C rel_entity_move
[17:48:28.434] <- S2C entity_move_look
[17:48:28.434] <- S2C rel_entity_move
[17:48:28.434] <- S2C rel_entity_move
[17:48:28.434] <- S2C rel_entity_move
[17:48:28.434] <- S2C rel_entity_move
[17:48:28.435] <- S2C rel_entity_move
[17:48:28.435] <- S2C entity_move_look
[17:48:28.435] <- S2C rel_entity_move
[17:48:28.436] <- S2C rel_entity_move
[17:48:28.436] <- S2C position pos={"teleportId":-295620264,"x":6289.5,"y":76,"z":-3434.5,"dx":0,"dy":0,"dz":0,"yaw":0,"pitch":0,"flags":{"_value":24,"x":false,"y":false,"z":false,"yaw":true,"pitch":true,"dx":false,"dy":false,"dz":false,"yawDelta":false}} relatives=undefined teleportId=-295620264
[17:48:28.507] <- S2C rel_entity_move
[17:48:28.507] <- S2C rel_entity_move
[17:48:28.507] <- S2C rel_entity_move
[17:48:28.507] <- S2C rel_entity_move
[17:48:28.508] <- S2C entity_move_look
[17:48:28.508] <- S2C entity_move_look
[17:48:28.508] <- S2C rel_entity_move
[17:48:28.545] <- S2C rel_entity_move
[17:48:28.545] <- S2C rel_entity_move
[17:48:28.546] <- S2C rel_entity_move
[17:48:28.546] <- S2C rel_entity_move
[17:48:28.546] <- S2C rel_entity_move
[17:48:28.546] <- S2C rel_entity_move
[17:48:28.583] <- S2C rel_entity_move
[17:48:28.583] <- S2C entity_move_look
[17:48:28.584] <- S2C rel_entity_move
[17:48:28.584] <- S2C rel_entity_move
[17:48:28.626] <- S2C rel_entity_move
[17:48:28.626] <- S2C rel_entity_move
[17:48:28.626] <- S2C rel_entity_move
[17:48:28.626] <- S2C rel_entity_move
[17:48:28.627] <- S2C rel_entity_move
[17:48:28.627] <- S2C entity_move_look
[17:48:28.627] <- S2C rel_entity_move
[17:48:28.627] <- S2C entity_move_look
[17:48:28.627] <- S2C entity_move_look
[17:48:28.628] <- S2C position pos={"teleportId":-1229609892,"x":6289.5,"y":76,"z":-3434.5,"dx":0,"dy":0,"dz":0,"yaw":0,"pitch":0,"flags":{"_value":24,"x":false,"y":false,"z":false,"yaw":true,"pitch":true,"dx":false,"dy":false,"dz":false,"yawDelta":false}} relatives=undefined teleportId=-1229609892
[17:48:28.674] <- S2C rel_entity_move
[17:48:28.674] <- S2C rel_entity_move
[17:48:28.675] <- S2C entity_move_look
[17:48:28.675] <- S2C entity_move_look
[17:48:28.675] <- S2C rel_entity_move
[17:48:28.676] <- S2C entity_move_look
[17:48:28.724] <- S2C entity_move_look
[17:48:28.724] <- S2C rel_entity_move
[17:48:28.724] <- S2C rel_entity_move
[17:48:28.724] <- S2C entity_move_look
[17:48:28.725] <- S2C rel_entity_move
[17:48:28.725] <- S2C rel_entity_move
[17:48:28.765] <- S2C rel_entity_move
[17:48:28.765] <- S2C entity_move_look
[17:48:28.765] <- S2C rel_entity_move
[17:48:28.766] <- S2C rel_entity_move
[17:48:28.766] <- S2C rel_entity_move
[17:48:28.766] <- S2C entity_move_look
[17:48:28.766] <- S2C entity_move_look
[17:48:28.767] <- S2C entity_move_look
[17:48:28.850] <- S2C position pos={"teleportId":-1888609433,"x":6289.5,"y":76,"z":-3434.5,"dx":0,"dy":0,"dz":0,"yaw":0,"pitch":0,"flags":{"_value":24,"x":false,"y":false,"z":false,"yaw":true,"pitch":true,"dx":false,"dy":false,"dz":false,"yawDelta":false}} relatives=undefined teleportId=-1888609433
[17:48:28.889] <- S2C entity_move_look
[17:48:28.889] <- S2C rel_entity_move
[17:48:28.890] <- S2C rel_entity_move
[17:48:28.890] <- S2C entity_move_look
[17:48:28.944] <- S2C rel_entity_move
[17:48:28.944] <- S2C rel_entity_move
[17:48:28.944] <- S2C entity_move_look
[17:48:28.945] <- S2C rel_entity_move
[17:48:28.945] <- S2C rel_entity_move
[17:48:28.945] <- S2C rel_entity_move
[17:48:28.945] <- S2C rel_entity_move
[17:48:28.992] <- S2C rel_entity_move
[17:48:28.992] <- S2C rel_entity_move
[17:48:28.992] <- S2C rel_entity_move
[17:48:28.993] <- S2C entity_move_look
[17:48:28.993] <- S2C rel_entity_move
[17:48:28.993] <- S2C rel_entity_move
[17:48:29.033] <- S2C entity_move_look
[17:48:29.034] <- S2C entity_move_look
[17:48:29.034] <- S2C entity_move_look
[17:48:29.034] <- S2C rel_entity_move
[17:48:29.034] <- S2C rel_entity_move
[17:48:29.035] <- S2C position pos={"teleportId":-425893234,"x":6289.5,"y":76,"z":-3434.5,"dx":0,"dy":0,"dz":0,"yaw":0,"pitch":0,"flags":{"_value":24,"x":false,"y":false,"z":false,"yaw":true,"pitch":true,"dx":false,"dy":false,"dz":false,"yawDelta":false}} relatives=undefined teleportId=-425893234
[17:48:29.080] <- S2C rel_entity_move
[17:48:29.080] <- S2C rel_entity_move
[17:48:29.081] <- S2C entity_move_look
[17:48:29.081] <- S2C rel_entity_move
[17:48:29.081] <- S2C rel_entity_move
[17:48:29.128] <- S2C entity_move_look
[17:48:29.128] <- S2C rel_entity_move
[17:48:29.128] <- S2C rel_entity_move
[17:48:29.129] <- S2C entity_move_look
[17:48:29.129] <- S2C entity_move_look
[17:48:29.129] <- S2C rel_entity_move
[17:48:29.168] <- S2C entity_move_look
[17:48:29.168] <- S2C rel_entity_move
[17:48:29.168] <- S2C rel_entity_move
[17:48:29.168] <- S2C rel_entity_move
[17:48:29.216] <- S2C rel_entity_move
[17:48:29.216] <- S2C entity_move_look
[17:48:29.216] <- S2C rel_entity_move
[17:48:29.216] <- S2C rel_entity_move
[17:48:29.217] <- S2C rel_entity_move
[17:48:29.217] <- S2C rel_entity_move
[17:48:29.217] <- S2C rel_entity_move
[17:48:29.235] <- S2C position pos={"teleportId":-1947046559,"x":6289.5,"y":76,"z":-3434.5,"dx":0,"dy":0,"dz":0,"yaw":0,"pitch":0,"flags":{"_value":24,"x":false,"y":false,"z":false,"yaw":true,"pitch":true,"dx":false,"dy":false,"dz":false,"yawDelta":false}} relatives=undefined teleportId=-1947046559
[17:48:29.259] <- S2C rel_entity_move
[17:48:29.260] <- S2C rel_entity_move
[17:48:29.260] <- S2C rel_entity_move
[17:48:29.260] <- S2C rel_entity_move
[17:48:29.260] <- S2C rel_entity_move
[17:48:29.261] <- S2C rel_entity_move
[17:48:29.261] <- S2C entity_move_look
[17:48:29.261] <- S2C rel_entity_move
[17:48:29.302] <- S2C rel_entity_move
[17:48:29.302] <- S2C entity_move_look
[17:48:29.302] <- S2C rel_entity_move
[17:48:29.302] <- S2C rel_entity_move
[17:48:29.340] <- S2C rel_entity_move
[17:48:29.340] <- S2C entity_move_look
[17:48:29.340] <- S2C rel_entity_move
[17:48:29.341] <- S2C entity_move_look
[17:48:29.341] <- S2C rel_entity_move
[17:48:29.421] <- S2C rel_entity_move
[17:48:29.421] <- S2C entity_move_look
[17:48:29.421] <- S2C rel_entity_move
[17:48:29.422] <- S2C rel_entity_move
[17:48:29.422] <- S2C rel_entity_move
[17:48:29.422] <- S2C rel_entity_move
[17:48:29.422] <- S2C entity_move_look
[17:48:29.427] <- S2C rel_entity_move
[17:48:29.428] <- S2C entity_move_look
[17:48:29.428] <- S2C rel_entity_move
[17:48:29.428] <- S2C rel_entity_move
[17:48:29.428] <- S2C rel_entity_move
[17:48:29.436] <- S2C rel_entity_move
[17:48:29.436] <- S2C entity_move_look
[17:48:29.436] <- S2C entity_move_look
[17:48:29.437] <- S2C rel_entity_move
[17:48:29.438] <- S2C rel_entity_move
[17:48:29.438] <- S2C rel_entity_move
[17:48:29.438] <- S2C position pos={"teleportId":-1803910590,"x":6289.5,"y":76,"z":-3434.5,"dx":0,"dy":0,"dz":0,"yaw":0,"pitch":0,"flags":{"_value":24,"x":false,"y":false,"z":false,"yaw":true,"pitch":true,"dx":false,"dy":false,"dz":false,"yawDelta":false}} relatives=undefined teleportId=-1803910590
[17:48:29.503] <- S2C entity_move_look
[17:48:29.504] <- S2C rel_entity_move
[17:48:29.504] <- S2C entity_move_look
[17:48:29.504] <- S2C entity_move_look
[17:48:29.504] <- S2C rel_entity_move
[17:48:29.505] <- S2C rel_entity_move
[17:48:29.505] <- S2C entity_move_look
[17:48:29.542] <- S2C entity_move_look
[17:48:29.542] <- S2C rel_entity_move
[17:48:29.542] <- S2C rel_entity_move
[17:48:29.542] <- S2C rel_entity_move
[17:48:29.543] <- S2C rel_entity_move
[17:48:29.586] <- S2C rel_entity_move
[17:48:29.587] <- S2C rel_entity_move
[17:48:29.587] <- S2C rel_entity_move
[17:48:29.587] <- S2C entity_move_look
[17:48:29.587] <- S2C rel_entity_move
[17:48:29.588] <- S2C entity_move_look
[17:48:29.588] <- S2C rel_entity_move
[17:48:29.637] <- S2C rel_entity_move
[17:48:29.637] <- S2C rel_entity_move
[17:48:29.638] <- S2C entity_move_look
[17:48:29.638] <- S2C rel_entity_move
[17:48:29.638] <- S2C rel_entity_move
[17:48:29.639] <- S2C position pos={"teleportId":-1816523326,"x":6289.5,"y":76,"z":-3434.5,"dx":0,"dy":0,"dz":0,"yaw":0,"pitch":0,"flags":{"_value":24,"x":false,"y":false,"z":false,"yaw":true,"pitch":true,"dx":false,"dy":false,"dz":false,"yawDelta":false}} relatives=undefined teleportId=-1816523326
[17:48:29.717] <- S2C entity_move_look
[17:48:29.717] <- S2C rel_entity_move
[17:48:29.718] <- S2C rel_entity_move
[17:48:29.718] <- S2C rel_entity_move
[17:48:29.762] <- S2C entity_move_look
[17:48:29.762] <- S2C rel_entity_move
[17:48:29.762] <- S2C entity_move_look
[17:48:29.763] <- S2C entity_move_look
[17:48:29.763] <- S2C entity_move_look
[17:48:29.763] <- S2C rel_entity_move
[17:48:29.829] <- S2C rel_entity_move
[17:48:29.829] <- S2C entity_move_look
[17:48:29.829] <- S2C rel_entity_move
[17:48:29.830] <- S2C rel_entity_move
[17:48:29.839] <- S2C rel_entity_move
[17:48:29.839] <- S2C entity_move_look
[17:48:29.840] <- S2C entity_move_look
[17:48:29.840] <- S2C entity_move_look
[17:48:29.840] <- S2C rel_entity_move
[17:48:29.840] <- S2C rel_entity_move
[17:48:29.841] <- S2C position pos={"teleportId":-1219614214,"x":6289.5,"y":76,"z":-3434.5,"dx":0,"dy":0,"dz":0,"yaw":0,"pitch":0,"flags":{"_value":24,"x":false,"y":false,"z":false,"yaw":true,"pitch":true,"dx":false,"dy":false,"dz":false,"yawDelta":false}} relatives=undefined teleportId=-1219614214
[17:48:29.937] <- S2C entity_move_look
[17:48:29.937] <- S2C rel_entity_move
[17:48:29.937] <- S2C rel_entity_move
[17:48:29.938] <- S2C rel_entity_move
[17:48:29.938] <- S2C rel_entity_move
[17:48:29.988] <- S2C rel_entity_move
[17:48:29.988] <- S2C rel_entity_move
[17:48:29.988] <- S2C entity_move_look
[17:48:29.989] <- S2C rel_entity_move
[17:48:29.989] <- S2C rel_entity_move
[17:48:30.040] <- S2C rel_entity_move
[17:48:30.041] <- S2C entity_move_look
[17:48:30.041] <- S2C entity_move_look
[17:48:30.041] <- S2C rel_entity_move
[17:48:30.042] <- S2C entity_move_look
[17:48:30.042] <- S2C entity_move_look
[17:48:30.043] <- S2C position pos={"teleportId":-1581439242,"x":6289.5,"y":76,"z":-3434.5,"dx":0,"dy":0,"dz":0,"yaw":0,"pitch":0,"flags":{"_value":24,"x":false,"y":false,"z":false,"yaw":true,"pitch":true,"dx":false,"dy":false,"dz":false,"yawDelta":false}} relatives=undefined teleportId=-1581439242
[17:48:30.088] <- S2C rel_entity_move
[17:48:30.088] <- S2C rel_entity_move
[17:48:30.088] <- S2C rel_entity_move
[17:48:30.089] <- S2C rel_entity_move
[17:48:30.089] <- S2C entity_move_look
[17:48:30.089] <- S2C rel_entity_move
[17:48:30.089] <- S2C rel_entity_move
[17:48:30.090] <- S2C rel_entity_move
[17:48:30.196] <- S2C rel_entity_move
[17:48:30.196] <- S2C entity_move_look
[17:48:30.196] <- S2C rel_entity_move
[17:48:30.197] <- S2C rel_entity_move
[17:48:30.197] <- S2C rel_entity_move
[17:48:30.197] <- S2C rel_entity_move
[17:48:30.198] <- S2C rel_entity_move
[17:48:30.198] <- S2C entity_move_look
[17:48:30.242] <- S2C entity_move_look
[17:48:30.242] <- S2C rel_entity_move
[17:48:30.242] <- S2C entity_move_look
[17:48:30.243] <- S2C rel_entity_move
[17:48:30.243] <- S2C rel_entity_move
[17:48:30.243] <- S2C entity_move_look
[17:48:30.243] <- S2C entity_move_look
[17:48:30.244] <- S2C position pos={"teleportId":-1079103662,"x":6289.5,"y":76,"z":-3434.5,"dx":0,"dy":0,"dz":0,"yaw":0,"pitch":0,"flags":{"_value":24,"x":false,"y":false,"z":false,"yaw":true,"pitch":true,"dx":false,"dy":false,"dz":false,"yawDelta":false}} relatives=undefined teleportId=-1079103662
[17:48:30.315] <- S2C rel_entity_move
[17:48:30.316] <- S2C rel_entity_move
[17:48:30.316] <- S2C entity_move_look
[17:48:30.316] <- S2C rel_entity_move
[17:48:30.316] <- S2C rel_entity_move
[17:48:30.418] <- S2C rel_entity_move
[17:48:30.418] <- S2C entity_move_look
[17:48:30.419] <- S2C rel_entity_move
[17:48:30.419] <- S2C rel_entity_move
[17:48:30.419] <- S2C rel_entity_move
[17:48:30.431] <- S2C rel_entity_move
[17:48:30.432] <- S2C entity_move_look
[17:48:30.432] <- S2C entity_move_look
[17:48:30.432] <- S2C rel_entity_move
[17:48:30.432] <- S2C rel_entity_move
[17:48:30.433] <- S2C entity_move_look
[17:48:30.447] <- S2C rel_entity_move
[17:48:30.448] <- S2C rel_entity_move
[17:48:30.448] <- S2C entity_move_look
[17:48:30.448] <- S2C entity_move_look
[17:48:30.449] <- S2C entity_move_look
[17:48:30.449] <- S2C rel_entity_move
[17:48:30.449] <- S2C rel_entity_move
[17:48:30.450] <- S2C position pos={"teleportId":-462259553,"x":6289.5,"y":76,"z":-3434.5,"dx":0,"dy":0,"dz":0,"yaw":0,"pitch":0,"flags":{"_value":24,"x":false,"y":false,"z":false,"yaw":true,"pitch":true,"dx":false,"dy":false,"dz":false,"yawDelta":false}} relatives=undefined teleportId=-462259553
[17:48:30.518] <- S2C rel_entity_move
[17:48:30.518] <- S2C rel_entity_move
[17:48:30.518] <- S2C rel_entity_move
[17:48:30.518] <- S2C rel_entity_move
[17:48:30.519] <- S2C rel_entity_move
[17:48:30.519] <- S2C rel_entity_move
[17:48:30.519] <- S2C rel_entity_move
[17:48:30.561] <- S2C rel_entity_move
[17:48:30.561] <- S2C rel_entity_move
[17:48:30.561] <- S2C entity_move_look
[17:48:30.562] <- S2C rel_entity_move
[17:48:30.562] <- S2C rel_entity_move
[17:48:30.562] <- S2C rel_entity_move
[17:48:30.563] <- S2C rel_entity_move
[17:48:30.563] <- S2C entity_move_look
[17:48:30.608] <- S2C rel_entity_move
[17:48:30.609] <- S2C rel_entity_move
[17:48:30.609] <- S2C rel_entity_move
[17:48:30.609] <- S2C rel_entity_move
[17:48:30.609] <- S2C rel_entity_move
[17:48:30.610] <- S2C rel_entity_move
[17:48:30.648] <- S2C position pos={"teleportId":-1447254454,"x":6289.5,"y":76,"z":-3434.5,"dx":0,"dy":0,"dz":0,"yaw":0,"pitch":0,"flags":{"_value":24,"x":false,"y":false,"z":false,"yaw":true,"pitch":true,"dx":false,"dy":false,"dz":false,"yawDelta":false}} relatives=undefined teleportId=-1447254454
[17:48:30.698] <- S2C rel_entity_move
[17:48:30.698] <- S2C rel_entity_move
[17:48:30.698] <- S2C rel_entity_move
[17:48:30.699] <- S2C entity_move_look
[17:48:30.699] <- S2C rel_entity_move
[17:48:30.699] <- S2C rel_entity_move
[17:48:30.699] <- S2C rel_entity_move
[17:48:30.700] <- S2C entity_move_look
[17:48:30.772] <- S2C entity_move_look
[17:48:30.772] <- S2C entity_move_look
[17:48:30.773] <- S2C rel_entity_move
[17:48:30.773] <- S2C entity_move_look
[17:48:30.831] <- S2C rel_entity_move
[17:48:30.832] <- S2C rel_entity_move
[17:48:30.832] <- S2C rel_entity_move
[17:48:30.832] <- S2C rel_entity_move
[17:48:30.832] <- S2C rel_entity_move
[17:48:30.833] <- S2C entity_move_look
[17:48:30.833] <- S2C rel_entity_move
[17:48:30.833] <- S2C rel_entity_move
[17:48:30.852] <- S2C rel_entity_move
[17:48:30.852] <- S2C entity_move_look
[17:48:30.852] <- S2C rel_entity_move
[17:48:30.852] <- S2C rel_entity_move
[17:48:30.853] <- S2C rel_entity_move
[17:48:30.853] <- S2C position pos={"teleportId":-1725927366,"x":6289.5,"y":76,"z":-3434.5,"dx":0,"dy":0,"dz":0,"yaw":0,"pitch":0,"flags":{"_value":24,"x":false,"y":false,"z":false,"yaw":true,"pitch":true,"dx":false,"dy":false,"dz":false,"yawDelta":false}} relatives=undefined teleportId=-1725927366
[17:48:30.953] <- S2C entity_move_look
[17:48:30.953] <- S2C rel_entity_move
[17:48:30.953] <- S2C entity_move_look
[17:48:30.953] <- S2C entity_move_look
[17:48:30.954] <- S2C rel_entity_move
[17:48:30.954] <- S2C rel_entity_move
[17:48:30.954] <- S2C entity_move_look
[17:48:30.954] <- S2C rel_entity_move
[17:48:31.008] <- S2C rel_entity_move
[17:48:31.008] <- S2C rel_entity_move
[17:48:31.009] <- S2C rel_entity_move
[17:48:31.009] <- S2C rel_entity_move
[17:48:31.009] <- S2C rel_entity_move
[17:48:31.009] <- S2C rel_entity_move
[17:48:31.061] <- S2C rel_entity_move
[17:48:31.061] <- S2C rel_entity_move
[17:48:31.062] <- S2C rel_entity_move
[17:48:31.062] <- S2C entity_move_look
[17:48:31.062] <- S2C rel_entity_move
[17:48:31.063] <- S2C rel_entity_move
[17:48:31.063] <- S2C entity_move_look
[17:48:31.063] <- S2C entity_move_look
[17:48:31.114] <- S2C entity_move_look
[17:48:31.114] <- S2C rel_entity_move
[17:48:31.114] <- S2C entity_move_look
[17:48:31.115] <- S2C rel_entity_move
[17:48:31.115] <- S2C rel_entity_move
[17:48:31.115] <- S2C entity_move_look
[17:48:31.129] <- S2C rel_entity_move
[17:48:31.129] <- S2C rel_entity_move
[17:48:31.130] <- S2C rel_entity_move
[17:48:31.130] <- S2C rel_entity_move
[17:48:31.130] <- S2C entity_move_look
[17:48:31.131] <- S2C rel_entity_move
[17:48:31.131] <- S2C entity_move_look
[17:48:31.131] <- S2C rel_entity_move
[17:48:31.132] <- S2C entity_move_look
[17:48:31.132] <- S2C rel_entity_move
[17:48:31.216] <- S2C entity_move_look
[17:48:31.216] <- S2C rel_entity_move
[17:48:31.217] <- S2C rel_entity_move
[17:48:31.217] <- S2C rel_entity_move
[17:48:31.276] <- S2C entity_move_look
[17:48:31.276] <- S2C rel_entity_move
[17:48:31.276] <- S2C entity_move_look
[17:48:31.277] <- S2C entity_move_look
[17:48:31.277] <- S2C rel_entity_move
[17:48:31.277] <- S2C entity_move_look
[17:48:31.277] <- S2C entity_move_look
[17:48:31.338] <- S2C rel_entity_move
[17:48:31.338] <- S2C rel_entity_move
[17:48:31.339] <- S2C rel_entity_move
[17:48:31.339] <- S2C rel_entity_move
[17:48:31.339] <- S2C entity_move_look
[17:48:31.340] <- S2C rel_entity_move
[17:48:31.340] <- S2C entity_move_look
[17:48:31.340] <- S2C rel_entity_move
[17:48:31.447] <- S2C rel_entity_move
[17:48:31.447] <- S2C rel_entity_move
[17:48:31.447] <- S2C entity_move_look
[17:48:31.448] <- S2C rel_entity_move
[17:48:31.448] <- S2C rel_entity_move
[17:48:31.466] <- S2C entity_move_look
[17:48:31.466] <- S2C rel_entity_move
[17:48:31.466] <- S2C entity_move_look
[17:48:31.466] <- S2C rel_entity_move
[17:48:31.467] <- S2C rel_entity_move
[17:48:31.467] <- S2C rel_entity_move
[17:48:31.467] <- S2C entity_move_look
[17:48:31.467] <- S2C rel_entity_move
[17:48:31.515] <- S2C rel_entity_move
[17:48:31.515] <- S2C rel_entity_move
[17:48:31.515] <- S2C rel_entity_move
[17:48:31.516] <- S2C rel_entity_move
[17:48:31.516] <- S2C rel_entity_move
[17:48:31.516] <- S2C entity_move_look
[17:48:31.516] <- S2C rel_entity_move
[17:48:31.560] <- S2C entity_move_look
[17:48:31.560] <- S2C rel_entity_move
[17:48:31.560] <- S2C entity_move_look
[17:48:31.561] <- S2C rel_entity_move
[17:48:31.561] <- S2C rel_entity_move
[17:48:31.602] <- S2C entity_move_look
[17:48:31.602] <- S2C rel_entity_move
[17:48:31.602] <- S2C rel_entity_move
[17:48:31.603] <- S2C entity_move_look
[17:48:31.603] <- S2C entity_move_look
[17:48:31.603] <- S2C rel_entity_move
[17:48:31.603] <- S2C entity_move_look
[17:48:31.604] <- S2C entity_move_look
[17:48:31.604] <- S2C rel_entity_move
[17:48:31.644] <- S2C rel_entity_move
[17:48:31.645] <- S2C entity_move_look
[17:48:31.645] <- S2C rel_entity_move
[17:48:31.645] <- S2C rel_entity_move
[17:48:31.646] <- S2C rel_entity_move
[17:48:31.646] <- S2C entity_move_look
[17:48:31.685] <- S2C rel_entity_move
[17:48:31.685] <- S2C rel_entity_move
[17:48:31.686] <- S2C entity_move_look
[17:48:31.686] <- S2C entity_move_look
[17:48:31.686] <- S2C entity_move_look
[17:48:31.687] <- S2C rel_entity_move
[17:48:31.687] <- S2C rel_entity_move
[17:48:31.687] <- S2C rel_entity_move
[17:48:31.729] <- S2C entity_move_look
[17:48:31.729] <- S2C rel_entity_move
[17:48:31.730] <- S2C rel_entity_move
[17:48:31.730] <- S2C rel_entity_move
[17:48:31.730] <- S2C entity_move_look
[17:48:31.731] <- S2C entity_move_look
[17:48:31.731] <- S2C entity_move_look
[17:48:31.772] <- S2C rel_entity_move
[17:48:31.772] <- S2C rel_entity_move
[17:48:31.772] <- S2C rel_entity_move
[17:48:31.773] <- S2C rel_entity_move
[17:48:31.773] <- S2C rel_entity_move
[17:48:31.773] <- S2C entity_move_look
[17:48:31.774] <- S2C entity_move_look
[17:48:31.774] <- S2C rel_entity_move
[17:48:31.775] <- S2C rel_entity_move
