[17:49:48.348] -> C2S set_protocol
[17:49:48.501] -> C2S login_start
[17:49:50.414] -> C2S login_acknowledged
[17:49:50.587] -> C2S settings
[17:49:50.594] -> C2S select_known_packs
[17:49:50.907] -> C2S resource_pack_receive
[17:49:50.908] -> C2S resource_pack_receive
[17:49:51.251] -> C2S finish_configuration
[17:49:51.496] -> C2S custom_payload
[17:49:51.498] -> C2S settings
[17:49:51.500] -> C2S pong
[17:49:51.501] -> C2S held_item_slot
[17:49:51.509] -> C2S pong
[17:49:51.510] <- S2C position pos={"teleportId":1,"x":6289.5,"y":76,"z":-3434.5,"dx":0,"dy":0,"dz":0,"yaw":-0.0000061035266298858915,"pitch":0.0000010132789611816406,"flags":{"_value":0,"x":false,"y":false,"z":false,"yaw":false,"pitch":false,"dx":false,"dy":false,"dz":false,"yawDelta":false}} relatives=undefined teleportId=1
[17:49:51.510] -> C2S teleport_confirm
[17:49:51.511] -> C2S position_look
[17:49:51.513] -> C2S pong
[17:49:51.515] <- S2C spawn_position
[17:49:51.518] -> C2S pong
[17:49:51.744] <- S2C update_view_position
[17:49:51.744] -> C2S pong
[17:49:51.745] <- S2C spawn_position
[17:49:51.748] -> C2S pong
[17:49:51.748] -> C2S pong
[17:49:51.762] -> C2S pong
[17:49:51.764] -> C2S pong
[17:49:51.766] -> C2S pong
[17:49:51.775] -> C2S pong
[17:49:51.775] -> C2S keep_alive
[17:49:51.776] -> C2S pong
[17:49:51.838] -> C2S tick_end
[17:49:51.839] -> C2S position
[17:49:51.840] -> C2S pong
[17:49:51.859] -> C2S pong
[17:49:51.879] -> C2S tick_end
[17:49:51.879] -> C2S flying
[17:49:51.930] -> C2S tick_end
[17:49:51.934] -> C2S pong
[17:49:51.981] -> C2S tick_end
[17:49:51.993] -> C2S pong
[17:49:51.993] <- S2C position pos={"teleportId":-635889751,"x":6289.5,"y":76,"z":-3434.5,"dx":0,"dy":0,"dz":0,"yaw":0,"pitch":0,"flags":{"_value":24,"x":false,"y":false,"z":false,"yaw":true,"pitch":true,"dx":false,"dy":false,"dz":false,"yawDelta":false}} relatives=undefined teleportId=-635889751
[17:49:51.994] -> C2S teleport_confirm
[17:49:51.994] -> C2S position_look
[17:49:51.994] -> C2S pong
[17:49:52.023] -> C2S pong
[17:49:52.031] -> C2S tick_end
[17:49:52.032] -> C2S look
[17:49:52.082] -> C2S tick_end
[17:49:52.083] -> C2S flying
[17:49:52.132] -> C2S tick_end
[17:49:52.142] -> C2S pong
[17:49:52.183] -> C2S tick_end
[17:49:52.235] -> C2S tick_end
[17:49:52.261] -> C2S pong
[17:49:52.285] -> C2S tick_end
[17:49:52.336] -> C2S tick_end
[17:49:52.386] -> C2S tick_end
[17:49:52.423] -> C2S pong
[17:49:52.437] -> C2S tick_end
[17:49:52.487] -> C2S tick_end
[17:49:52.492] -> C2S pong
[17:49:52.538] -> C2S tick_end
[17:49:52.587] -> C2S tick_end
[17:49:52.609] -> C2S pong
[17:49:52.638] -> C2S tick_end
[17:49:52.675] -> C2S keep_alive
[17:49:52.689] -> C2S tick_end
[17:49:52.739] -> C2S tick_end
[17:49:52.747] -> C2S pong
[17:49:52.789] -> C2S tick_end
[17:49:52.839] -> C2S tick_end
[17:49:52.840] -> C2S position
[17:49:52.890] -> C2S tick_end
[17:49:52.894] -> C2S pong
[17:49:52.946] -> C2S tick_end
[17:49:52.980] -> C2S pong
[17:49:52.993] -> C2S pong
[17:49:52.994] <- S2C position pos={"teleportId":-1212048753,"x":6289.5,"y":76,"z":-3434.5,"dx":0,"dy":0,"dz":0,"yaw":0,"pitch":0,"flags":{"_value":24,"x":false,"y":false,"z":false,"yaw":true,"pitch":true,"dx":false,"dy":false,"dz":false,"yawDelta":false}} relatives=undefined teleportId=-1212048753
[17:49:52.994] -> C2S teleport_confirm
[17:49:52.995] -> C2S position_look
[17:49:52.995] -> C2S pong
[17:49:52.996] -> C2S pong
[17:49:52.998] -> C2S tick_end
[17:49:52.999] -> C2S look
[17:49:52.000] -> C2S tick_end
[17:49:53.000] -> C2S flying
[17:49:53.039] -> C2S pong
[17:49:53.048] -> C2S tick_end
[17:49:53.100] -> C2S tick_end
[17:49:53.141] -> C2S pong
[17:49:53.152] -> C2S tick_end
[17:49:53.202] -> C2S tick_end
[17:49:53.254] -> C2S tick_end
[17:49:53.268] -> C2S chat_command
[17:49:53.304] -> C2S tick_end
[17:49:53.313] -> C2S pong
[17:49:53.355] -> C2S tick_end
[17:49:53.406] -> C2S tick_end
[17:49:53.423] -> C2S pong
[17:49:53.456] -> C2S tick_end
[17:49:53.469] -> C2S pong
[17:49:53.506] -> C2S tick_end
[17:49:53.556] -> C2S tick_end
[17:49:53.578] -> C2S pong
[17:49:53.606] -> C2S tick_end
[17:49:53.657] -> C2S tick_end
[17:49:53.707] -> C2S tick_end
[17:49:53.710] -> C2S pong
[17:49:53.711] -> C2S keep_alive
[17:49:53.757] -> C2S tick_end
[17:49:53.819] -> C2S tick_end
[17:49:53.820] -> C2S position
[17:49:53.873] -> C2S tick_end
[17:49:53.905] -> C2S pong
[17:49:53.924] -> C2S tick_end
[17:49:53.970] -> C2S pong
[17:49:53.974] -> C2S tick_end
[17:49:54.024] -> C2S tick_end
[17:49:54.074] -> C2S tick_end
[17:49:54.117] -> C2S pong
[17:49:54.124] -> C2S tick_end
[17:49:54.174] -> C2S tick_end
[17:49:54.224] -> C2S tick_end
[17:49:54.258] -> C2S pong
[17:49:54.275] -> C2S tick_end
[17:49:54.325] -> C2S tick_end
[17:49:54.363] -> C2S pong
[17:49:54.376] -> C2S tick_end
[17:49:54.427] -> C2S tick_end
[17:49:54.480] -> C2S tick_end
[17:49:54.496] -> C2S pong
[17:49:54.532] -> C2S tick_end
[17:49:54.581] -> C2S tick_end
[17:49:54.607] -> C2S pong
[17:49:54.632] -> C2S tick_end
[17:49:54.684] -> C2S tick_end
[17:49:54.708] -> C2S pong
[17:49:54.709] -> C2S keep_alive
[17:49:54.735] -> C2S tick_end
[17:49:54.767] -> C2S player_loaded
[17:49:54.787] -> C2S tick_end
[17:49:54.838] -> C2S tick_end
[17:49:54.838] -> C2S position
[17:49:54.855] -> C2S pong
[17:49:54.888] -> C2S tick_end
[17:49:54.915] -> C2S pong
[17:49:54.938] -> C2S tick_end
[17:49:54.990] -> C2S tick_end
[17:49:55.011] -> C2S pong
[17:49:55.039] -> C2S tick_end
[17:49:55.089] -> C2S tick_end
[17:49:55.139] -> C2S tick_end
[17:49:55.189] -> C2S tick_end
[17:49:55.239] -> C2S tick_end
[17:49:55.289] -> C2S tick_end
[17:49:55.339] -> C2S tick_end
[17:49:55.389] -> C2S tick_end
[17:49:55.436] -> C2S pong
[17:49:55.440] -> C2S tick_end
[17:49:55.490] -> C2S tick_end
[17:49:55.518] -> C2S pong
[17:49:55.540] -> C2S tick_end
[17:49:55.591] -> C2S tick_end
[17:49:55.637] -> C2S pong
[17:49:55.642] -> C2S tick_end
[17:49:55.692] -> C2S tick_end
[17:49:55.722] -> C2S pong
[17:49:55.723] -> C2S keep_alive
[17:49:55.744] -> C2S tick_end
[17:49:55.794] -> C2S tick_end
[17:49:55.811] -> C2S pong
[17:49:55.844] -> C2S tick_end
[17:49:55.845] -> C2S position
[17:49:55.895] -> C2S tick_end
[17:49:55.924] -> C2S pong
[17:49:55.947] -> C2S tick_end
[17:49:55.948] -> C2S tick_end
[17:49:55.998] -> C2S tick_end
[17:49:56.015] -> C2S pong
[17:49:56.049] -> C2S tick_end
[17:49:56.099] -> C2S tick_end
[17:49:56.100] -> C2S pong
[17:49:56.150] -> C2S tick_end
[17:49:56.200] -> C2S tick_end
[17:49:56.207] -> C2S pong
[17:49:56.250] -> C2S tick_end
[17:49:56.300] -> C2S tick_end
[17:49:56.310] -> C2S pong
[17:49:56.350] -> C2S tick_end
[17:49:56.402] -> C2S tick_end
[17:49:56.423] -> C2S pong
[17:49:56.452] -> C2S tick_end
[17:49:56.502] -> C2S tick_end
[17:49:56.544] -> C2S pong
[17:49:56.553] -> C2S tick_end
[17:49:56.605] -> C2S tick_end
[17:49:56.644] -> C2S pong
[17:49:56.655] -> C2S tick_end
[17:49:56.705] -> C2S tick_end
[17:49:56.755] -> C2S tick_end
[17:49:56.805] -> C2S tick_end
[17:49:56.822] -> C2S pong
[17:49:56.822] -> C2S keep_alive
[17:49:56.856] -> C2S tick_end
[17:49:56.856] -> C2S position
[17:49:56.882] -> C2S pong
[17:49:56.907] -> C2S tick_end
[17:49:56.957] -> C2S tick_end
[17:49:57.002] -> C2S pong
[17:49:57.008] -> C2S tick_end
[17:49:57.058] -> C2S tick_end
[17:49:57.109] -> C2S tick_end
[17:49:57.134] -> C2S pong
[17:49:57.159] -> C2S tick_end
[17:49:57.209] -> C2S tick_end
[17:49:57.231] -> C2S pong
[17:49:57.260] -> C2S tick_end
[17:49:57.311] -> C2S tick_end
[17:49:57.315] -> C2S pong
[17:49:57.363] -> C2S tick_end
[17:49:57.413] -> C2S tick_end
[17:49:57.417] -> C2S pong
[17:49:57.466] -> C2S tick_end
[17:49:57.516] -> C2S tick_end
[17:49:57.551] -> C2S pong
[17:49:57.554] -> C2S pong
[17:49:57.555] <- S2C sync_entity_position id=56572095 change=undefined rel=undefined
[17:49:57.556] <- S2C sync_entity_position id=56572096 change=undefined rel=undefined
[17:49:57.556] <- S2C sync_entity_position id=56572097 change=undefined rel=undefined
[17:49:57.557] <- S2C sync_entity_position id=56572098 change=undefined rel=undefined
[17:49:57.557] <- S2C sync_entity_position id=56572099 change=undefined rel=undefined
[17:49:57.557] <- S2C sync_entity_position id=56572100 change=undefined rel=undefined
[17:49:57.557] <- S2C sync_entity_position id=56572101 change=undefined rel=undefined
[17:49:57.558] <- S2C sync_entity_position id=56572102 change=undefined rel=undefined
[17:49:57.558] <- S2C sync_entity_position id=56572103 change=undefined rel=undefined
[17:49:57.559] <- S2C sync_entity_position id=56572104 change=undefined rel=undefined
[17:49:57.567] -> C2S tick_end
[17:49:57.617] -> C2S tick_end
[17:49:57.659] -> C2S pong
[17:49:57.667] -> C2S tick_end
[17:49:57.717] -> C2S tick_end
[17:49:57.746] -> C2S pong
[17:49:57.746] <- S2C sync_entity_position id=56572095 change=undefined rel=undefined
[17:49:57.747] <- S2C sync_entity_position id=56572096 change=undefined rel=undefined
[17:49:57.747] <- S2C sync_entity_position id=56572097 change=undefined rel=undefined
[17:49:57.747] <- S2C sync_entity_position id=56572098 change=undefined rel=undefined
[17:49:57.748] <- S2C sync_entity_position id=56572099 change=undefined rel=undefined
[17:49:57.748] <- S2C sync_entity_position id=56572100 change=undefined rel=undefined
[17:49:57.748] <- S2C sync_entity_position id=56572101 change=undefined rel=undefined
[17:49:57.748] <- S2C sync_entity_position id=56572102 change=undefined rel=undefined
[17:49:57.749] <- S2C sync_entity_position id=56572103 change=undefined rel=undefined
[17:49:57.749] <- S2C sync_entity_position id=56572104 change=undefined rel=undefined
[17:49:57.767] -> C2S tick_end
[17:49:57.817] -> C2S tick_end
[17:49:57.859] -> C2S pong
[17:49:57.862] -> C2S keep_alive
[17:49:57.867] -> C2S tick_end
[17:49:57.868] -> C2S position
[17:49:57.917] -> C2S tick_end
[17:49:57.954] -> C2S pong
[17:49:57.967] -> C2S tick_end
[17:49:58.018] -> C2S tick_end
[17:49:58.050] -> C2S pong
[17:49:58.069] -> C2S tick_end
[17:49:58.120] -> C2S tick_end
[17:49:58.146] -> C2S pong
[17:49:58.171] -> C2S tick_end
[17:49:58.221] -> C2S tick_end
[17:49:58.263] -> C2S pong
[17:49:58.272] -> C2S tick_end
[17:49:58.322] -> C2S tick_end
[17:49:58.372] -> C2S tick_end
[17:49:58.422] -> C2S tick_end
[17:49:58.431] -> C2S pong
[17:49:58.472] -> C2S tick_end
[17:49:58.513] -> C2S pong
[17:49:58.522] -> C2S tick_end
[17:49:58.572] -> C2S tick_end
[17:49:58.619] -> C2S pong
[17:49:58.622] -> C2S tick_end
[17:49:58.673] -> C2S tick_end
[17:49:58.724] -> C2S tick_end
[17:49:58.739] -> C2S pong
[17:49:58.774] -> C2S tick_end
[17:49:58.825] -> C2S tick_end
[17:49:58.861] -> C2S pong
[17:49:58.864] -> C2S keep_alive
[17:49:58.874] -> C2S tick_end
[17:49:58.875] -> C2S position
[17:49:58.926] -> C2S tick_end
[17:49:58.967] -> C2S pong
[17:49:58.978] -> C2S tick_end
[17:49:59.027] -> C2S tick_end
[17:49:59.065] -> C2S pong
[17:49:59.078] -> C2S tick_end
[17:49:59.129] -> C2S tick_end
[17:49:59.165] -> C2S pong
[17:49:59.179] -> C2S tick_end
[17:49:59.225] -> C2S pong
[17:49:59.226] <- S2C entity_move_look
[17:49:59.229] -> C2S tick_end
[17:49:59.279] -> C2S tick_end
[17:49:59.330] -> C2S tick_end
[17:49:59.335] -> C2S pong
[17:49:59.380] -> C2S tick_end
[17:49:59.419] -> C2S pong
[17:49:59.420] <- S2C entity_move_look
[17:49:59.420] <- S2C entity_move_look
[17:49:59.432] -> C2S tick_end
[17:49:59.449] -> C2S pong
[17:49:59.482] -> C2S tick_end
[17:49:59.532] -> C2S tick_end
[17:49:59.571] -> C2S pong
[17:49:59.572] -> C2S pong
[17:49:59.573] <- S2C rel_entity_move
[17:49:59.573] <- S2C rel_entity_move
[17:49:59.582] -> C2S tick_end
[17:49:59.633] -> C2S tick_end
[17:49:59.683] -> C2S tick_end
[17:49:59.691] -> C2S pong
[17:49:59.733] -> C2S tick_end
[17:49:59.743] -> C2S pong
[17:49:59.744] <- S2C rel_entity_move
[17:49:59.744] <- S2C rel_entity_move
[17:49:59.744] <- S2C entity_move_look
[17:49:59.784] -> C2S tick_end
[17:49:59.799] -> C2S pong
[17:49:59.800] <- S2C rel_entity_move
[17:49:59.800] <- S2C rel_entity_move
[17:49:59.800] <- S2C sync_entity_position id=56574188 change=undefined rel=undefined
[17:49:59.801] <- S2C sync_entity_position id=56574189 change=undefined rel=undefined
[17:49:59.801] <- S2C sync_entity_position id=56574190 change=undefined rel=undefined
[17:49:59.801] <- S2C sync_entity_position id=56574191 change=undefined rel=undefined
[17:49:59.802] <- S2C sync_entity_position id=56574192 change=undefined rel=undefined
[17:49:59.802] <- S2C sync_entity_position id=56574193 change=undefined rel=undefined
[17:49:59.803] <- S2C sync_entity_position id=56574194 change=undefined rel=undefined
[17:49:59.803] <- S2C sync_entity_position id=56574195 change=undefined rel=undefined
[17:49:59.803] <- S2C sync_entity_position id=56574196 change=undefined rel=undefined
[17:49:59.804] <- S2C sync_entity_position id=56574197 change=undefined rel=undefined
[17:49:59.834] -> C2S tick_end
[17:49:59.885] -> C2S tick_end
[17:49:59.886] -> C2S position
[17:49:59.905] -> C2S pong
[17:49:59.909] -> C2S keep_alive
[17:49:59.935] -> C2S tick_end
[17:49:59.976] -> C2S pong
[17:49:59.985] -> C2S tick_end
[17:50:00.035] -> C2S tick_end
[17:50:00.069] -> C2S pong
[17:50:00.070] <- S2C rel_entity_move
[17:50:00.070] <- S2C rel_entity_move
[17:50:00.070] <- S2C rel_entity_move
[17:50:00.071] <- S2C rel_entity_move
[17:50:00.085] -> C2S tick_end
[17:50:00.137] -> C2S tick_end
[17:50:00.152] -> C2S pong
[17:50:00.152] -> C2S pong
[17:50:00.153] <- S2C sync_entity_position id=56574188 change=undefined rel=undefined
[17:50:00.153] <- S2C sync_entity_position id=56574189 change=undefined rel=undefined
[17:50:00.153] <- S2C sync_entity_position id=56574190 change=undefined rel=undefined
[17:50:00.154] <- S2C sync_entity_position id=56574191 change=undefined rel=undefined
[17:50:00.154] <- S2C sync_entity_position id=56574192 change=undefined rel=undefined
[17:50:00.154] <- S2C sync_entity_position id=56574193 change=undefined rel=undefined
[17:50:00.155] <- S2C sync_entity_position id=56574194 change=undefined rel=undefined
[17:50:00.155] <- S2C sync_entity_position id=56574195 change=undefined rel=undefined
[17:50:00.155] <- S2C sync_entity_position id=56574196 change=undefined rel=undefined
[17:50:00.155] <- S2C sync_entity_position id=56574197 change=undefined rel=undefined
[17:50:00.187] -> C2S tick_end
[17:50:00.237] -> C2S tick_end
[17:50:00.287] -> C2S pong
[17:50:00.288] -> C2S pong
[17:50:00.288] <- S2C rel_entity_move
[17:50:00.289] <- S2C rel_entity_move
[17:50:00.289] <- S2C rel_entity_move
[17:50:00.289] <- S2C rel_entity_move
[17:50:00.291] -> C2S tick_end
[17:50:00.342] -> C2S tick_end
[17:50:00.375] -> C2S pong
[17:50:00.392] -> C2S tick_end
[17:50:00.443] -> C2S tick_end
[17:50:00.479] -> C2S pong
[17:50:00.479] <- S2C rel_entity_move
[17:50:00.480] <- S2C rel_entity_move
[17:50:00.480] <- S2C rel_entity_move
[17:50:00.497] -> C2S tick_end
[17:50:00.498] -> C2S tick_end
[17:50:00.499] -> C2S pong
[17:50:00.499] <- S2C sync_entity_position id=55052344 change=undefined rel=undefined
[17:50:00.547] -> C2S tick_end
[17:50:00.599] -> C2S tick_end
[17:50:00.651] -> C2S tick_end
[17:50:00.652] -> C2S pong
[17:50:00.653] <- S2C rel_entity_move
[17:50:00.654] <- S2C rel_entity_move
[17:50:00.655] <- S2C rel_entity_move
[17:50:00.699] -> C2S tick_end
[17:50:00.750] -> C2S tick_end
[17:50:00.759] -> C2S pong
[17:50:00.760] -> C2S pong
[17:50:00.760] <- S2C rel_entity_move
[17:50:00.760] <- S2C rel_entity_move
[17:50:00.801] -> C2S tick_end
[17:50:00.843] -> C2S pong
[17:50:00.843] <- S2C rel_entity_move
[17:50:00.844] <- S2C rel_entity_move
[17:50:00.844] <- S2C rel_entity_move
[17:50:00.845] <- S2C rel_entity_move
[17:50:00.853] -> C2S tick_end
[17:50:00.901] -> C2S pong
[17:50:00.902] -> C2S pong
[17:50:00.902] <- S2C entity_move_look
[17:50:00.902] <- S2C sync_entity_position id=55052344 change=undefined rel=undefined
[17:50:00.904] -> C2S tick_end
[17:50:00.904] -> C2S position
[17:50:00.955] -> C2S tick_end
[17:50:00.957] -> C2S keep_alive
[17:50:00.994] -> C2S pong
[17:50:00.995] -> C2S pong
[17:50:00.995] <- S2C rel_entity_move
[17:50:00.996] <- S2C rel_entity_move
[17:50:00.996] <- S2C rel_entity_move
[17:50:00.997] <- S2C sync_entity_position id=55052344 change=undefined rel=undefined
[17:50:01.005] -> C2S tick_end
[17:50:01.029] -> C2S pong
[17:50:01.029] <- S2C rel_entity_move
[17:50:01.055] -> C2S tick_end
[17:50:01.071] -> C2S pong
[17:50:01.071] <- S2C sync_entity_position id=56572095 change=undefined rel=undefined
[17:50:01.072] <- S2C sync_entity_position id=56572096 change=undefined rel=undefined
[17:50:01.072] <- S2C sync_entity_position id=56572097 change=undefined rel=undefined
[17:50:01.072] <- S2C sync_entity_position id=56572098 change=undefined rel=undefined
[17:50:01.073] <- S2C sync_entity_position id=56572099 change=undefined rel=undefined
[17:50:01.073] <- S2C sync_entity_position id=56572100 change=undefined rel=undefined
[17:50:01.073] <- S2C sync_entity_position id=56572104 change=undefined rel=undefined
[17:50:01.074] <- S2C sync_entity_position id=56574188 change=undefined rel=undefined
[17:50:01.074] <- S2C sync_entity_position id=56574189 change=undefined rel=undefined
[17:50:01.074] <- S2C sync_entity_position id=56574190 change=undefined rel=undefined
[17:50:01.074] <- S2C sync_entity_position id=56574191 change=undefined rel=undefined
[17:50:01.075] <- S2C sync_entity_position id=56574192 change=undefined rel=undefined
[17:50:01.105] -> C2S tick_end
[17:50:01.160] -> C2S tick_end
[17:50:01.173] -> C2S pong
[17:50:01.173] <- S2C rel_entity_move
[17:50:01.208] -> C2S tick_end
[17:50:01.241] -> C2S pong
[17:50:01.242] <- S2C rel_entity_move
[17:50:01.258] -> C2S tick_end
[17:50:01.287] -> C2S pong
[17:50:01.287] <- S2C sync_entity_position id=56572101 change=undefined rel=undefined
[17:50:01.288] <- S2C sync_entity_position id=56572102 change=undefined rel=undefined
[17:50:01.288] <- S2C sync_entity_position id=56572103 change=undefined rel=undefined
[17:50:01.288] <- S2C sync_entity_position id=56574193 change=undefined rel=undefined
[17:50:01.288] <- S2C sync_entity_position id=56574194 change=undefined rel=undefined
[17:50:01.289] <- S2C sync_entity_position id=56574195 change=undefined rel=undefined
[17:50:01.289] <- S2C sync_entity_position id=56574196 change=undefined rel=undefined
[17:50:01.289] <- S2C sync_entity_position id=56574197 change=undefined rel=undefined
[17:50:01.308] -> C2S tick_end
[17:50:01.358] -> C2S tick_end
[17:50:01.380] -> C2S pong
[17:50:01.380] <- S2C rel_entity_move
[17:50:01.381] <- S2C rel_entity_move
[17:50:01.391] -> C2S pong
[17:50:01.392] <- S2C rel_entity_move
[17:50:01.392] <- S2C entity_move_look
[17:50:01.408] -> C2S tick_end
[17:50:01.424] -> C2S pong
[17:50:01.459] -> C2S tick_end
[17:50:01.488] -> C2S pong
[17:50:01.489] <- S2C rel_entity_move
[17:50:01.489] <- S2C rel_entity_move
[17:50:01.489] <- S2C rel_entity_move
[17:50:01.490] <- S2C rel_entity_move
[17:50:01.508] -> C2S tick_end
[17:50:01.529] -> C2S pong
[17:50:01.529] <- S2C rel_entity_move
[17:50:01.530] <- S2C rel_entity_move
[17:50:01.559] -> C2S tick_end
[17:50:01.610] -> C2S tick_end
[17:50:01.611] -> C2S pong
[17:50:01.612] <- S2C rel_entity_move
[17:50:01.612] <- S2C rel_entity_move
[17:50:01.613] <- S2C rel_entity_move
[17:50:01.613] <- S2C rel_entity_move
[17:50:01.660] -> C2S tick_end
[17:50:01.661] -> C2S pong
[17:50:01.662] <- S2C rel_entity_move
[17:50:01.662] <- S2C rel_entity_move
[17:50:01.711] -> C2S tick_end
[17:50:01.714] -> C2S pong
[17:50:01.715] <- S2C entity_move_look
[17:50:01.715] <- S2C rel_entity_move
[17:50:01.762] -> C2S tick_end
[17:50:01.764] -> C2S pong
[17:50:01.764] <- S2C rel_entity_move
[17:50:01.765] <- S2C entity_move_look
[17:50:01.765] <- S2C entity_move_look
[17:50:01.765] <- S2C rel_entity_move
[17:50:01.766] <- S2C rel_entity_move
[17:50:01.766] <- S2C rel_entity_move
[17:50:01.807] -> C2S pong
[17:50:01.807] <- S2C rel_entity_move
[17:50:01.808] <- S2C rel_entity_move
[17:50:01.808] <- S2C rel_entity_move
[17:50:01.808] <- S2C rel_entity_move
[17:50:01.813] -> C2S tick_end
[17:50:01.851] -> C2S pong
[17:50:01.851] <- S2C entity_move_look
[17:50:01.852] <- S2C rel_entity_move
[17:50:01.862] -> C2S tick_end
[17:50:01.896] -> C2S pong
[17:50:01.897] <- S2C rel_entity_move
[17:50:01.897] <- S2C rel_entity_move
[17:50:01.898] <- S2C entity_move_look
[17:50:01.898] <- S2C rel_entity_move
[17:50:01.898] <- S2C rel_entity_move
[17:50:01.899] <- S2C rel_entity_move
[17:50:01.912] -> C2S tick_end
[17:50:01.913] -> C2S position
[17:50:01.940] -> C2S pong
[17:50:01.940] <- S2C rel_entity_move
[17:50:01.941] <- S2C rel_entity_move
[17:50:01.941] <- S2C entity_move_look
[17:50:01.941] <- S2C rel_entity_move
[17:50:01.942] <- S2C rel_entity_move
[17:50:01.942] <- S2C rel_entity_move
[17:50:01.964] -> C2S tick_end
[17:50:01.975] -> C2S pong
[17:50:01.976] <- S2C entity_move_look
[17:50:01.976] <- S2C rel_entity_move
[17:50:01.977] -> C2S keep_alive
[17:50:02.014] -> C2S tick_end
[17:50:02.023] -> C2S pong
[17:50:02.024] <- S2C rel_entity_move
[17:50:02.024] <- S2C rel_entity_move
[17:50:02.025] <- S2C entity_move_look
[17:50:02.025] <- S2C rel_entity_move
[17:50:02.025] <- S2C rel_entity_move
[17:50:02.064] -> C2S tick_end
[17:50:02.070] -> C2S pong
[17:50:02.071] <- S2C rel_entity_move
[17:50:02.071] <- S2C rel_entity_move
[17:50:02.071] <- S2C rel_entity_move
[17:50:02.071] <- S2C entity_move_look
[17:50:02.114] -> C2S tick_end
[17:50:02.161] -> C2S pong
[17:50:02.162] -> C2S pong
[17:50:02.162] <- S2C rel_entity_move
[17:50:02.162] <- S2C rel_entity_move
[17:50:02.163] <- S2C entity_move_look
[17:50:02.163] <- S2C rel_entity_move
[17:50:02.163] <- S2C rel_entity_move
[17:50:02.164] <- S2C rel_entity_move
[17:50:02.165] -> C2S tick_end
[17:50:02.215] -> C2S tick_end
[17:50:02.220] -> C2S pong
[17:50:02.220] <- S2C rel_entity_move
[17:50:02.221] <- S2C rel_entity_move
[17:50:02.221] <- S2C rel_entity_move
[17:50:02.262] -> C2S pong
[17:50:02.263] <- S2C rel_entity_move
[17:50:02.263] <- S2C rel_entity_move
[17:50:02.265] -> C2S tick_end
[17:50:02.315] -> C2S pong
[17:50:02.315] <- S2C rel_entity_move
[17:50:02.315] <- S2C rel_entity_move
[17:50:02.316] <- S2C entity_move_look
[17:50:02.316] <- S2C rel_entity_move
[17:50:02.316] <- S2C rel_entity_move
[17:50:02.317] <- S2C rel_entity_move
[17:50:02.318] -> C2S tick_end
[17:50:02.357] -> C2S pong
[17:50:02.358] <- S2C rel_entity_move
[17:50:02.358] <- S2C entity_move_look
[17:50:02.359] <- S2C rel_entity_move
[17:50:02.359] <- S2C rel_entity_move
[17:50:02.368] -> C2S tick_end
[17:50:02.419] -> C2S tick_end
[17:50:02.460] -> C2S pong
[17:50:02.461] -> C2S pong
[17:50:02.461] <- S2C rel_entity_move
[17:50:02.462] <- S2C entity_move_look
[17:50:02.462] <- S2C rel_entity_move
[17:50:02.463] <- S2C rel_entity_move
[17:50:02.463] <- S2C rel_entity_move
[17:50:02.463] <- S2C rel_entity_move
[17:50:02.469] -> C2S tick_end
[17:50:02.506] -> C2S pong
[17:50:02.507] <- S2C rel_entity_move
[17:50:02.507] <- S2C rel_entity_move
[17:50:02.507] <- S2C rel_entity_move
[17:50:02.508] <- S2C rel_entity_move
[17:50:02.508] <- S2C rel_entity_move
[17:50:02.521] -> C2S tick_end
[17:50:02.571] -> C2S tick_end
[17:50:02.605] -> C2S pong
[17:50:02.605] <- S2C rel_entity_move
[17:50:02.621] -> C2S tick_end
[17:50:02.664] -> C2S pong
[17:50:02.665] -> C2S pong
[17:50:02.665] <- S2C rel_entity_move
[17:50:02.665] <- S2C rel_entity_move
[17:50:02.666] <- S2C entity_move_look
[17:50:02.666] <- S2C rel_entity_move
[17:50:02.666] <- S2C rel_entity_move
[17:50:02.667] <- S2C rel_entity_move
[17:50:02.672] -> C2S tick_end
[17:50:02.714] -> C2S pong
[17:50:02.715] <- S2C rel_entity_move
[17:50:02.715] <- S2C rel_entity_move
[17:50:02.716] <- S2C rel_entity_move
[17:50:02.723] -> C2S tick_end
[17:50:02.773] -> C2S tick_end
[17:50:02.812] -> C2S pong
[17:50:02.813] -> C2S pong
[17:50:02.814] <- S2C rel_entity_move
[17:50:02.814] <- S2C rel_entity_move
[17:50:02.814] <- S2C rel_entity_move
[17:50:02.815] <- S2C rel_entity_move
[17:50:02.815] <- S2C rel_entity_move
[17:50:02.815] <- S2C rel_entity_move
[17:50:02.823] -> C2S tick_end
[17:50:02.865] -> C2S pong
[17:50:02.865] <- S2C rel_entity_move
[17:50:02.866] <- S2C entity_move_look
[17:50:02.866] <- S2C rel_entity_move
[17:50:02.866] <- S2C rel_entity_move
[17:50:02.874] -> C2S tick_end
[17:50:02.924] -> C2S tick_end
[17:50:02.924] -> C2S position
[17:50:02.955] -> C2S pong
[17:50:02.955] -> C2S pong
[17:50:02.956] <- S2C rel_entity_move
[17:50:02.956] <- S2C rel_entity_move
[17:50:02.956] <- S2C rel_entity_move
[17:50:02.957] <- S2C entity_move_look
[17:50:02.957] <- S2C rel_entity_move
[17:50:02.958] <- S2C rel_entity_move
[17:50:02.976] -> C2S tick_end
[17:50:03.004] -> C2S pong
[17:50:03.005] <- S2C rel_entity_move
[17:50:03.005] <- S2C rel_entity_move
[17:50:03.005] <- S2C rel_entity_move
[17:50:03.006] <- S2C rel_entity_move
[17:50:03.006] -> C2S keep_alive
[17:50:03.026] -> C2S tick_end
[17:50:03.076] -> C2S tick_end
[17:50:03.085] -> C2S pong
[17:50:03.086] -> C2S pong
[17:50:03.086] <- S2C rel_entity_move
[17:50:03.086] <- S2C rel_entity_move
[17:50:03.087] <- S2C rel_entity_move
[17:50:03.087] <- S2C rel_entity_move
[17:50:03.087] <- S2C rel_entity_move
[17:50:03.088] <- S2C rel_entity_move
[17:50:03.126] -> C2S tick_end
[17:50:03.134] -> C2S pong
[17:50:03.135] <- S2C rel_entity_move
[17:50:03.135] <- S2C rel_entity_move
[17:50:03.136] <- S2C rel_entity_move
[17:50:03.136] <- S2C rel_entity_move
[17:50:03.176] -> C2S tick_end
[17:50:03.225] -> C2S pong
[17:50:03.226] -> C2S pong
[17:50:03.226] <- S2C rel_entity_move
[17:50:03.227] <- S2C rel_entity_move
[17:50:03.227] <- S2C rel_entity_move
[17:50:03.227] <- S2C rel_entity_move
[17:50:03.228] <- S2C rel_entity_move
[17:50:03.228] <- S2C rel_entity_move
[17:50:03.229] -> C2S tick_end
[17:50:03.273] -> C2S pong
[17:50:03.273] <- S2C rel_entity_move
[17:50:03.274] <- S2C rel_entity_move
[17:50:03.274] <- S2C rel_entity_move
[17:50:03.274] <- S2C rel_entity_move
[17:50:03.274] <- S2C rel_entity_move
[17:50:03.275] <- S2C rel_entity_move
[17:50:03.281] -> C2S tick_end
[17:50:03.331] -> C2S tick_end
[17:50:03.381] -> C2S tick_end
[17:50:03.401] -> C2S pong
[17:50:03.401] -> C2S pong
[17:50:03.401] <- S2C rel_entity_move
[17:50:03.402] <- S2C rel_entity_move
[17:50:03.402] <- S2C rel_entity_move
[17:50:03.402] <- S2C rel_entity_move
[17:50:03.402] <- S2C rel_entity_move
[17:50:03.403] <- S2C rel_entity_move
[17:50:03.416] -> C2S pong
[17:50:03.417] <- S2C rel_entity_move
[17:50:03.417] <- S2C rel_entity_move
[17:50:03.417] <- S2C rel_entity_move
[17:50:03.418] <- S2C rel_entity_move
[17:50:03.431] -> C2S tick_end
[17:50:03.482] -> C2S tick_end
[17:50:03.508] -> C2S pong
[17:50:03.508] <- S2C rel_entity_move
[17:50:03.509] <- S2C rel_entity_move
[17:50:03.509] <- S2C rel_entity_move
[17:50:03.509] <- S2C rel_entity_move
[17:50:03.510] <- S2C rel_entity_move
[17:50:03.510] <- S2C rel_entity_move
[17:50:03.532] -> C2S tick_end
[17:50:03.564] -> C2S pong
[17:50:03.565] <- S2C rel_entity_move
[17:50:03.565] <- S2C rel_entity_move
[17:50:03.565] <- S2C rel_entity_move
[17:50:03.566] <- S2C rel_entity_move
[17:50:03.566] <- S2C rel_entity_move
[17:50:03.566] <- S2C rel_entity_move
[17:50:03.566] <- S2C rel_entity_move
[17:50:03.583] -> C2S tick_end
[17:50:03.633] -> C2S tick_end
[17:50:03.683] -> C2S tick_end
[17:50:03.707] -> C2S pong
[17:50:03.708] -> C2S pong
[17:50:03.708] <- S2C rel_entity_move
[17:50:03.709] <- S2C rel_entity_move
[17:50:03.709] <- S2C rel_entity_move
[17:50:03.709] <- S2C rel_entity_move
[17:50:03.710] <- S2C rel_entity_move
[17:50:03.710] <- S2C rel_entity_move
[17:50:03.710] <- S2C entity_move_look
[17:50:03.734] -> C2S tick_end
[17:50:03.775] -> C2S pong
[17:50:03.776] <- S2C rel_entity_move
[17:50:03.776] <- S2C rel_entity_move
[17:50:03.777] <- S2C rel_entity_move
[17:50:03.777] <- S2C rel_entity_move
[17:50:03.784] -> C2S tick_end
[17:50:03.834] -> C2S tick_end
[17:50:03.861] -> C2S pong
[17:50:03.862] <- S2C entity_move_look
[17:50:03.884] -> C2S tick_end
[17:50:03.934] -> C2S pong
[17:50:03.935] <- S2C rel_entity_move
[17:50:03.935] <- S2C rel_entity_move
[17:50:03.935] <- S2C rel_entity_move
[17:50:03.936] <- S2C rel_entity_move
[17:50:03.936] <- S2C rel_entity_move
[17:50:03.936] <- S2C rel_entity_move
[17:50:03.938] -> C2S tick_end
[17:50:03.939] -> C2S position
[17:50:03.985] -> C2S pong
[17:50:03.986] <- S2C rel_entity_move
[17:50:03.986] <- S2C rel_entity_move
[17:50:03.986] <- S2C rel_entity_move
[17:50:03.986] <- S2C rel_entity_move
[17:50:03.988] -> C2S tick_end
[17:50:04.038] -> C2S pong
[17:50:04.039] <- S2C rel_entity_move
[17:50:04.040] <- S2C rel_entity_move
[17:50:04.040] <- S2C rel_entity_move
[17:50:04.041] -> C2S keep_alive
[17:50:04.043] -> C2S tick_end
[17:50:04.084] -> C2S pong
[17:50:04.085] <- S2C rel_entity_move
[17:50:04.085] <- S2C rel_entity_move
[17:50:04.086] <- S2C rel_entity_move
[17:50:04.086] <- S2C rel_entity_move
[17:50:04.086] <- S2C rel_entity_move
[17:50:04.086] <- S2C rel_entity_move
[17:50:04.087] <- S2C rel_entity_move
[17:50:04.094] -> C2S tick_end
[17:50:04.140] -> C2S pong
[17:50:04.141] <- S2C rel_entity_move
[17:50:04.141] <- S2C rel_entity_move
[17:50:04.141] <- S2C rel_entity_move
[17:50:04.142] <- S2C entity_move_look
[17:50:04.143] -> C2S tick_end
[17:50:04.184] -> C2S pong
[17:50:04.185] <- S2C rel_entity_move
[17:50:04.195] -> C2S tick_end
[17:50:04.246] -> C2S tick_end
[17:50:04.247] -> C2S tick_end
[17:50:04.297] -> C2S tick_end
[17:50:04.307] -> C2S pong
[17:50:04.308] <- S2C rel_entity_move
[17:50:04.308] <- S2C rel_entity_move
[17:50:04.308] <- S2C rel_entity_move
[17:50:04.309] <- S2C rel_entity_move
[17:50:04.309] <- S2C rel_entity_move
[17:50:04.309] <- S2C rel_entity_move
[17:50:04.349] -> C2S tick_end
[17:50:04.398] -> C2S tick_end
[17:50:04.413] -> C2S pong
[17:50:04.414] <- S2C rel_entity_move
[17:50:04.414] <- S2C rel_entity_move
[17:50:04.414] <- S2C rel_entity_move
[17:50:04.414] <- S2C rel_entity_move
[17:50:04.415] <- S2C rel_entity_move
[17:50:04.449] -> C2S tick_end
[17:50:04.500] -> C2S pong
[17:50:04.501] -> C2S pong
[17:50:04.501] <- S2C rel_entity_move
[17:50:04.502] <- S2C rel_entity_move
[17:50:04.502] <- S2C rel_entity_move
[17:50:04.502] <- S2C rel_entity_move
[17:50:04.503] <- S2C rel_entity_move
[17:50:04.503] <- S2C rel_entity_move
[17:50:04.503] <- S2C sync_entity_position id=55052344 change=undefined rel=undefined
[17:50:04.505] -> C2S tick_end
[17:50:04.550] -> C2S pong
[17:50:04.550] <- S2C rel_entity_move
[17:50:04.551] <- S2C rel_entity_move
[17:50:04.551] <- S2C rel_entity_move
[17:50:04.551] <- S2C rel_entity_move
[17:50:04.556] -> C2S tick_end
[17:50:04.606] -> C2S tick_end
[17:50:04.618] -> C2S pong
[17:50:04.619] <- S2C rel_entity_move
[17:50:04.656] -> C2S tick_end
[17:50:04.706] -> C2S tick_end
[17:50:04.739] -> C2S pong
[17:50:04.740] -> C2S pong
[17:50:04.740] <- S2C rel_entity_move
[17:50:04.741] <- S2C rel_entity_move
[17:50:04.741] <- S2C entity_move_look
[17:50:04.741] <- S2C rel_entity_move
[17:50:04.742] <- S2C rel_entity_move
[17:50:04.742] <- S2C rel_entity_move
[17:50:04.742] <- S2C rel_entity_move
[17:50:04.756] -> C2S tick_end
[17:50:04.795] -> C2S pong
[17:50:04.796] <- S2C rel_entity_move
[17:50:04.796] <- S2C rel_entity_move
[17:50:04.796] <- S2C rel_entity_move
[17:50:04.797] <- S2C rel_entity_move
[17:50:04.797] <- S2C entity_move_look
[17:50:04.807] -> C2S tick_end
[17:50:04.857] -> C2S tick_end
[17:50:04.894] -> C2S pong
[17:50:04.895] -> C2S pong
[17:50:04.895] <- S2C rel_entity_move
[17:50:04.895] <- S2C rel_entity_move
[17:50:04.896] <- S2C rel_entity_move
[17:50:04.896] <- S2C rel_entity_move
[17:50:04.896] <- S2C rel_entity_move
[17:50:04.897] <- S2C rel_entity_move
[17:50:04.897] <- S2C rel_entity_move
[17:50:04.897] <- S2C entity_move_look
[17:50:04.907] -> C2S tick_end
[17:50:04.949] -> C2S pong
[17:50:04.950] <- S2C rel_entity_move
[17:50:04.950] <- S2C rel_entity_move
[17:50:04.950] <- S2C rel_entity_move
[17:50:04.951] <- S2C rel_entity_move
[17:50:04.951] <- S2C rel_entity_move
[17:50:04.951] <- S2C rel_entity_move
[17:50:04.958] -> C2S tick_end
[17:50:04.959] -> C2S position
[17:50:04.991] -> C2S pong
[17:50:04.992] <- S2C sync_entity_position id=55052344 change=undefined rel=undefined
[17:50:05.008] -> C2S tick_end
[17:50:05.050] -> C2S pong
[17:50:05.050] <- S2C rel_entity_move
[17:50:05.051] <- S2C rel_entity_move
[17:50:05.051] <- S2C rel_entity_move
[17:50:05.051] <- S2C rel_entity_move
[17:50:05.052] <- S2C rel_entity_move
[17:50:05.052] <- S2C rel_entity_move
[17:50:05.052] <- S2C rel_entity_move
[17:50:05.053] -> C2S keep_alive
[17:50:05.059] -> C2S tick_end
[17:50:05.095] -> C2S pong
[17:50:05.097] -> C2S pong
[17:50:05.097] <- S2C rel_entity_move
[17:50:05.098] <- S2C rel_entity_move
[17:50:05.098] <- S2C rel_entity_move
[17:50:05.098] <- S2C rel_entity_move
[17:50:05.098] <- S2C rel_entity_move
[17:50:05.099] <- S2C sync_entity_position id=56574197 change=undefined rel=undefined
[17:50:05.110] -> C2S pong
[17:50:05.115] -> C2S tick_end
[17:50:05.166] -> C2S tick_end
[17:50:05.211] -> C2S pong
[17:50:05.213] <- S2C rel_entity_move
[17:50:05.213] <- S2C rel_entity_move
[17:50:05.214] <- S2C rel_entity_move
[17:50:05.214] <- S2C rel_entity_move
[17:50:05.215] <- S2C rel_entity_move
[17:50:05.215] <- S2C rel_entity_move
[17:50:05.215] <- S2C rel_entity_move
[17:50:05.216] <- S2C rel_entity_move
[17:50:05.217] -> C2S tick_end
[17:50:05.267] -> C2S tick_end
[17:50:05.295] -> C2S pong
[17:50:05.296] <- S2C rel_entity_move
[17:50:05.296] <- S2C rel_entity_move
[17:50:05.297] <- S2C rel_entity_move
[17:50:05.297] <- S2C rel_entity_move
[17:50:05.297] <- S2C rel_entity_move
[17:50:05.298] <- S2C rel_entity_move
[17:50:05.317] -> C2S tick_end
[17:50:05.368] -> C2S tick_end
[17:50:05.393] -> C2S pong
[17:50:05.394] <- S2C sync_entity_position id=55052344 change=undefined rel=undefined
[17:50:05.394] <- S2C sync_entity_position id=56574195 change=undefined rel=undefined
[17:50:05.419] -> C2S tick_end
[17:50:05.449] -> C2S pong
[17:50:05.450] -> C2S pong
[17:50:05.450] <- S2C rel_entity_move
[17:50:05.450] <- S2C rel_entity_move
[17:50:05.451] <- S2C rel_entity_move
[17:50:05.451] <- S2C rel_entity_move
[17:50:05.451] <- S2C rel_entity_move
[17:50:05.451] <- S2C rel_entity_move
[17:50:05.451] <- S2C rel_entity_move
[17:50:05.468] -> C2S tick_end
[17:50:05.501] -> C2S pong
[17:50:05.501] <- S2C rel_entity_move
[17:50:05.502] <- S2C rel_entity_move
[17:50:05.502] <- S2C rel_entity_move
[17:50:05.502] <- S2C rel_entity_move
[17:50:05.503] <- S2C rel_entity_move
[17:50:05.518] -> C2S tick_end
[17:50:05.569] -> C2S tick_end
[17:50:05.619] -> C2S tick_end
[17:50:05.626] -> C2S pong
[17:50:05.627] -> C2S pong
[17:50:05.627] <- S2C rel_entity_move
[17:50:05.627] <- S2C rel_entity_move
[17:50:05.628] <- S2C rel_entity_move
[17:50:05.628] <- S2C rel_entity_move
[17:50:05.628] <- S2C rel_entity_move
[17:50:05.629] <- S2C rel_entity_move
[17:50:05.629] <- S2C rel_entity_move
[17:50:05.629] <- S2C sync_entity_position id=56572103 change=undefined rel=undefined
[17:50:05.670] -> C2S tick_end
[17:50:05.685] -> C2S pong
[17:50:05.685] <- S2C rel_entity_move
[17:50:05.686] <- S2C rel_entity_move
[17:50:05.686] <- S2C rel_entity_move
[17:50:05.687] <- S2C rel_entity_move
[17:50:05.720] -> C2S tick_end
[17:50:05.729] -> C2S pong
[17:50:05.730] <- S2C rel_entity_move
[17:50:05.730] <- S2C rel_entity_move
[17:50:05.731] <- S2C rel_entity_move
[17:50:05.770] -> C2S tick_end
[17:50:05.821] -> C2S tick_end
[17:50:05.822] -> C2S pong
[17:50:05.822] <- S2C rel_entity_move
[17:50:05.823] <- S2C rel_entity_move
[17:50:05.823] <- S2C rel_entity_move
[17:50:05.823] <- S2C rel_entity_move
[17:50:05.823] <- S2C rel_entity_move
[17:50:05.824] <- S2C rel_entity_move
[17:50:05.871] -> C2S tick_end
[17:50:05.875] -> C2S pong
[17:50:05.876] -> C2S pong
[17:50:05.877] -> C2S pong
[17:50:05.878] <- S2C rel_entity_move
[17:50:05.878] <- S2C rel_entity_move
[17:50:05.878] <- S2C rel_entity_move
[17:50:05.879] <- S2C rel_entity_move
[17:50:05.879] <- S2C sync_entity_position id=55052344 change=undefined rel=undefined
[17:50:05.921] -> C2S tick_end
[17:50:05.936] -> C2S pong
[17:50:05.972] -> C2S tick_end
[17:50:05.973] -> C2S position
[17:50:05.977] -> C2S pong
[17:50:05.978] -> C2S pong
[17:50:05.978] <- S2C rel_entity_move
[17:50:05.979] <- S2C rel_entity_move
[17:50:05.979] <- S2C rel_entity_move
[17:50:05.979] <- S2C rel_entity_move
[17:50:05.980] <- S2C rel_entity_move
[17:50:06.023] -> C2S tick_end
[17:50:06.031] -> C2S pong
[17:50:06.032] <- S2C rel_entity_move
[17:50:06.032] <- S2C rel_entity_move
[17:50:06.032] <- S2C rel_entity_move
[17:50:06.032] <- S2C rel_entity_move
[17:50:06.074] -> C2S tick_end
[17:50:06.080] -> C2S pong
[17:50:06.080] <- S2C rel_entity_move
[17:50:06.081] -> C2S keep_alive
[17:50:06.125] -> C2S tick_end
[17:50:06.139] -> C2S pong
[17:50:06.140] <- S2C rel_entity_move
[17:50:06.140] <- S2C rel_entity_move
[17:50:06.140] <- S2C rel_entity_move
[17:50:06.141] <- S2C rel_entity_move
[17:50:06.141] <- S2C rel_entity_move
[17:50:06.141] <- S2C entity_move_look
[17:50:06.141] <- S2C sync_entity_position id=55052344 change=undefined rel=undefined
[17:50:06.176] -> C2S tick_end
[17:50:06.192] -> C2S pong
[17:50:06.192] <- S2C rel_entity_move
[17:50:06.192] <- S2C rel_entity_move
[17:50:06.193] <- S2C rel_entity_move
[17:50:06.193] <- S2C rel_entity_move
[17:50:06.193] <- S2C rel_entity_move
[17:50:06.226] -> C2S tick_end
[17:50:06.286] -> C2S tick_end
[17:50:06.309] -> C2S pong
[17:50:06.310] -> C2S pong
[17:50:06.310] <- S2C rel_entity_move
[17:50:06.310] <- S2C rel_entity_move
[17:50:06.311] <- S2C rel_entity_move
[17:50:06.311] <- S2C entity_move_look
[17:50:06.311] <- S2C rel_entity_move
[17:50:06.312] <- S2C rel_entity_move
[17:50:06.327] -> C2S tick_end
[17:50:06.378] -> C2S tick_end
[17:50:06.384] -> C2S pong
[17:50:06.385] <- S2C rel_entity_move
[17:50:06.385] <- S2C rel_entity_move
[17:50:06.386] <- S2C rel_entity_move
[17:50:06.386] <- S2C rel_entity_move
[17:50:06.428] -> C2S tick_end
[17:50:06.475] -> C2S pong
[17:50:06.476] <- S2C rel_entity_move
[17:50:06.480] -> C2S tick_end
[17:50:06.530] -> C2S tick_end
[17:50:06.536] -> C2S pong
[17:50:06.537] <- S2C rel_entity_move
[17:50:06.537] <- S2C rel_entity_move
[17:50:06.537] <- S2C rel_entity_move
[17:50:06.538] <- S2C rel_entity_move
[17:50:06.538] <- S2C rel_entity_move
[17:50:06.538] <- S2C rel_entity_move
[17:50:06.580] -> C2S tick_end
[17:50:06.630] -> C2S tick_end
[17:50:06.647] -> C2S pong
[17:50:06.648] -> C2S pong
[17:50:06.648] <- S2C rel_entity_move
[17:50:06.649] <- S2C rel_entity_move
[17:50:06.649] <- S2C rel_entity_move
[17:50:06.649] <- S2C entity_move_look
[17:50:06.649] <- S2C rel_entity_move
[17:50:06.680] -> C2S tick_end
[17:50:06.730] -> C2S tick_end
[17:50:06.762] -> C2S pong
[17:50:06.763] -> C2S pong
[17:50:06.763] <- S2C rel_entity_move
[17:50:06.764] <- S2C rel_entity_move
[17:50:06.764] <- S2C rel_entity_move
[17:50:06.764] <- S2C entity_move_look
[17:50:06.765] <- S2C rel_entity_move
[17:50:06.765] <- S2C rel_entity_move
[17:50:06.765] <- S2C sync_entity_position id=55052344 change=undefined rel=undefined
[17:50:06.780] -> C2S tick_end
[17:50:06.827] -> C2S pong
[17:50:06.828] <- S2C rel_entity_move
[17:50:06.829] <- S2C rel_entity_move
[17:50:06.829] <- S2C rel_entity_move
[17:50:06.830] <- S2C rel_entity_move
[17:50:06.831] -> C2S tick_end
[17:50:06.881] -> C2S tick_end
[17:50:06.883] -> C2S pong
[17:50:06.883] <- S2C rel_entity_move
[17:50:06.931] -> C2S tick_end
[17:50:06.940] -> C2S pong
[17:50:06.941] <- S2C rel_entity_move
[17:50:06.941] <- S2C rel_entity_move
[17:50:06.941] <- S2C rel_entity_move
[17:50:06.941] <- S2C rel_entity_move
[17:50:06.942] <- S2C rel_entity_move
[17:50:06.942] <- S2C rel_entity_move
[17:50:06.942] <- S2C sync_entity_position id=55052344 change=undefined rel=undefined
[17:50:06.982] -> C2S tick_end
[17:50:06.983] -> C2S position
[17:50:06.985] -> C2S pong
[17:50:06.986] <- S2C rel_entity_move
[17:50:06.986] <- S2C rel_entity_move
[17:50:06.987] <- S2C rel_entity_move
[17:50:06.987] <- S2C entity_move_look
[17:50:06.987] <- S2C rel_entity_move
[17:50:06.987] <- S2C rel_entity_move
[17:50:06.988] <- S2C rel_entity_move
[17:50:07.033] -> C2S tick_end
[17:50:07.084] -> C2S tick_end
[17:50:07.097] -> C2S pong
[17:50:07.098] -> C2S pong
[17:50:07.098] <- S2C rel_entity_move
[17:50:07.099] <- S2C rel_entity_move
[17:50:07.099] <- S2C rel_entity_move
[17:50:07.099] <- S2C rel_entity_move
[17:50:07.099] <- S2C rel_entity_move
[17:50:07.100] <- S2C rel_entity_move
[17:50:07.100] <- S2C rel_entity_move
[17:50:07.100] -> C2S keep_alive
[17:50:07.135] -> C2S tick_end
[17:50:07.146] -> C2S pong
[17:50:07.147] <- S2C rel_entity_move
[17:50:07.147] <- S2C rel_entity_move
[17:50:07.148] <- S2C entity_move_look
[17:50:07.148] <- S2C rel_entity_move
[17:50:07.149] <- S2C rel_entity_move
[17:50:07.185] -> C2S tick_end
[17:50:07.193] -> C2S pong
[17:50:07.194] <- S2C rel_entity_move
[17:50:07.232] -> C2S pong
[17:50:07.232] <- S2C rel_entity_move
[17:50:07.233] <- S2C rel_entity_move
[17:50:07.233] <- S2C rel_entity_move
[17:50:07.233] <- S2C rel_entity_move
[17:50:07.233] <- S2C rel_entity_move
[17:50:07.234] <- S2C rel_entity_move
[17:50:07.234] <- S2C entity_move_look
[17:50:07.236] -> C2S tick_end
[17:50:07.273] -> C2S pong
[17:50:07.273] <- S2C rel_entity_move
[17:50:07.274] <- S2C rel_entity_move
[17:50:07.274] <- S2C rel_entity_move
[17:50:07.274] <- S2C rel_entity_move
[17:50:07.274] <- S2C rel_entity_move
[17:50:07.275] <- S2C rel_entity_move
[17:50:07.275] <- S2C rel_entity_move
[17:50:07.275] <- S2C rel_entity_move
[17:50:07.285] -> C2S tick_end
[17:50:07.336] -> C2S tick_end
[17:50:07.386] -> C2S tick_end
[17:50:07.436] -> C2S tick_end
[17:50:07.460] -> C2S pong
[17:50:07.461] <- S2C rel_entity_move
[17:50:07.461] <- S2C rel_entity_move
[17:50:07.462] <- S2C rel_entity_move
[17:50:07.462] <- S2C rel_entity_move
[17:50:07.462] <- S2C rel_entity_move
[17:50:07.463] <- S2C rel_entity_move
[17:50:07.463] <- S2C rel_entity_move
[17:50:07.463] <- S2C rel_entity_move
[17:50:07.481] -> C2S pong
[17:50:07.481] <- S2C rel_entity_move
[17:50:07.481] <- S2C rel_entity_move
[17:50:07.482] <- S2C entity_move_look
[17:50:07.482] <- S2C entity_move_look
[17:50:07.482] <- S2C rel_entity_move
[17:50:07.482] <- S2C rel_entity_move
[17:50:07.487] -> C2S tick_end
[17:50:07.525] -> C2S pong
[17:50:07.525] <- S2C rel_entity_move
[17:50:07.526] <- S2C sync_entity_position id=55052344 change=undefined rel=undefined
[17:50:07.537] -> C2S tick_end
[17:50:07.577] -> C2S pong
[17:50:07.577] <- S2C entity_move_look
[17:50:07.578] <- S2C rel_entity_move
[17:50:07.578] <- S2C rel_entity_move
[17:50:07.578] <- S2C rel_entity_move
[17:50:07.579] <- S2C rel_entity_move
[17:50:07.579] <- S2C rel_entity_move
[17:50:07.579] <- S2C rel_entity_move
[17:50:07.579] <- S2C rel_entity_move
[17:50:07.580] <- S2C rel_entity_move
[17:50:07.580] <- S2C rel_entity_move
[17:50:07.587] -> C2S tick_end
[17:50:07.623] -> C2S pong
[17:50:07.624] <- S2C rel_entity_move
[17:50:07.624] <- S2C rel_entity_move
[17:50:07.625] <- S2C rel_entity_move
[17:50:07.625] <- S2C rel_entity_move
[17:50:07.625] <- S2C entity_move_look
[17:50:07.625] <- S2C rel_entity_move
[17:50:07.626] <- S2C rel_entity_move
[17:50:07.626] <- S2C rel_entity_move
[17:50:07.637] -> C2S tick_end
[17:50:07.674] -> C2S pong
[17:50:07.675] <- S2C rel_entity_move
[17:50:07.675] <- S2C rel_entity_move
[17:50:07.687] -> C2S tick_end
[17:50:07.732] -> C2S pong
[17:50:07.732] <- S2C rel_entity_move
[17:50:07.733] <- S2C rel_entity_move
[17:50:07.733] <- S2C rel_entity_move
[17:50:07.733] <- S2C rel_entity_move
[17:50:07.733] <- S2C rel_entity_move
[17:50:07.734] <- S2C rel_entity_move
[17:50:07.734] <- S2C entity_move_look
[17:50:07.734] <- S2C rel_entity_move
[17:50:07.735] <- S2C sync_entity_position id=55052344 change=undefined rel=undefined
[17:50:07.737] -> C2S tick_end
[17:50:07.777] -> C2S pong
[17:50:07.778] <- S2C rel_entity_move
[17:50:07.778] <- S2C rel_entity_move
[17:50:07.779] <- S2C rel_entity_move
[17:50:07.779] <- S2C rel_entity_move
[17:50:07.779] <- S2C rel_entity_move
[17:50:07.779] <- S2C rel_entity_move
[17:50:07.780] <- S2C entity_move_look
[17:50:07.780] <- S2C rel_entity_move
[17:50:07.796] -> C2S tick_end
[17:50:07.819] -> C2S pong
[17:50:07.820] <- S2C rel_entity_move
[17:50:07.820] <- S2C rel_entity_move
[17:50:07.820] <- S2C rel_entity_move
[17:50:07.847] -> C2S tick_end
[17:50:07.848] -> C2S tick_end
[17:50:07.897] -> C2S tick_end
[17:50:07.930] -> C2S pong
[17:50:07.930] <- S2C rel_entity_move
[17:50:07.931] <- S2C rel_entity_move
[17:50:07.931] <- S2C rel_entity_move
[17:50:07.931] <- S2C rel_entity_move
[17:50:07.932] <- S2C rel_entity_move
[17:50:07.932] <- S2C rel_entity_move
[17:50:07.932] <- S2C rel_entity_move
[17:50:07.932] <- S2C rel_entity_move
[17:50:07.948] -> C2S tick_end
[17:50:07.982] -> C2S pong
[17:50:07.983] <- S2C rel_entity_move
[17:50:07.983] <- S2C rel_entity_move
[17:50:07.983] <- S2C rel_entity_move
[17:50:07.983] <- S2C rel_entity_move
[17:50:07.984] <- S2C rel_entity_move
[17:50:07.984] <- S2C rel_entity_move
[17:50:07.984] <- S2C rel_entity_move
[17:50:07.998] -> C2S tick_end
[17:50:07.999] -> C2S position
[17:50:08.050] -> C2S tick_end
[17:50:08.102] -> C2S tick_end
[17:50:08.107] -> C2S keep_alive
[17:50:08.152] -> C2S tick_end
[17:50:08.162] -> C2S pong
[17:50:08.163] -> C2S pong
[17:50:08.163] <- S2C rel_entity_move
[17:50:08.164] <- S2C rel_entity_move
[17:50:08.164] <- S2C rel_entity_move
[17:50:08.165] <- S2C rel_entity_move
[17:50:08.165] <- S2C rel_entity_move
[17:50:08.165] <- S2C rel_entity_move
[17:50:08.165] <- S2C rel_entity_move
[17:50:08.166] <- S2C entity_move_look
[17:50:08.166] <- S2C entity_move_look
[17:50:08.202] -> C2S tick_end
[17:50:08.218] -> C2S pong
[17:50:08.218] <- S2C rel_entity_move
[17:50:08.218] <- S2C rel_entity_move
[17:50:08.219] <- S2C rel_entity_move
[17:50:08.219] <- S2C rel_entity_move
[17:50:08.219] <- S2C entity_move_look
[17:50:08.220] <- S2C rel_entity_move
[17:50:08.254] -> C2S tick_end
[17:50:08.276] -> C2S pong
[17:50:08.277] <- S2C sync_entity_position id=55052344 change=undefined rel=undefined
[17:50:08.304] -> C2S tick_end
[17:50:08.328] -> C2S pong
[17:50:08.328] <- S2C rel_entity_move
[17:50:08.329] <- S2C rel_entity_move
[17:50:08.329] <- S2C rel_entity_move
[17:50:08.329] <- S2C rel_entity_move
[17:50:08.330] <- S2C rel_entity_move
[17:50:08.330] <- S2C rel_entity_move
[17:50:08.330] <- S2C rel_entity_move
[17:50:08.330] <- S2C rel_entity_move
[17:50:08.355] -> C2S tick_end
[17:50:08.405] -> C2S pong
[17:50:08.406] <- S2C rel_entity_move
[17:50:08.406] <- S2C rel_entity_move
[17:50:08.406] <- S2C rel_entity_move
[17:50:08.407] <- S2C rel_entity_move
[17:50:08.407] <- S2C entity_move_look
[17:50:08.407] <- S2C rel_entity_move
[17:50:08.407] <- S2C rel_entity_move
[17:50:08.413] -> C2S tick_end
[17:50:08.457] -> C2S pong
[17:50:08.458] -> C2S pong
[17:50:08.458] <- S2C rel_entity_move
[17:50:08.459] <- S2C rel_entity_move
[17:50:08.459] <- S2C rel_entity_move
[17:50:08.459] <- S2C rel_entity_move
[17:50:08.460] <- S2C rel_entity_move
[17:50:08.460] <- S2C entity_move_look
[17:50:08.461] <- S2C rel_entity_move
[17:50:08.463] -> C2S tick_end
[17:50:08.502] -> C2S pong
[17:50:08.502] <- S2C rel_entity_move
[17:50:08.503] <- S2C rel_entity_move
[17:50:08.503] <- S2C rel_entity_move
[17:50:08.503] <- S2C rel_entity_move
[17:50:08.503] <- S2C rel_entity_move
[17:50:08.504] <- S2C rel_entity_move
[17:50:08.513] -> C2S tick_end
[17:50:08.564] -> C2S tick_end
[17:50:08.615] -> C2S tick_end
[17:50:08.647] -> C2S pong
[17:50:08.647] -> C2S pong
[17:50:08.648] <- S2C rel_entity_move
[17:50:08.648] <- S2C rel_entity_move
[17:50:08.649] <- S2C rel_entity_move
[17:50:08.649] <- S2C rel_entity_move
[17:50:08.649] <- S2C rel_entity_move
[17:50:08.650] <- S2C rel_entity_move
[17:50:08.650] <- S2C sync_entity_position id=55052344 change=undefined rel=undefined
[17:50:08.664] -> C2S tick_end
[17:50:08.712] -> C2S pong
[17:50:08.713] <- S2C rel_entity_move
[17:50:08.713] <- S2C rel_entity_move
[17:50:08.713] <- S2C rel_entity_move
[17:50:08.713] <- S2C rel_entity_move
[17:50:08.714] <- S2C entity_move_look
[17:50:08.714] <- S2C rel_entity_move
[17:50:08.714] <- S2C rel_entity_move
[17:50:08.716] -> C2S tick_end
[17:50:08.763] -> C2S pong
[17:50:08.763] <- S2C rel_entity_move
[17:50:08.764] <- S2C rel_entity_move
[17:50:08.766] -> C2S tick_end
[17:50:08.817] -> C2S tick_end
[17:50:08.822] -> C2S pong
[17:50:08.823] <- S2C rel_entity_move
[17:50:08.823] <- S2C rel_entity_move
[17:50:08.823] <- S2C rel_entity_move
[17:50:08.823] <- S2C rel_entity_move
[17:50:08.824] <- S2C rel_entity_move
[17:50:08.824] <- S2C rel_entity_move
[17:50:08.824] <- S2C entity_move_look
[17:50:08.825] <- S2C rel_entity_move
[17:50:08.869] -> C2S tick_end
[17:50:08.875] -> C2S pong
[17:50:08.876] <- S2C rel_entity_move
[17:50:08.876] <- S2C rel_entity_move
[17:50:08.877] <- S2C rel_entity_move
[17:50:08.877] <- S2C rel_entity_move
[17:50:08.877] <- S2C entity_move_look
[17:50:08.878] <- S2C rel_entity_move
[17:50:08.919] -> C2S tick_end
[17:50:08.946] -> C2S pong
[17:50:08.946] <- S2C rel_entity_move
[17:50:08.969] -> C2S tick_end
[17:50:09.004] -> C2S pong
[17:50:09.004] <- S2C rel_entity_move
[17:50:09.004] <- S2C rel_entity_move
[17:50:09.005] <- S2C rel_entity_move
[17:50:09.005] <- S2C rel_entity_move
[17:50:09.005] <- S2C rel_entity_move
[17:50:09.005] <- S2C rel_entity_move
[17:50:09.021] -> C2S tick_end
[17:50:09.021] -> C2S position
[17:50:09.055] -> C2S pong
[17:50:09.055] <- S2C rel_entity_move
[17:50:09.056] <- S2C rel_entity_move
[17:50:09.056] <- S2C rel_entity_move
[17:50:09.056] <- S2C rel_entity_move
[17:50:09.057] <- S2C entity_move_look
[17:50:09.057] <- S2C rel_entity_move
[17:50:09.057] <- S2C sync_entity_position id=55052344 change=undefined rel=undefined
[17:50:09.071] -> C2S tick_end
[17:50:09.110] -> C2S keep_alive
[17:50:09.122] -> C2S tick_end
[17:50:09.169] -> C2S pong
[17:50:09.170] -> C2S pong
[17:50:09.171] <- S2C rel_entity_move
[17:50:09.171] <- S2C rel_entity_move
[17:50:09.171] <- S2C rel_entity_move
[17:50:09.172] <- S2C rel_entity_move
[17:50:09.172] <- S2C rel_entity_move
[17:50:09.172] <- S2C entity_move_look
[17:50:09.173] <- S2C rel_entity_move
[17:50:09.175] -> C2S tick_end
[17:50:09.221] -> C2S pong
[17:50:09.222] <- S2C rel_entity_move
[17:50:09.222] <- S2C rel_entity_move
[17:50:09.223] <- S2C rel_entity_move
[17:50:09.223] <- S2C rel_entity_move
[17:50:09.223] <- S2C entity_move_look
[17:50:09.224] <- S2C entity_move_look
[17:50:09.224] <- S2C sync_entity_position id=55052344 change=undefined rel=undefined
[17:50:09.226] -> C2S tick_end
[17:50:09.226] -> C2S position
[17:50:09.276] -> C2S tick_end
[17:50:09.277] -> C2S position
[17:50:09.277] -> C2S pong
[17:50:09.278] <- S2C rel_entity_move
[17:50:09.328] -> C2S tick_end
[17:50:09.328] -> C2S position
[17:50:09.361] -> C2S pong
[17:50:09.361] <- S2C entity_move_look
[17:50:09.361] <- S2C rel_entity_move
[17:50:09.362] <- S2C rel_entity_move
[17:50:09.362] <- S2C rel_entity_move
[17:50:09.362] <- S2C rel_entity_move
[17:50:09.362] <- S2C entity_move_look
[17:50:09.377] -> C2S tick_end
[17:50:09.378] -> C2S position
[17:50:09.394] -> C2S pong
[17:50:09.394] <- S2C rel_entity_move
[17:50:09.395] <- S2C rel_entity_move
[17:50:09.395] <- S2C rel_entity_move
[17:50:09.395] <- S2C rel_entity_move
[17:50:09.395] <- S2C rel_entity_move
[17:50:09.396] <- S2C rel_entity_move
[17:50:09.396] <- S2C rel_entity_move
[17:50:09.427] -> C2S tick_end
[17:50:09.428] -> C2S position
[17:50:09.429] -> C2S pong
[17:50:09.430] <- S2C position pos={"teleportId":-1368622240,"x":6289.500000016139,"y":76,"z":-3434.4016920174317,"dx":0,"dy":0,"dz":0,"yaw":0,"pitch":0,"flags":{"_value":24,"x":false,"y":false,"z":false,"yaw":true,"pitch":true,"dx":false,"dy":false,"dz":false,"yawDelta":false}} relatives=undefined teleportId=-1368622240
[17:50:09.430] -> C2S teleport_confirm
[17:50:09.431] -> C2S position_look
[17:50:09.431] -> C2S pong
[17:50:09.432] -> C2S pong
[17:50:09.445] -> C2S pong
[17:50:09.448] -> C2S pong
[17:50:09.478] -> C2S tick_end
[17:50:09.479] -> C2S position_look
[17:50:09.495] -> C2S pong
[17:50:09.495] <- S2C rel_entity_move
[17:50:09.496] <- S2C rel_entity_move
[17:50:09.496] <- S2C rel_entity_move
[17:50:09.496] <- S2C rel_entity_move
[17:50:09.497] <- S2C rel_entity_move
[17:50:09.497] <- S2C rel_entity_move
[17:50:09.497] <- S2C entity_move_look
[17:50:09.497] <- S2C rel_entity_move
[17:50:09.527] -> C2S tick_end
[17:50:09.528] -> C2S position
[17:50:09.558] -> C2S pong
[17:50:09.558] <- S2C rel_entity_move
[17:50:09.559] <- S2C rel_entity_move
[17:50:09.559] <- S2C rel_entity_move
[17:50:09.559] <- S2C rel_entity_move
[17:50:09.559] <- S2C rel_entity_move
[17:50:09.560] <- S2C rel_entity_move
[17:50:09.579] -> C2S tick_end
[17:50:09.580] -> C2S position
[17:50:09.621] -> C2S pong
[17:50:09.622] <- S2C rel_entity_move
[17:50:09.629] -> C2S tick_end
[17:50:09.629] -> C2S position
[17:50:09.633] -> C2S pong
[17:50:09.633] <- S2C rel_entity_move
[17:50:09.634] <- S2C rel_entity_move
[17:50:09.634] <- S2C rel_entity_move
[17:50:09.634] <- S2C rel_entity_move
[17:50:09.635] <- S2C rel_entity_move
[17:50:09.635] <- S2C rel_entity_move
[17:50:09.635] -> C2S pong
[17:50:09.636] <- S2C position pos={"teleportId":-1383984595,"x":6289.500000016139,"y":76,"z":-3434.4016920174317,"dx":0,"dy":0,"dz":0,"yaw":0,"pitch":0,"flags":{"_value":24,"x":false,"y":false,"z":false,"yaw":true,"pitch":true,"dx":false,"dy":false,"dz":false,"yawDelta":false}} relatives=undefined teleportId=-1383984595
[17:50:09.636] -> C2S teleport_confirm
[17:50:09.636] -> C2S position_look
[17:50:09.637] -> C2S pong
[17:50:09.637] -> C2S pong
[17:50:09.680] -> C2S tick_end
[17:50:09.680] -> C2S position_look
[17:50:09.681] -> C2S pong
[17:50:09.730] -> C2S tick_end
[17:50:09.730] -> C2S position
[17:50:09.741] -> C2S pong
[17:50:09.742] <- S2C rel_entity_move
[17:50:09.742] <- S2C entity_move_look
[17:50:09.742] <- S2C rel_entity_move
[17:50:09.743] <- S2C rel_entity_move
[17:50:09.743] <- S2C rel_entity_move
[17:50:09.743] <- S2C rel_entity_move
[17:50:09.743] <- S2C sync_entity_position id=55052344 change=undefined rel=undefined
[17:50:09.781] -> C2S tick_end
[17:50:09.782] -> C2S position
[17:50:09.805] -> C2S pong
[17:50:09.806] <- S2C sync_entity_position id=55052344 change=undefined rel=undefined
[17:50:09.830] -> C2S tick_end
[17:50:09.831] -> C2S position
[17:50:09.833] -> C2S pong
[17:50:09.834] <- S2C rel_entity_move
[17:50:09.834] <- S2C rel_entity_move
[17:50:09.834] <- S2C rel_entity_move
[17:50:09.835] <- S2C rel_entity_move
[17:50:09.835] <- S2C entity_move_look
[17:50:09.835] <- S2C entity_move_look
[17:50:09.835] <- S2C rel_entity_move
[17:50:09.836] -> C2S pong
[17:50:09.836] <- S2C position pos={"teleportId":-1808024039,"x":6289.500000016139,"y":76,"z":-3434.4016920174317,"dx":0,"dy":0,"dz":0,"yaw":0,"pitch":0,"flags":{"_value":24,"x":false,"y":false,"z":false,"yaw":true,"pitch":true,"dx":false,"dy":false,"dz":false,"yawDelta":false}} relatives=undefined teleportId=-1808024039
[17:50:09.837] -> C2S teleport_confirm
[17:50:09.837] -> C2S position_look
[17:50:09.837] -> C2S pong
[17:50:09.838] -> C2S pong
[17:50:09.871] -> C2S pong
[17:50:09.881] -> C2S tick_end
[17:50:09.882] -> C2S position_look
[17:50:09.931] -> C2S tick_end
[17:50:09.931] -> C2S position
[17:50:09.946] -> C2S pong
[17:50:09.946] <- S2C rel_entity_move
[17:50:09.947] <- S2C rel_entity_move
[17:50:09.947] <- S2C rel_entity_move
[17:50:09.947] <- S2C rel_entity_move
[17:50:09.948] <- S2C rel_entity_move
[17:50:09.948] <- S2C entity_move_look
[17:50:09.948] <- S2C rel_entity_move
[17:50:09.982] -> C2S tick_end
[17:50:09.982] -> C2S position
[17:50:10.033] -> C2S tick_end
[17:50:10.034] -> C2S position
[17:50:10.036] -> C2S pong
[17:50:10.036] -> C2S pong
[17:50:10.036] <- S2C position pos={"teleportId":-1778470246,"x":6289.500000016139,"y":76,"z":-3434.4016920174317,"dx":0,"dy":0,"dz":0,"yaw":0,"pitch":0,"flags":{"_value":24,"x":false,"y":false,"z":false,"yaw":true,"pitch":true,"dx":false,"dy":false,"dz":false,"yawDelta":false}} relatives=undefined teleportId=-1778470246
[17:50:10.037] -> C2S teleport_confirm
[17:50:10.037] -> C2S position_look
[17:50:10.038] -> C2S pong
[17:50:10.038] -> C2S pong
[17:50:10.081] -> C2S pong
[17:50:10.081] -> C2S pong
[17:50:10.082] <- S2C rel_entity_move
[17:50:10.082] <- S2C rel_entity_move
[17:50:10.082] <- S2C rel_entity_move
[17:50:10.083] <- S2C rel_entity_move
[17:50:10.083] <- S2C rel_entity_move
[17:50:10.084] -> C2S tick_end
[17:50:10.084] -> C2S position_look
[17:50:10.134] -> C2S tick_end
[17:50:10.134] -> C2S position
[17:50:10.142] -> C2S pong
[17:50:10.143] <- S2C rel_entity_move
[17:50:10.143] <- S2C rel_entity_move
[17:50:10.143] <- S2C rel_entity_move
[17:50:10.144] <- S2C rel_entity_move
[17:50:10.144] <- S2C entity_move_look
[17:50:10.144] <- S2C rel_entity_move
[17:50:10.144] <- S2C entity_move_look
[17:50:10.145] -> C2S keep_alive
[17:50:10.184] -> C2S tick_end
[17:50:10.185] -> C2S position
[17:50:10.234] -> C2S tick_end
[17:50:10.235] -> C2S position
[17:50:10.238] -> C2S pong
[17:50:10.238] -> C2S pong
[17:50:10.238] <- S2C rel_entity_move
[17:50:10.239] <- S2C rel_entity_move
[17:50:10.239] <- S2C rel_entity_move
[17:50:10.239] <- S2C entity_move_look
[17:50:10.239] -> C2S pong
[17:50:10.240] <- S2C position pos={"teleportId":-726736495,"x":6289.500000016139,"y":76,"z":-3434.4016920174317,"dx":0,"dy":0,"dz":0,"yaw":0,"pitch":0,"flags":{"_value":24,"x":false,"y":false,"z":false,"yaw":true,"pitch":true,"dx":false,"dy":false,"dz":false,"yawDelta":false}} relatives=undefined teleportId=-726736495
[17:50:10.240] -> C2S teleport_confirm
[17:50:10.240] -> C2S position_look
[17:50:10.241] -> C2S pong
[17:50:10.241] -> C2S pong
[17:50:10.249] -> C2S pong
[17:50:10.284] -> C2S tick_end
[17:50:10.284] -> C2S position_look
[17:50:10.313] -> C2S pong
[17:50:10.313] <- S2C rel_entity_move
[17:50:10.314] <- S2C rel_entity_move
[17:50:10.314] <- S2C rel_entity_move
[17:50:10.314] <- S2C rel_entity_move
[17:50:10.315] <- S2C rel_entity_move
[17:50:10.315] <- S2C rel_entity_move
[17:50:10.315] <- S2C rel_entity_move
[17:50:10.316] <- S2C rel_entity_move
[17:50:10.316] <- S2C rel_entity_move
[17:50:10.334] -> C2S tick_end
[17:50:10.335] -> C2S position
[17:50:10.368] -> C2S pong
[17:50:10.370] <- S2C rel_entity_move
[17:50:10.370] <- S2C rel_entity_move
[17:50:10.385] -> C2S tick_end
[17:50:10.386] -> C2S position
[17:50:10.436] -> C2S tick_end
[17:50:10.437] -> C2S position
[17:50:10.447] -> C2S pong
[17:50:10.448] <- S2C rel_entity_move
[17:50:10.448] <- S2C rel_entity_move
[17:50:10.449] <- S2C entity_move_look
[17:50:10.449] <- S2C rel_entity_move
[17:50:10.449] <- S2C rel_entity_move
[17:50:10.450] <- S2C rel_entity_move
[17:50:10.455] -> C2S pong
[17:50:10.455] <- S2C rel_entity_move
[17:50:10.455] <- S2C rel_entity_move
[17:50:10.456] <- S2C rel_entity_move
[17:50:10.456] <- S2C rel_entity_move
[17:50:10.457] <- S2C rel_entity_move
[17:50:10.457] <- S2C rel_entity_move
[17:50:10.457] <- S2C rel_entity_move
[17:50:10.457] -> C2S pong
[17:50:10.458] <- S2C position pos={"teleportId":-606356801,"x":6289.500000016139,"y":76,"z":-3434.4016920174317,"dx":0,"dy":0,"dz":0,"yaw":0,"pitch":0,"flags":{"_value":24,"x":false,"y":false,"z":false,"yaw":true,"pitch":true,"dx":false,"dy":false,"dz":false,"yawDelta":false}} relatives=undefined teleportId=-606356801
[17:50:10.459] -> C2S teleport_confirm
[17:50:10.459] -> C2S position_look
[17:50:10.460] -> C2S pong
[17:50:10.460] -> C2S pong
[17:50:10.470] -> C2S pong
[17:50:10.487] -> C2S tick_end
[17:50:10.488] -> C2S position_look
[17:50:10.538] -> C2S tick_end
[17:50:10.539] -> C2S position
[17:50:10.578] -> C2S pong
[17:50:10.579] <- S2C rel_entity_move
[17:50:10.579] <- S2C rel_entity_move
[17:50:10.579] <- S2C rel_entity_move
[17:50:10.580] <- S2C rel_entity_move
[17:50:10.580] <- S2C rel_entity_move
[17:50:10.588] -> C2S tick_end
[17:50:10.589] -> C2S position
[17:50:10.638] -> C2S tick_end
[17:50:10.639] -> C2S position
[17:50:10.641] -> C2S pong
[17:50:10.641] <- S2C rel_entity_move
[17:50:10.641] <- S2C rel_entity_move
[17:50:10.642] <- S2C rel_entity_move
[17:50:10.642] <- S2C rel_entity_move
[17:50:10.642] <- S2C entity_move_look
[17:50:10.643] <- S2C rel_entity_move
[17:50:10.643] <- S2C rel_entity_move
[17:50:10.643] -> C2S pong
[17:50:10.644] <- S2C position pos={"teleportId":-950604518,"x":6289.500000016139,"y":76,"z":-3434.4016920174317,"dx":0,"dy":0,"dz":0,"yaw":0,"pitch":0,"flags":{"_value":24,"x":false,"y":false,"z":false,"yaw":true,"pitch":true,"dx":false,"dy":false,"dz":false,"yawDelta":false}} relatives=undefined teleportId=-950604518
[17:50:10.645] -> C2S teleport_confirm
[17:50:10.645] -> C2S position_look
[17:50:10.646] -> C2S pong
[17:50:10.646] -> C2S pong
[17:50:10.662] -> C2S pong
[17:50:10.690] -> C2S tick_end
[17:50:10.691] -> C2S position_look
[17:50:10.742] -> C2S tick_end
[17:50:10.743] -> C2S position
[17:50:10.792] -> C2S tick_end
[17:50:10.793] -> C2S position
[17:50:10.822] -> C2S pong
[17:50:10.823] -> C2S pong
[17:50:10.823] <- S2C rel_entity_move
[17:50:10.823] <- S2C rel_entity_move
[17:50:10.824] <- S2C rel_entity_move
[17:50:10.824] <- S2C rel_entity_move
[17:50:10.824] <- S2C rel_entity_move
[17:50:10.824] <- S2C rel_entity_move
[17:50:10.843] -> C2S tick_end
[17:50:10.844] -> C2S position
[17:50:10.844] -> C2S pong
[17:50:10.845] <- S2C rel_entity_move
[17:50:10.845] <- S2C rel_entity_move
[17:50:10.845] <- S2C rel_entity_move
[17:50:10.845] <- S2C entity_move_look
[17:50:10.846] <- S2C rel_entity_move
[17:50:10.846] <- S2C rel_entity_move
[17:50:10.846] <- S2C rel_entity_move
[17:50:10.847] <- S2C rel_entity_move
[17:50:10.847] -> C2S pong
[17:50:10.847] <- S2C position pos={"teleportId":-632267883,"x":6289.500000016139,"y":76,"z":-3434.4016920174317,"dx":0,"dy":0,"dz":0,"yaw":0,"pitch":0,"flags":{"_value":24,"x":false,"y":false,"z":false,"yaw":true,"pitch":true,"dx":false,"dy":false,"dz":false,"yawDelta":false}} relatives=undefined teleportId=-632267883
[17:50:10.848] -> C2S teleport_confirm
[17:50:10.848] -> C2S position_look
[17:50:10.848] -> C2S pong
[17:50:10.849] -> C2S pong
[17:50:10.863] -> C2S pong
[17:50:10.894] -> C2S tick_end
[17:50:10.894] -> C2S position_look
[17:50:10.946] -> C2S tick_end
[17:50:10.946] -> C2S position
[17:50:10.947] -> C2S tick_end
[17:50:10.947] -> C2S position
[17:50:10.996] -> C2S tick_end
[17:50:10.997] -> C2S position
[17:50:11.005] -> C2S pong
[17:50:11.005] <- S2C rel_entity_move
[17:50:11.006] <- S2C rel_entity_move
[17:50:11.006] <- S2C rel_entity_move
[17:50:11.006] <- S2C rel_entity_move
[17:50:11.006] <- S2C rel_entity_move
[17:50:11.046] -> C2S tick_end
[17:50:11.047] -> C2S position
[17:50:11.048] -> C2S pong
[17:50:11.048] <- S2C rel_entity_move
[17:50:11.048] <- S2C rel_entity_move
[17:50:11.049] <- S2C rel_entity_move
[17:50:11.049] <- S2C rel_entity_move
[17:50:11.049] <- S2C rel_entity_move
[17:50:11.049] <- S2C entity_move_look
[17:50:11.049] <- S2C rel_entity_move
[17:50:11.050] <- S2C rel_entity_move
[17:50:11.050] <- S2C entity_move_look
[17:50:11.050] <- S2C rel_entity_move
[17:50:11.050] <- S2C rel_entity_move
[17:50:11.050] -> C2S pong
[17:50:11.051] <- S2C position pos={"teleportId":-1514044341,"x":6289.500000016139,"y":76,"z":-3434.4016920174317,"dx":0,"dy":0,"dz":0,"yaw":0,"pitch":0,"flags":{"_value":24,"x":false,"y":false,"z":false,"yaw":true,"pitch":true,"dx":false,"dy":false,"dz":false,"yawDelta":false}} relatives=undefined teleportId=-1514044341
[17:50:11.051] -> C2S teleport_confirm
[17:50:11.051] -> C2S position_look
[17:50:11.052] -> C2S pong
[17:50:11.052] -> C2S pong
[17:50:11.078] -> C2S pong
[17:50:11.098] -> C2S tick_end
[17:50:11.098] -> C2S position_look
[17:50:11.148] -> C2S tick_end
[17:50:11.149] -> C2S position
[17:50:11.184] -> C2S pong
[17:50:11.185] <- S2C rel_entity_move
[17:50:11.185] <- S2C rel_entity_move
[17:50:11.186] <- S2C rel_entity_move
[17:50:11.186] <- S2C rel_entity_move
[17:50:11.186] <- S2C rel_entity_move
[17:50:11.187] <- S2C rel_entity_move
[17:50:11.187] <- S2C rel_entity_move
[17:50:11.188] -> C2S keep_alive
[17:50:11.199] -> C2S tick_end
[17:50:11.200] -> C2S position
[17:50:11.249] -> C2S tick_end
[17:50:11.250] -> C2S position
[17:50:11.251] -> C2S pong
[17:50:11.253] <- S2C position pos={"teleportId":-1595869316,"x":6289.500000016139,"y":76,"z":-3434.4016920174317,"dx":0,"dy":0,"dz":0,"yaw":0,"pitch":0,"flags":{"_value":24,"x":false,"y":false,"z":false,"yaw":true,"pitch":true,"dx":false,"dy":false,"dz":false,"yawDelta":false}} relatives=undefined teleportId=-1595869316
[17:50:11.253] -> C2S teleport_confirm
[17:50:11.253] -> C2S position_look
[17:50:11.254] -> C2S pong
[17:50:11.254] -> C2S pong
[17:50:11.299] -> C2S tick_end
[17:50:11.300] -> C2S position_look
[17:50:11.316] -> C2S pong
[17:50:11.317] -> C2S pong
[17:50:11.317] <- S2C rel_entity_move
[17:50:11.317] <- S2C rel_entity_move
[17:50:11.317] <- S2C rel_entity_move
[17:50:11.318] <- S2C rel_entity_move
[17:50:11.318] <- S2C rel_entity_move
[17:50:11.318] <- S2C rel_entity_move
[17:50:11.318] <- S2C rel_entity_move
[17:50:11.318] <- S2C rel_entity_move
[17:50:11.319] <- S2C entity_move_look
[17:50:11.349] -> C2S tick_end
[17:50:11.349] -> C2S position
[17:50:11.399] -> C2S tick_end
[17:50:11.400] -> C2S position
[17:50:11.441] -> C2S pong
[17:50:11.442] -> C2S pong
[17:50:11.442] <- S2C rel_entity_move
[17:50:11.443] <- S2C rel_entity_move
[17:50:11.443] <- S2C rel_entity_move
[17:50:11.443] <- S2C rel_entity_move
[17:50:11.444] <- S2C rel_entity_move
[17:50:11.444] <- S2C rel_entity_move
[17:50:11.449] -> C2S tick_end
[17:50:11.449] -> C2S position
[17:50:11.464] -> C2S pong
[17:50:11.465] <- S2C rel_entity_move
[17:50:11.465] <- S2C rel_entity_move
[17:50:11.465] <- S2C rel_entity_move
[17:50:11.465] <- S2C rel_entity_move
[17:50:11.466] <- S2C rel_entity_move
[17:50:11.466] <- S2C entity_move_look
[17:50:11.466] <- S2C rel_entity_move
[17:50:11.466] <- S2C rel_entity_move
[17:50:11.466] -> C2S pong
[17:50:11.467] <- S2C position pos={"teleportId":-33511904,"x":6289.500000016139,"y":76,"z":-3434.4016920174317,"dx":0,"dy":0,"dz":0,"yaw":0,"pitch":0,"flags":{"_value":24,"x":false,"y":false,"z":false,"yaw":true,"pitch":true,"dx":false,"dy":false,"dz":false,"yawDelta":false}} relatives=undefined teleportId=-33511904
[17:50:11.467] -> C2S teleport_confirm
[17:50:11.467] -> C2S position_look
[17:50:11.468] -> C2S pong
[17:50:11.468] -> C2S pong
[17:50:11.469] -> C2S pong
[17:50:11.501] -> C2S tick_end
[17:50:11.501] -> C2S position_look
[17:50:11.551] -> C2S tick_end
[17:50:11.552] -> C2S position
[17:50:11.602] -> C2S tick_end
[17:50:11.602] -> C2S position
[17:50:11.627] -> C2S pong
[17:50:11.627] <- S2C rel_entity_move
[17:50:11.628] <- S2C rel_entity_move
[17:50:11.628] <- S2C rel_entity_move
[17:50:11.628] <- S2C rel_entity_move
[17:50:11.628] <- S2C rel_entity_move
[17:50:11.651] -> C2S tick_end
[17:50:11.652] -> C2S position
[17:50:11.656] -> C2S pong
[17:50:11.657] <- S2C position pos={"teleportId":-1876366247,"x":6289.500000016139,"y":76,"z":-3434.4016920174317,"dx":0,"dy":0,"dz":0,"yaw":0,"pitch":0,"flags":{"_value":24,"x":false,"y":false,"z":false,"yaw":true,"pitch":true,"dx":false,"dy":false,"dz":false,"yawDelta":false}} relatives=undefined teleportId=-1876366247
[17:50:11.657] -> C2S teleport_confirm
[17:50:11.658] -> C2S position_look
[17:50:11.658] -> C2S pong
[17:50:11.659] -> C2S pong
[17:50:11.701] -> C2S tick_end
[17:50:11.701] -> C2S position_look
[17:50:11.742] -> C2S pong
[17:50:11.743] -> C2S pong
[17:50:11.743] <- S2C rel_entity_move
[17:50:11.744] <- S2C rel_entity_move
[17:50:11.744] <- S2C rel_entity_move
[17:50:11.744] <- S2C entity_move_look
[17:50:11.745] <- S2C rel_entity_move
[17:50:11.745] <- S2C rel_entity_move
[17:50:11.745] <- S2C rel_entity_move
[17:50:11.746] <- S2C entity_move_look
[17:50:11.746] <- S2C rel_entity_move
[17:50:11.751] -> C2S tick_end
[17:50:11.751] -> C2S position
[17:50:11.803] -> C2S tick_end
[17:50:11.804] -> C2S position
[17:50:11.854] -> C2S tick_end
[17:50:11.854] -> C2S position
[17:50:11.858] -> C2S pong
[17:50:11.858] -> C2S pong
[17:50:11.859] <- S2C rel_entity_move
[17:50:11.859] <- S2C rel_entity_move
[17:50:11.859] <- S2C rel_entity_move
[17:50:11.859] <- S2C rel_entity_move
[17:50:11.860] <- S2C rel_entity_move
[17:50:11.860] <- S2C rel_entity_move
[17:50:11.860] -> C2S pong
[17:50:11.861] <- S2C position pos={"teleportId":-599058146,"x":6289.500000016139,"y":76,"z":-3434.4016920174317,"dx":0,"dy":0,"dz":0,"yaw":0,"pitch":0,"flags":{"_value":24,"x":false,"y":false,"z":false,"yaw":true,"pitch":true,"dx":false,"dy":false,"dz":false,"yawDelta":false}} relatives=undefined teleportId=-599058146
[17:50:11.861] -> C2S teleport_confirm
[17:50:11.861] -> C2S position_look
[17:50:11.862] -> C2S pong
[17:50:11.862] -> C2S pong
[17:50:11.879] -> C2S pong
[17:50:11.903] -> C2S tick_end
[17:50:11.904] -> C2S position_look
[17:50:11.931] -> C2S pong
[17:50:11.933] <- S2C rel_entity_move
[17:50:11.933] <- S2C rel_entity_move
[17:50:11.933] <- S2C rel_entity_move
[17:50:11.934] <- S2C rel_entity_move
[17:50:11.934] <- S2C rel_entity_move
[17:50:11.934] <- S2C rel_entity_move
[17:50:11.934] <- S2C entity_move_look
[17:50:11.935] <- S2C rel_entity_move
[17:50:11.935] <- S2C entity_move_look
[17:50:11.953] -> C2S tick_end
[17:50:11.954] -> C2S position
[17:50:12.002] -> C2S pong
[17:50:12.002] <- S2C rel_entity_move
[17:50:12.003] <- S2C rel_entity_move
[17:50:12.005] -> C2S tick_end
[17:50:12.005] -> C2S position
[17:50:12.054] -> C2S pong
[17:50:12.055] <- S2C rel_entity_move
[17:50:12.055] <- S2C rel_entity_move
[17:50:12.055] <- S2C rel_entity_move
[17:50:12.056] <- S2C rel_entity_move
[17:50:12.056] <- S2C rel_entity_move
[17:50:12.056] <- S2C rel_entity_move
[17:50:12.058] -> C2S tick_end
[17:50:12.058] -> C2S position
[17:50:12.058] -> C2S pong
[17:50:12.059] <- S2C rel_entity_move
[17:50:12.059] <- S2C rel_entity_move
[17:50:12.059] <- S2C rel_entity_move
[17:50:12.060] <- S2C entity_move_look
[17:50:12.060] <- S2C rel_entity_move
[17:50:12.060] <- S2C rel_entity_move
[17:50:12.061] <- S2C entity_move_look
[17:50:12.061] <- S2C rel_entity_move
[17:50:12.061] <- S2C rel_entity_move
[17:50:12.061] -> C2S pong
[17:50:12.062] <- S2C position pos={"teleportId":-514894876,"x":6289.500000016139,"y":76,"z":-3434.4016920174317,"dx":0,"dy":0,"dz":0,"yaw":0,"pitch":0,"flags":{"_value":24,"x":false,"y":false,"z":false,"yaw":true,"pitch":true,"dx":false,"dy":false,"dz":false,"yawDelta":false}} relatives=undefined teleportId=-514894876
[17:50:12.062] -> C2S teleport_confirm
[17:50:12.062] -> C2S position_look
[17:50:12.063] -> C2S pong
[17:50:12.063] -> C2S pong
[17:50:12.097] -> C2S pong
[17:50:12.110] -> C2S tick_end
[17:50:12.111] -> C2S position_look
[17:50:12.138] -> C2S pong
[17:50:12.138] <- S2C rel_entity_move
[17:50:12.139] <- S2C rel_entity_move
[17:50:12.160] -> C2S tick_end
[17:50:12.161] -> C2S position
[17:50:12.183] -> C2S pong
[17:50:12.183] <- S2C rel_entity_move
[17:50:12.184] <- S2C rel_entity_move
[17:50:12.184] <- S2C rel_entity_move
[17:50:12.184] <- S2C rel_entity_move
[17:50:12.184] <- S2C rel_entity_move
[17:50:12.185] <- S2C rel_entity_move
[17:50:12.210] -> C2S tick_end
[17:50:12.210] -> C2S position
[17:50:12.225] -> C2S pong
[17:50:12.226] <- S2C rel_entity_move
[17:50:12.226] <- S2C rel_entity_move
[17:50:12.226] <- S2C rel_entity_move
[17:50:12.226] <- S2C rel_entity_move
[17:50:12.227] <- S2C rel_entity_move
[17:50:12.227] <- S2C rel_entity_move
[17:50:12.227] <- S2C rel_entity_move
[17:50:12.227] <- S2C rel_entity_move
[17:50:12.227] <- S2C entity_move_look
[17:50:12.228] -> C2S keep_alive
[17:50:12.261] -> C2S tick_end
[17:50:12.262] -> C2S position
[17:50:12.263] -> C2S pong
[17:50:12.264] <- S2C position pos={"teleportId":-555844225,"x":6289.500000016139,"y":76,"z":-3434.4016920174317,"dx":0,"dy":0,"dz":0,"yaw":0,"pitch":0,"flags":{"_value":24,"x":false,"y":false,"z":false,"yaw":true,"pitch":true,"dx":false,"dy":false,"dz":false,"yawDelta":false}} relatives=undefined teleportId=-555844225
[17:50:12.264] -> C2S teleport_confirm
[17:50:12.264] -> C2S position_look
[17:50:12.265] -> C2S pong
[17:50:12.265] -> C2S pong
[17:50:12.272] -> C2S pong
[17:50:12.313] -> C2S tick_end
[17:50:12.313] -> C2S look
[17:50:12.314] -> C2S pong
[17:50:12.314] <- S2C rel_entity_move
[17:50:12.315] <- S2C rel_entity_move
[17:50:12.315] <- S2C rel_entity_move
[17:50:12.315] <- S2C rel_entity_move
[17:50:12.315] <- S2C rel_entity_move
[17:50:12.363] -> C2S tick_end
[17:50:12.364] -> C2S flying
[17:50:12.368] -> C2S pong
[17:50:12.369] <- S2C rel_entity_move
[17:50:12.369] <- S2C rel_entity_move
[17:50:12.370] <- S2C rel_entity_move
[17:50:12.370] <- S2C rel_entity_move
[17:50:12.370] <- S2C rel_entity_move
[17:50:12.371] <- S2C rel_entity_move
[17:50:12.371] <- S2C rel_entity_move
[17:50:12.371] <- S2C rel_entity_move
[17:50:12.399] -> C2S pong
[17:50:12.399] <- S2C rel_entity_move
[17:50:12.414] -> C2S tick_end
[17:50:12.444] -> C2S pong
[17:50:12.444] <- S2C rel_entity_move
[17:50:12.444] <- S2C rel_entity_move
[17:50:12.445] <- S2C rel_entity_move
[17:50:12.445] <- S2C rel_entity_move
[17:50:12.445] <- S2C rel_entity_move
[17:50:12.445] <- S2C rel_entity_move
[17:50:12.445] <- S2C rel_entity_move
[17:50:12.465] -> C2S tick_end
[17:50:12.491] -> C2S pong
[17:50:12.492] <- S2C rel_entity_move
[17:50:12.492] <- S2C rel_entity_move
[17:50:12.492] <- S2C rel_entity_move
[17:50:12.493] <- S2C rel_entity_move
[17:50:12.493] <- S2C rel_entity_move
[17:50:12.494] <- S2C rel_entity_move
[17:50:12.494] <- S2C rel_entity_move
[17:50:12.494] <- S2C entity_move_look
[17:50:12.515] -> C2S tick_end
[17:50:12.535] -> C2S pong
[17:50:12.535] <- S2C rel_entity_move
[17:50:12.566] -> C2S tick_end
[17:50:12.584] -> C2S pong
[17:50:12.584] <- S2C rel_entity_move
[17:50:12.585] <- S2C rel_entity_move
[17:50:12.585] <- S2C rel_entity_move
[17:50:12.585] <- S2C rel_entity_move
[17:50:12.585] <- S2C rel_entity_move
[17:50:12.586] <- S2C rel_entity_move
[17:50:12.586] <- S2C rel_entity_move
[17:50:12.586] <- S2C rel_entity_move
[17:50:12.618] -> C2S tick_end
[17:50:12.631] -> C2S pong
[17:50:12.632] <- S2C rel_entity_move
[17:50:12.632] <- S2C rel_entity_move
[17:50:12.632] <- S2C rel_entity_move
[17:50:12.633] <- S2C entity_move_look
[17:50:12.633] <- S2C rel_entity_move
[17:50:12.633] <- S2C rel_entity_move
[17:50:12.634] <- S2C rel_entity_move
[17:50:12.634] <- S2C rel_entity_move
[17:50:12.634] <- S2C entity_move_look
[17:50:12.670] -> C2S tick_end
[17:50:12.720] -> C2S tick_end
[17:50:12.729] -> C2S pong
[17:50:12.729] -> C2S pong
[17:50:12.730] <- S2C entity_move_look
[17:50:12.730] <- S2C rel_entity_move
[17:50:12.730] <- S2C rel_entity_move
[17:50:12.730] <- S2C rel_entity_move
[17:50:12.731] <- S2C rel_entity_move
[17:50:12.731] <- S2C rel_entity_move
[17:50:12.731] <- S2C entity_move_look
[17:50:12.731] <- S2C rel_entity_move
[17:50:12.732] <- S2C rel_entity_move
[17:50:12.770] -> C2S tick_end
[17:50:12.798] -> C2S pong
[17:50:12.798] <- S2C rel_entity_move
[17:50:12.799] <- S2C rel_entity_move
[17:50:12.799] <- S2C rel_entity_move
[17:50:12.799] <- S2C rel_entity_move
[17:50:12.799] <- S2C rel_entity_move
[17:50:12.799] <- S2C rel_entity_move
[17:50:12.800] <- S2C rel_entity_move
[17:50:12.800] <- S2C rel_entity_move
[17:50:12.820] -> C2S tick_end
[17:50:12.870] -> C2S tick_end
[17:50:12.887] -> C2S pong
[17:50:12.888] -> C2S pong
[17:50:12.888] <- S2C rel_entity_move
[17:50:12.888] <- S2C rel_entity_move
[17:50:12.889] <- S2C rel_entity_move
[17:50:12.889] <- S2C rel_entity_move
[17:50:12.889] <- S2C rel_entity_move
[17:50:12.920] -> C2S tick_end
[17:50:12.933] -> C2S pong
[17:50:12.933] <- S2C rel_entity_move
[17:50:12.934] <- S2C rel_entity_move
[17:50:12.934] <- S2C rel_entity_move
[17:50:12.934] <- S2C rel_entity_move
[17:50:12.934] <- S2C rel_entity_move
[17:50:12.934] <- S2C rel_entity_move
[17:50:12.935] <- S2C rel_entity_move
[17:50:12.935] <- S2C rel_entity_move
[17:50:12.970] -> C2S tick_end
[17:50:12.996] -> C2S chat_command
[17:50:13.013] -> C2S pong
[17:50:13.014] <- S2C rel_entity_move
[17:50:13.014] <- S2C rel_entity_move
[17:50:13.015] <- S2C rel_entity_move
[17:50:13.015] <- S2C rel_entity_move
[17:50:13.015] <- S2C rel_entity_move
[17:50:13.015] <- S2C rel_entity_move
[17:50:13.021] -> C2S tick_end
[17:50:13.060] -> C2S pong
[17:50:13.061] <- S2C rel_entity_move
[17:50:13.061] <- S2C rel_entity_move
[17:50:13.061] <- S2C rel_entity_move
[17:50:13.062] <- S2C rel_entity_move
[17:50:13.062] <- S2C rel_entity_move
[17:50:13.063] <- S2C rel_entity_move
[17:50:13.063] <- S2C entity_move_look
[17:50:13.063] <- S2C rel_entity_move
[17:50:13.064] <- S2C entity_move_look
[17:50:13.072] -> C2S tick_end
[17:50:13.122] -> C2S tick_end
[17:50:13.159] -> C2S pong
[17:50:13.160] -> C2S pong
[17:50:13.160] <- S2C rel_entity_move
[17:50:13.160] <- S2C rel_entity_move
[17:50:13.161] <- S2C rel_entity_move
[17:50:13.161] <- S2C rel_entity_move
[17:50:13.162] <- S2C rel_entity_move
[17:50:13.162] <- S2C rel_entity_move
[17:50:13.173] -> C2S tick_end
[17:50:13.204] -> C2S pong
[17:50:13.205] <- S2C rel_entity_move
[17:50:13.205] <- S2C rel_entity_move
[17:50:13.205] <- S2C rel_entity_move
[17:50:13.205] <- S2C rel_entity_move
[17:50:13.206] <- S2C rel_entity_move
[17:50:13.206] <- S2C rel_entity_move
[17:50:13.206] <- S2C rel_entity_move
[17:50:13.206] <- S2C rel_entity_move
[17:50:13.206] <- S2C entity_move_look
[17:50:13.209] -> C2S window_click
[17:50:13.224] -> C2S tick_end
[17:50:13.250] -> C2S keep_alive
[17:50:13.274] -> C2S tick_end
[17:50:13.275] -> C2S position
[17:50:13.296] -> C2S pong
[17:50:13.297] -> C2S pong
[17:50:13.297] <- S2C rel_entity_move
[17:50:13.298] <- S2C rel_entity_move
[17:50:13.298] <- S2C rel_entity_move
[17:50:13.298] <- S2C rel_entity_move
[17:50:13.298] <- S2C rel_entity_move
[17:50:13.298] <- S2C rel_entity_move
[17:50:13.299] <- S2C rel_entity_move
[17:50:13.324] -> C2S tick_end
[17:50:13.374] -> C2S tick_end
[17:50:13.387] -> C2S pong
[17:50:13.387] <- S2C rel_entity_move
[17:50:13.388] <- S2C rel_entity_move
[17:50:13.388] <- S2C rel_entity_move
[17:50:13.388] <- S2C entity_move_look
[17:50:13.389] <- S2C rel_entity_move
[17:50:13.389] <- S2C rel_entity_move
[17:50:13.389] <- S2C rel_entity_move
[17:50:13.389] <- S2C rel_entity_move
[17:50:13.408] -> C2S pong
[17:50:13.408] <- S2C rel_entity_move
[17:50:13.409] <- S2C rel_entity_move
[17:50:13.424] -> C2S tick_end
[17:50:13.465] -> C2S pong
[17:50:13.466] <- S2C rel_entity_move
[17:50:13.466] <- S2C rel_entity_move
[17:50:13.466] <- S2C rel_entity_move
[17:50:13.467] <- S2C rel_entity_move
[17:50:13.467] <- S2C rel_entity_move
[17:50:13.467] <- S2C rel_entity_move
[17:50:13.467] <- S2C rel_entity_move
[17:50:13.474] -> C2S tick_end
[17:50:13.514] -> C2S pong
[17:50:13.514] <- S2C rel_entity_move
[17:50:13.515] <- S2C rel_entity_move
[17:50:13.515] <- S2C entity_move_look
[17:50:13.515] <- S2C rel_entity_move
[17:50:13.516] <- S2C rel_entity_move
[17:50:13.516] <- S2C rel_entity_move
[17:50:13.516] <- S2C rel_entity_move
[17:50:13.516] <- S2C rel_entity_move
[17:50:13.525] -> C2S tick_end
[17:50:13.575] -> C2S tick_end
[17:50:13.620] -> C2S pong
[17:50:13.621] -> C2S pong
[17:50:13.621] <- S2C rel_entity_move
[17:50:13.621] <- S2C rel_entity_move
[17:50:13.622] <- S2C rel_entity_move
[17:50:13.622] <- S2C rel_entity_move
[17:50:13.622] <- S2C rel_entity_move
[17:50:13.623] <- S2C rel_entity_move
[17:50:13.626] -> C2S tick_end
[17:50:13.676] -> C2S tick_end
[17:50:13.717] -> C2S pong
[17:50:13.717] <- S2C rel_entity_move
[17:50:13.718] <- S2C rel_entity_move
[17:50:13.718] <- S2C entity_move_look
[17:50:13.718] <- S2C rel_entity_move
[17:50:13.719] <- S2C rel_entity_move
[17:50:13.719] <- S2C entity_move_look
[17:50:13.719] <- S2C rel_entity_move
[17:50:13.719] <- S2C entity_move_look
[17:50:13.726] -> C2S tick_end
[17:50:13.776] -> C2S tick_end
[17:50:13.778] -> C2S pong
[17:50:13.826] -> C2S tick_end
[17:50:13.836] -> C2S pong
[17:50:13.836] <- S2C rel_entity_move
[17:50:13.837] <- S2C rel_entity_move
[17:50:13.837] <- S2C rel_entity_move
[17:50:13.837] <- S2C rel_entity_move
[17:50:13.837] <- S2C rel_entity_move
[17:50:13.838] <- S2C entity_move_look
[17:50:13.838] <- S2C rel_entity_move
[17:50:13.876] -> C2S tick_end
[17:50:13.883] -> C2S pong
[17:50:13.884] <- S2C rel_entity_move
[17:50:13.884] <- S2C rel_entity_move
[17:50:13.885] <- S2C rel_entity_move
[17:50:13.885] <- S2C rel_entity_move
[17:50:13.885] <- S2C rel_entity_move
[17:50:13.886] <- S2C rel_entity_move
[17:50:13.886] <- S2C entity_move_look
[17:50:13.926] -> C2S tick_end
[17:50:13.927] -> C2S pong
[17:50:13.927] <- S2C rel_entity_move
[17:50:13.927] <- S2C rel_entity_move
[17:50:13.972] -> C2S pong
[17:50:13.972] <- S2C rel_entity_move
[17:50:13.972] <- S2C rel_entity_move
[17:50:13.973] <- S2C entity_move_look
[17:50:13.973] <- S2C rel_entity_move
[17:50:13.973] <- S2C rel_entity_move
[17:50:13.973] <- S2C rel_entity_move
[17:50:13.973] <- S2C entity_move_look
[17:50:13.974] <- S2C rel_entity_move
[17:50:13.975] -> C2S tick_end
[17:50:14.018] -> C2S pong
[17:50:14.019] <- S2C rel_entity_move
[17:50:14.019] <- S2C rel_entity_move
[17:50:14.019] <- S2C rel_entity_move
[17:50:14.020] <- S2C rel_entity_move
[17:50:14.020] <- S2C rel_entity_move
[17:50:14.020] <- S2C rel_entity_move
[17:50:14.021] <- S2C rel_entity_move
[17:50:14.021] <- S2C rel_entity_move
[17:50:14.027] -> C2S tick_end
[17:50:14.078] -> C2S tick_end
[17:50:14.100] -> C2S pong
[17:50:14.101] <- S2C rel_entity_move
[17:50:14.101] <- S2C rel_entity_move
[17:50:14.101] <- S2C rel_entity_move
[17:50:14.101] <- S2C entity_move_look
[17:50:14.101] <- S2C rel_entity_move
[17:50:14.102] <- S2C rel_entity_move
[17:50:14.102] <- S2C rel_entity_move
[17:50:14.102] <- S2C rel_entity_move
[17:50:14.130] -> C2S tick_end
[17:50:14.142] -> C2S pong
[17:50:14.142] <- S2C rel_entity_move
[17:50:14.142] <- S2C rel_entity_move
[17:50:14.143] <- S2C entity_move_look
[17:50:14.143] <- S2C rel_entity_move
[17:50:14.143] <- S2C rel_entity_move
[17:50:14.143] <- S2C rel_entity_move
[17:50:14.144] <- S2C entity_move_look
[17:50:14.144] <- S2C rel_entity_move
[17:50:14.144] <- S2C rel_entity_move
[17:50:14.180] -> C2S tick_end
[17:50:14.231] -> C2S tick_end
[17:50:14.264] -> C2S pong
[17:50:14.265] -> C2S pong
[17:50:14.266] <- S2C entity_move_look
[17:50:14.266] <- S2C rel_entity_move
[17:50:14.266] <- S2C rel_entity_move
[17:50:14.267] <- S2C rel_entity_move
[17:50:14.267] <- S2C rel_entity_move
[17:50:14.267] <- S2C entity_move_look
[17:50:14.267] -> C2S keep_alive
[17:50:14.281] -> C2S tick_end
[17:50:14.281] -> C2S position
[17:50:14.318] -> C2S pong
[17:50:14.318] <- S2C rel_entity_move
[17:50:14.318] <- S2C rel_entity_move
[17:50:14.319] <- S2C rel_entity_move
[17:50:14.319] <- S2C rel_entity_move
[17:50:14.319] <- S2C entity_move_look
[17:50:14.319] <- S2C rel_entity_move
[17:50:14.320] <- S2C rel_entity_move
[17:50:14.320] <- S2C rel_entity_move
[17:50:14.331] -> C2S tick_end
[17:50:14.381] -> C2S tick_end
[17:50:14.414] -> C2S pong
[17:50:14.414] -> C2S pong
[17:50:14.414] <- S2C rel_entity_move
[17:50:14.415] <- S2C rel_entity_move
[17:50:14.415] <- S2C rel_entity_move
[17:50:14.415] <- S2C rel_entity_move
[17:50:14.416] <- S2C entity_move_look
[17:50:14.431] -> C2S tick_end
[17:50:14.456] -> C2S pong
[17:50:14.457] <- S2C rel_entity_move
[17:50:14.457] <- S2C rel_entity_move
[17:50:14.457] <- S2C rel_entity_move
[17:50:14.458] <- S2C entity_move_look
[17:50:14.458] <- S2C entity_move_look
[17:50:14.458] <- S2C rel_entity_move
[17:50:14.458] <- S2C entity_move_look
[17:50:14.459] <- S2C rel_entity_move
[17:50:14.459] <- S2C entity_move_look
[17:50:14.459] <- S2C rel_entity_move
[17:50:14.483] -> C2S tick_end
[17:50:14.532] -> C2S tick_end
[17:50:14.573] -> C2S pong
[17:50:14.574] -> C2S pong
[17:50:14.574] <- S2C rel_entity_move
[17:50:14.574] <- S2C rel_entity_move
[17:50:14.574] <- S2C rel_entity_move
[17:50:14.575] <- S2C rel_entity_move
[17:50:14.575] <- S2C rel_entity_move
[17:50:14.575] <- S2C entity_move_look
[17:50:14.583] -> C2S tick_end
[17:50:14.634] -> C2S tick_end
[17:50:14.644] -> C2S pong
[17:50:14.645] <- S2C rel_entity_move
[17:50:14.645] <- S2C rel_entity_move
[17:50:14.645] <- S2C rel_entity_move
[17:50:14.645] <- S2C rel_entity_move
[17:50:14.646] <- S2C entity_move_look
[17:50:14.646] <- S2C rel_entity_move
[17:50:14.646] <- S2C rel_entity_move
[17:50:14.684] -> C2S tick_end
[17:50:14.690] -> C2S pong
[17:50:14.690] <- S2C entity_move_look
[17:50:14.734] -> C2S tick_end
[17:50:14.784] -> C2S tick_end
[17:50:14.810] -> C2S pong
[17:50:14.810] <- S2C rel_entity_move
[17:50:14.811] <- S2C rel_entity_move
[17:50:14.811] <- S2C rel_entity_move
[17:50:14.811] <- S2C rel_entity_move
[17:50:14.811] <- S2C rel_entity_move
[17:50:14.812] <- S2C rel_entity_move
[17:50:14.812] <- S2C entity_move_look
[17:50:14.834] -> C2S tick_end
[17:50:14.878] -> C2S pong
[17:50:14.879] <- S2C rel_entity_move
[17:50:14.879] <- S2C rel_entity_move
[17:50:14.879] <- S2C entity_move_look
[17:50:14.880] <- S2C rel_entity_move
[17:50:14.880] <- S2C rel_entity_move
[17:50:14.880] <- S2C entity_move_look
[17:50:14.880] <- S2C rel_entity_move
[17:50:14.881] <- S2C rel_entity_move
[17:50:14.884] -> C2S tick_end
[17:50:14.935] -> C2S tick_end
[17:50:14.938] -> C2S pong
[17:50:14.939] <- S2C rel_entity_move
[17:50:14.939] <- S2C rel_entity_move
[17:50:14.985] -> C2S tick_end
[17:50:14.994] -> C2S pong
[17:50:14.994] <- S2C rel_entity_move
[17:50:14.994] <- S2C rel_entity_move
[17:50:14.995] <- S2C rel_entity_move
[17:50:14.995] <- S2C rel_entity_move
[17:50:14.995] <- S2C rel_entity_move
[17:50:14.995] <- S2C rel_entity_move
[17:50:14.996] <- S2C entity_move_look
[17:50:15.035] -> C2S tick_end
[17:50:15.045] -> C2S pong
[17:50:15.046] <- S2C rel_entity_move
[17:50:15.046] <- S2C entity_move_look
[17:50:15.046] <- S2C entity_move_look
[17:50:15.047] <- S2C rel_entity_move
[17:50:15.047] <- S2C entity_move_look
[17:50:15.047] <- S2C rel_entity_move
[17:50:15.047] <- S2C rel_entity_move
[17:50:15.086] -> C2S tick_end
[17:50:15.138] -> C2S tick_end
[17:50:15.158] -> C2S pong
[17:50:15.158] -> C2S pong
[17:50:15.159] <- S2C rel_entity_move
[17:50:15.159] <- S2C rel_entity_move
[17:50:15.159] <- S2C entity_move_look
[17:50:15.159] <- S2C rel_entity_move
[17:50:15.159] <- S2C rel_entity_move
[17:50:15.160] <- S2C rel_entity_move
[17:50:15.160] <- S2C entity_move_look
[17:50:15.189] -> C2S tick_end
[17:50:15.226] -> C2S pong
[17:50:15.226] <- S2C rel_entity_move
[17:50:15.227] <- S2C rel_entity_move
[17:50:15.227] <- S2C entity_move_look
[17:50:15.227] <- S2C entity_move_look
[17:50:15.228] <- S2C rel_entity_move
[17:50:15.228] <- S2C entity_move_look
[17:50:15.228] <- S2C entity_move_look
[17:50:15.229] <- S2C rel_entity_move
[17:50:15.239] -> C2S tick_end
[17:50:15.283] -> C2S pong
[17:50:15.283] <- S2C rel_entity_move
[17:50:15.284] <- S2C rel_entity_move
[17:50:15.284] -> C2S keep_alive
[17:50:15.289] -> C2S tick_end
[17:50:15.290] -> C2S position
[17:50:15.339] -> C2S tick_end
[17:50:15.362] -> C2S pong
[17:50:15.363] <- S2C rel_entity_move
[17:50:15.363] <- S2C rel_entity_move
[17:50:15.363] <- S2C rel_entity_move
[17:50:15.364] <- S2C rel_entity_move
[17:50:15.364] <- S2C entity_move_look
[17:50:15.364] <- S2C rel_entity_move
[17:50:15.365] <- S2C entity_move_look
[17:50:15.365] <- S2C rel_entity_move
[17:50:15.396] -> C2S tick_end
[17:50:15.397] -> C2S tick_end
[17:50:15.406] -> C2S pong
[17:50:15.406] <- S2C rel_entity_move
[17:50:15.406] <- S2C entity_move_look
[17:50:15.407] <- S2C rel_entity_move
[17:50:15.407] <- S2C rel_entity_move
[17:50:15.407] <- S2C entity_move_look
[17:50:15.407] <- S2C rel_entity_move
[17:50:15.407] <- S2C rel_entity_move
[17:50:15.447] -> C2S tick_end
[17:50:15.497] -> C2S tick_end
[17:50:15.520] -> C2S pong
[17:50:15.521] -> C2S pong
[17:50:15.522] <- S2C entity_move_look
[17:50:15.522] <- S2C rel_entity_move
[17:50:15.522] <- S2C rel_entity_move
[17:50:15.523] <- S2C rel_entity_move
[17:50:15.523] <- S2C rel_entity_move
[17:50:15.523] <- S2C rel_entity_move
[17:50:15.524] <- S2C entity_move_look
[17:50:15.548] -> C2S tick_end
[17:50:15.568] -> C2S pong
[17:50:15.569] <- S2C rel_entity_move
[17:50:15.569] <- S2C entity_move_look
[17:50:15.569] <- S2C entity_move_look
[17:50:15.569] <- S2C rel_entity_move
[17:50:15.570] <- S2C entity_move_look
[17:50:15.570] <- S2C rel_entity_move
[17:50:15.570] <- S2C rel_entity_move
[17:50:15.599] -> C2S tick_end
[17:50:15.627] -> C2S pong
[17:50:15.628] <- S2C rel_entity_move
[17:50:15.628] <- S2C rel_entity_move
[17:50:15.650] -> C2S tick_end
[17:50:15.696] -> C2S pong
[17:50:15.697] <- S2C entity_move_look
[17:50:15.697] <- S2C rel_entity_move
[17:50:15.697] <- S2C rel_entity_move
[17:50:15.698] <- S2C rel_entity_move
[17:50:15.698] <- S2C rel_entity_move
[17:50:15.698] <- S2C rel_entity_move
[17:50:15.698] <- S2C rel_entity_move
[17:50:15.700] -> C2S tick_end
[17:50:15.750] -> C2S tick_end
[17:50:15.764] -> C2S pong
[17:50:15.764] <- S2C rel_entity_move
[17:50:15.764] <- S2C rel_entity_move
[17:50:15.765] <- S2C rel_entity_move
[17:50:15.765] <- S2C rel_entity_move
[17:50:15.765] <- S2C rel_entity_move
[17:50:15.766] <- S2C entity_move_look
[17:50:15.766] <- S2C entity_move_look
[17:50:15.766] <- S2C rel_entity_move
[17:50:15.801] -> C2S tick_end
[17:50:15.851] -> C2S tick_end
[17:50:15.866] -> C2S pong
[17:50:15.867] -> C2S pong
[17:50:15.867] <- S2C rel_entity_move
[17:50:15.867] <- S2C rel_entity_move
[17:50:15.868] <- S2C rel_entity_move
[17:50:15.868] <- S2C rel_entity_move
[17:50:15.868] <- S2C rel_entity_move
[17:50:15.868] <- S2C rel_entity_move
[17:50:15.868] <- S2C entity_move_look
[17:50:15.869] <- S2C rel_entity_move
[17:50:15.902] -> C2S tick_end
[17:50:15.952] -> C2S tick_end
[17:50:15.965] -> C2S pong
[17:50:15.966] -> C2S pong
[17:50:15.966] <- S2C entity_move_look
[17:50:15.966] <- S2C rel_entity_move
[17:50:15.967] <- S2C entity_move_look
[17:50:15.967] <- S2C entity_move_look
[17:50:15.967] <- S2C rel_entity_move
[17:50:15.968] <- S2C entity_move_look
[17:50:15.968] <- S2C rel_entity_move
[17:50:15.968] <- S2C rel_entity_move
[17:50:15.968] <- S2C entity_move_look
[17:50:16.003] -> C2S tick_end
[17:50:16.053] -> C2S tick_end
[17:50:16.066] -> C2S pong
[17:50:16.067] -> C2S pong
[17:50:16.068] <- S2C rel_entity_move
[17:50:16.068] <- S2C rel_entity_move
[17:50:16.068] <- S2C rel_entity_move
[17:50:16.068] <- S2C rel_entity_move
[17:50:16.069] <- S2C entity_move_look
[17:50:16.069] <- S2C rel_entity_move
[17:50:16.069] <- S2C rel_entity_move
[17:50:16.069] <- S2C rel_entity_move
[17:50:16.069] <- S2C rel_entity_move
[17:50:16.070] <- S2C entity_move_look
[17:50:16.103] -> C2S tick_end
[17:50:16.104] -> C2S pong
[17:50:16.105] <- S2C rel_entity_move
[17:50:16.105] <- S2C rel_entity_move
[17:50:16.106] <- S2C rel_entity_move
[17:50:16.106] <- S2C rel_entity_move
[17:50:16.106] <- S2C rel_entity_move
[17:50:16.107] <- S2C rel_entity_move
[17:50:16.107] <- S2C rel_entity_move
[17:50:16.153] -> C2S tick_end
[17:50:16.203] -> C2S pong
[17:50:16.204] -> C2S pong
[17:50:16.204] <- S2C rel_entity_move
[17:50:16.204] <- S2C rel_entity_move
[17:50:16.204] <- S2C rel_entity_move
[17:50:16.205] <- S2C rel_entity_move
[17:50:16.205] <- S2C rel_entity_move
[17:50:16.205] <- S2C rel_entity_move
[17:50:16.205] <- S2C rel_entity_move
[17:50:16.206] -> C2S tick_end
[17:50:16.257] -> C2S tick_end
[17:50:16.268] -> C2S pong
[17:50:16.268] <- S2C entity_move_look
[17:50:16.269] <- S2C entity_move_look
[17:50:16.269] <- S2C rel_entity_move
[17:50:16.269] <- S2C rel_entity_move
[17:50:16.270] <- S2C entity_move_look
[17:50:16.270] <- S2C rel_entity_move
[17:50:16.308] -> C2S tick_end
[17:50:16.309] -> C2S position
[17:50:16.323] -> C2S keep_alive
[17:50:16.334] -> C2S pong
[17:50:16.358] -> C2S tick_end
[17:50:16.406] -> C2S pong
[17:50:16.407] <- S2C rel_entity_move
[17:50:16.407] <- S2C rel_entity_move
[17:50:16.407] <- S2C rel_entity_move
[17:50:16.407] <- S2C rel_entity_move
[17:50:16.408] <- S2C rel_entity_move
[17:50:16.408] <- S2C rel_entity_move
[17:50:16.408] <- S2C rel_entity_move
[17:50:16.409] <- S2C rel_entity_move
[17:50:16.409] <- S2C rel_entity_move
[17:50:16.411] -> C2S tick_end
[17:50:16.435] -> C2S pong
[17:50:16.436] <- S2C rel_entity_move
[17:50:16.436] <- S2C rel_entity_move
[17:50:16.436] <- S2C rel_entity_move
[17:50:16.437] <- S2C rel_entity_move
[17:50:16.437] <- S2C rel_entity_move
[17:50:16.437] <- S2C rel_entity_move
[17:50:16.461] -> C2S tick_end
[17:50:16.512] -> C2S tick_end
[17:50:16.534] -> C2S pong
[17:50:16.534] <- S2C entity_move_look
[17:50:16.534] <- S2C rel_entity_move
[17:50:16.535] <- S2C rel_entity_move
[17:50:16.535] <- S2C rel_entity_move
[17:50:16.535] <- S2C rel_entity_move
[17:50:16.535] <- S2C rel_entity_move
[17:50:16.563] -> C2S tick_end
[17:50:16.583] -> C2S pong
[17:50:16.584] <- S2C entity_move_look
[17:50:16.584] <- S2C entity_move_look
[17:50:16.584] <- S2C rel_entity_move
[17:50:16.585] <- S2C rel_entity_move
[17:50:16.585] <- S2C rel_entity_move
[17:50:16.585] <- S2C entity_move_look
[17:50:16.612] -> C2S tick_end
[17:50:16.662] -> C2S tick_end
[17:50:16.713] -> C2S tick_end
[17:50:16.721] -> C2S pong
[17:50:16.722] -> C2S pong
[17:50:16.722] <- S2C rel_entity_move
[17:50:16.722] <- S2C entity_move_look
[17:50:16.723] <- S2C entity_move_look
[17:50:16.723] <- S2C rel_entity_move
[17:50:16.723] <- S2C rel_entity_move
[17:50:16.723] <- S2C rel_entity_move
[17:50:16.724] <- S2C rel_entity_move
[17:50:16.724] <- S2C rel_entity_move
[17:50:16.724] <- S2C entity_move_look
[17:50:16.764] -> C2S tick_end
[17:50:16.774] -> C2S pong
[17:50:16.775] <- S2C rel_entity_move
[17:50:16.775] <- S2C entity_move_look
[17:50:16.776] <- S2C rel_entity_move
[17:50:16.776] <- S2C rel_entity_move
[17:50:16.776] <- S2C rel_entity_move
[17:50:16.777] <- S2C rel_entity_move
[17:50:16.814] -> C2S tick_end
[17:50:16.864] -> C2S tick_end
[17:50:16.914] -> C2S tick_end
[17:50:16.921] -> C2S pong
[17:50:16.922] -> C2S pong
[17:50:16.922] <- S2C entity_move_look
[17:50:16.923] <- S2C rel_entity_move
[17:50:16.923] <- S2C rel_entity_move
[17:50:16.923] <- S2C rel_entity_move
[17:50:16.924] <- S2C rel_entity_move
[17:50:16.924] <- S2C rel_entity_move
[17:50:16.924] <- S2C rel_entity_move
[17:50:16.941] -> C2S pong
[17:50:16.964] -> C2S tick_end
[17:50:16.987] -> C2S pong
[17:50:16.987] <- S2C rel_entity_move
[17:50:16.987] <- S2C rel_entity_move
[17:50:16.988] <- S2C rel_entity_move
[17:50:16.988] <- S2C rel_entity_move
[17:50:16.988] <- S2C entity_move_look
[17:50:17.015] -> C2S tick_end
[17:50:17.047] -> C2S pong
[17:50:17.048] <- S2C rel_entity_move
[17:50:17.048] <- S2C entity_move_look
[17:50:17.050] -> C2S pong
[17:50:17.050] <- S2C rel_entity_move
[17:50:17.051] <- S2C rel_entity_move
[17:50:17.051] <- S2C rel_entity_move
[17:50:17.051] <- S2C rel_entity_move
[17:50:17.051] <- S2C entity_move_look
[17:50:17.052] <- S2C rel_entity_move
[17:50:17.052] <- S2C rel_entity_move
[17:50:17.052] <- S2C rel_entity_move
[17:50:17.065] -> C2S tick_end
[17:50:17.116] -> C2S tick_end
[17:50:17.143] -> C2S pong
[17:50:17.144] <- S2C entity_move_look
[17:50:17.144] <- S2C entity_move_look
[17:50:17.144] <- S2C rel_entity_move
[17:50:17.145] <- S2C rel_entity_move
[17:50:17.145] <- S2C rel_entity_move
[17:50:17.145] <- S2C entity_move_look
[17:50:17.145] -> C2S pong
[17:50:17.146] <- S2C position pos={"teleportId":2,"x":6289.5,"y":76,"z":-3434.5,"dx":0,"dy":0,"dz":0,"yaw":-179.85000610351562,"pitch":0.7500010132789612,"flags":{"_value":0,"x":false,"y":false,"z":false,"yaw":false,"pitch":false,"dx":false,"dy":false,"dz":false,"yawDelta":false}} relatives=undefined teleportId=2
[17:50:17.146] -> C2S teleport_confirm
[17:50:17.146] -> C2S position_look
[17:50:17.165] -> C2S tick_end
[17:50:17.204] -> C2S pong
[17:50:17.215] -> C2S tick_end
[17:50:17.215] -> C2S flying
[17:50:17.258] -> C2S pong
[17:50:17.259] <- S2C entity_move_look
[17:50:17.259] <- S2C entity_move_look
[17:50:17.259] <- S2C entity_move_look
[17:50:17.260] <- S2C rel_entity_move
[17:50:17.260] <- S2C entity_move_look
[17:50:17.260] <- S2C rel_entity_move
[17:50:17.261] <- S2C entity_move_look
[17:50:17.266] -> C2S tick_end
[17:50:17.317] -> C2S tick_end
[17:50:17.317] -> C2S position
[17:50:17.322] -> C2S pong
[17:50:17.322] <- S2C rel_entity_move
[17:50:17.323] <- S2C entity_move_look
[17:50:17.323] <- S2C rel_entity_move
[17:50:17.323] <- S2C rel_entity_move
[17:50:17.323] <- S2C rel_entity_move
[17:50:17.324] <- S2C entity_move_look
[17:50:17.324] -> C2S keep_alive
[17:50:17.367] -> C2S tick_end
[17:50:17.405] -> C2S pong
[17:50:17.417] -> C2S tick_end
[17:50:17.468] -> C2S tick_end
[17:50:17.474] -> C2S pong
[17:50:17.475] <- S2C rel_entity_move
[17:50:17.475] <- S2C rel_entity_move
[17:50:17.475] <- S2C rel_entity_move
[17:50:17.476] <- S2C rel_entity_move
[17:50:17.476] <- S2C rel_entity_move
[17:50:17.476] <- S2C rel_entity_move
[17:50:17.476] <- S2C rel_entity_move
[17:50:17.510] -> C2S pong
[17:50:17.511] <- S2C rel_entity_move
[17:50:17.511] <- S2C entity_move_look
[17:50:17.512] <- S2C rel_entity_move
[17:50:17.512] <- S2C rel_entity_move
[17:50:17.512] <- S2C rel_entity_move
[17:50:17.512] <- S2C entity_move_look
[17:50:17.517] -> C2S tick_end
[17:50:17.568] -> C2S tick_end
[17:50:17.613] -> C2S pong
[17:50:17.613] -> C2S pong
[17:50:17.614] <- S2C entity_move_look
[17:50:17.614] <- S2C rel_entity_move
[17:50:17.614] <- S2C entity_move_look
[17:50:17.615] <- S2C rel_entity_move
[17:50:17.615] <- S2C rel_entity_move
[17:50:17.615] <- S2C rel_entity_move
[17:50:17.615] <- S2C rel_entity_move
[17:50:17.616] <- S2C entity_move_look
[17:50:17.618] -> C2S tick_end
[17:50:17.658] -> C2S pong
[17:50:17.659] <- S2C rel_entity_move
[17:50:17.659] <- S2C rel_entity_move
[17:50:17.660] <- S2C rel_entity_move
[17:50:17.660] <- S2C rel_entity_move
[17:50:17.660] <- S2C rel_entity_move
[17:50:17.660] <- S2C entity_move_look
[17:50:17.668] -> C2S tick_end
[17:50:17.718] -> C2S tick_end
[17:50:17.769] -> C2S tick_end
[17:50:17.814] -> C2S pong
[17:50:17.815] -> C2S pong
[17:50:17.815] <- S2C rel_entity_move
[17:50:17.816] <- S2C rel_entity_move
[17:50:17.816] <- S2C rel_entity_move
[17:50:17.816] <- S2C rel_entity_move
[17:50:17.817] <- S2C rel_entity_move
[17:50:17.817] <- S2C rel_entity_move
[17:50:17.817] <- S2C rel_entity_move
[17:50:17.818] <- S2C rel_entity_move
[17:50:17.819] -> C2S tick_end
[17:50:17.858] -> C2S pong
[17:50:17.858] <- S2C rel_entity_move
[17:50:17.858] <- S2C rel_entity_move
[17:50:17.859] <- S2C rel_entity_move
[17:50:17.859] <- S2C rel_entity_move
[17:50:17.859] <- S2C rel_entity_move
[17:50:17.860] <- S2C entity_move_look
[17:50:17.869] -> C2S tick_end
[17:50:17.897] -> C2S pong
[17:50:17.898] <- S2C rel_entity_move
[17:50:17.898] <- S2C rel_entity_move
[17:50:17.898] <- S2C rel_entity_move
[17:50:17.898] <- S2C entity_move_look
[17:50:17.919] -> C2S tick_end
[17:50:17.946] -> C2S pong
[17:50:17.947] <- S2C rel_entity_move
[17:50:17.947] <- S2C rel_entity_move
[17:50:17.948] <- S2C entity_move_look
[17:50:17.948] <- S2C rel_entity_move
[17:50:17.948] <- S2C rel_entity_move
[17:50:17.949] <- S2C rel_entity_move
[17:50:17.949] <- S2C entity_move_look
[17:50:17.970] -> C2S tick_end
[17:50:18.003] -> C2S pong
[17:50:18.003] <- S2C rel_entity_move
[17:50:18.003] <- S2C rel_entity_move
[17:50:18.004] <- S2C rel_entity_move
[17:50:18.004] <- S2C rel_entity_move
[17:50:18.004] <- S2C rel_entity_move
[17:50:18.004] <- S2C entity_move_look
[17:50:18.020] -> C2S tick_end
[17:50:18.047] -> C2S pong
[17:50:18.047] <- S2C rel_entity_move
[17:50:18.047] <- S2C rel_entity_move
[17:50:18.070] -> C2S tick_end
[17:50:18.094] -> C2S pong
[17:50:18.095] <- S2C rel_entity_move
[17:50:18.095] <- S2C entity_move_look
[17:50:18.095] <- S2C entity_move_look
[17:50:18.096] <- S2C rel_entity_move
[17:50:18.096] <- S2C rel_entity_move
[17:50:18.120] -> C2S tick_end
[17:50:18.140] -> C2S pong
[17:50:18.141] <- S2C rel_entity_move
[17:50:18.142] <- S2C rel_entity_move
[17:50:18.142] <- S2C rel_entity_move
[17:50:18.142] <- S2C rel_entity_move
[17:50:18.142] <- S2C rel_entity_move
[17:50:18.143] <- S2C entity_move_look
[17:50:18.172] -> C2S tick_end
[17:50:18.175] -> C2S pong
[17:50:18.175] <- S2C rel_entity_move
[17:50:18.175] <- S2C rel_entity_move
[17:50:18.222] -> C2S tick_end
[17:50:18.273] -> C2S tick_end
[17:50:18.286] -> C2S pong
[17:50:18.286] <- S2C entity_move_look
[17:50:18.287] <- S2C rel_entity_move
[17:50:18.287] <- S2C entity_move_look
[17:50:18.287] <- S2C rel_entity_move
[17:50:18.287] <- S2C entity_move_look
[17:50:18.287] <- S2C rel_entity_move
[17:50:18.288] <- S2C rel_entity_move
[17:50:18.288] <- S2C entity_move_look
[17:50:18.324] -> C2S tick_end
[17:50:18.324] -> C2S position
[17:50:18.338] -> C2S pong
[17:50:18.338] <- S2C rel_entity_move
[17:50:18.338] <- S2C rel_entity_move
[17:50:18.339] <- S2C rel_entity_move
[17:50:18.339] <- S2C rel_entity_move
[17:50:18.339] <- S2C rel_entity_move
[17:50:18.339] <- S2C entity_move_look
[17:50:18.339] -> C2S keep_alive
[17:50:18.374] -> C2S tick_end
[17:50:18.407] -> C2S pong
[17:50:18.408] <- S2C rel_entity_move
[17:50:18.408] <- S2C entity_move_look
[17:50:18.424] -> C2S tick_end
[17:50:18.433] -> C2S pong
[17:50:18.434] <- S2C entity_move_look
[17:50:18.434] <- S2C entity_move_look
[17:50:18.435] <- S2C entity_move_look
[17:50:18.435] <- S2C rel_entity_move
[17:50:18.435] <- S2C rel_entity_move
[17:50:18.436] <- S2C entity_move_look
[17:50:18.475] -> C2S tick_end
[17:50:18.481] -> C2S pong
[17:50:18.482] <- S2C rel_entity_move
[17:50:18.482] <- S2C entity_move_look
[17:50:18.482] <- S2C rel_entity_move
[17:50:18.482] <- S2C rel_entity_move
[17:50:18.483] <- S2C entity_move_look
[17:50:18.525] -> C2S tick_end
[17:50:18.543] -> C2S pong
[17:50:18.544] <- S2C rel_entity_move
[17:50:18.544] <- S2C entity_move_look
[17:50:18.575] -> C2S tick_end
[17:50:18.594] -> C2S pong
[17:50:18.594] <- S2C entity_move_look
[17:50:18.594] <- S2C rel_entity_move
[17:50:18.595] <- S2C entity_move_look
[17:50:18.595] <- S2C entity_move_look
[17:50:18.595] <- S2C rel_entity_move
[17:50:18.595] <- S2C rel_entity_move
[17:50:18.596] <- S2C rel_entity_move
[17:50:18.596] <- S2C entity_move_look
[17:50:18.626] -> C2S tick_end
[17:50:18.635] -> C2S pong
[17:50:18.635] <- S2C entity_move_look
[17:50:18.636] <- S2C entity_move_look
[17:50:18.636] <- S2C rel_entity_move
[17:50:18.636] <- S2C rel_entity_move
[17:50:18.637] <- S2C rel_entity_move
[17:50:18.637] <- S2C rel_entity_move
[17:50:18.637] <- S2C rel_entity_move
[17:50:18.637] <- S2C entity_move_look
[17:50:18.670] -> C2S pong
[17:50:18.670] <- S2C rel_entity_move
[17:50:18.671] <- S2C rel_entity_move
[17:50:18.677] -> C2S tick_end
[17:50:18.711] -> C2S pong
[17:50:18.711] <- S2C entity_move_look
[17:50:18.711] <- S2C rel_entity_move
[17:50:18.712] <- S2C rel_entity_move
[17:50:18.712] <- S2C entity_move_look
[17:50:18.712] <- S2C rel_entity_move
[17:50:18.712] <- S2C rel_entity_move
[17:50:18.712] <- S2C rel_entity_move
[17:50:18.713] <- S2C entity_move_look
[17:50:18.713] <- S2C rel_entity_move
[17:50:18.727] -> C2S tick_end
[17:50:18.750] -> C2S pong
[17:50:18.750] <- S2C rel_entity_move
[17:50:18.751] <- S2C rel_entity_move
[17:50:18.751] <- S2C rel_entity_move
[17:50:18.751] <- S2C rel_entity_move
[17:50:18.752] <- S2C rel_entity_move
[17:50:18.752] <- S2C rel_entity_move
[17:50:18.752] <- S2C rel_entity_move
[17:50:18.779] -> C2S tick_end
[17:50:18.793] -> C2S pong
[17:50:18.794] <- S2C rel_entity_move
[17:50:18.794] <- S2C entity_move_look
[17:50:18.829] -> C2S tick_end
[17:50:18.835] -> C2S pong
[17:50:18.835] <- S2C entity_move_look
[17:50:18.836] <- S2C entity_move_look
[17:50:18.836] <- S2C entity_move_look
[17:50:18.836] <- S2C entity_move_look
[17:50:18.836] <- S2C entity_move_look
[17:50:18.837] <- S2C rel_entity_move
[17:50:18.837] <- S2C rel_entity_move
[17:50:18.880] -> C2S tick_end
[17:50:18.881] -> C2S pong
[17:50:18.881] <- S2C rel_entity_move
[17:50:18.882] <- S2C rel_entity_move
[17:50:18.882] <- S2C rel_entity_move
[17:50:18.882] <- S2C rel_entity_move
[17:50:18.883] <- S2C rel_entity_move
[17:50:18.883] <- S2C rel_entity_move
[17:50:18.883] <- S2C entity_move_look
[17:50:18.930] -> C2S tick_end
[17:50:18.931] -> C2S pong
[17:50:18.931] <- S2C rel_entity_move
[17:50:18.931] <- S2C rel_entity_move
[17:50:18.932] <- S2C rel_entity_move
[17:50:18.932] <- S2C entity_move_look
[17:50:18.973] -> C2S pong
[17:50:18.974] <- S2C entity_move_look
[17:50:18.974] <- S2C rel_entity_move
[17:50:18.975] <- S2C rel_entity_move
[17:50:18.975] <- S2C entity_move_look
[17:50:18.975] <- S2C entity_move_look
[17:50:18.976] <- S2C rel_entity_move
[17:50:18.976] <- S2C rel_entity_move
[17:50:18.976] <- S2C rel_entity_move
[17:50:18.977] <- S2C rel_entity_move
[17:50:18.980] -> C2S tick_end
[17:50:19.024] -> C2S pong
[17:50:19.024] <- S2C entity_move_look
[17:50:19.025] <- S2C entity_move_look
[17:50:19.025] <- S2C rel_entity_move
[17:50:19.025] <- S2C entity_move_look
[17:50:19.026] <- S2C rel_entity_move
[17:50:19.026] <- S2C rel_entity_move
[17:50:19.031] -> C2S tick_end
[17:50:19.082] -> C2S tick_end
[17:50:19.113] -> C2S pong
[17:50:19.113] -> C2S pong
[17:50:19.114] <- S2C entity_move_look
[17:50:19.114] <- S2C entity_move_look
[17:50:19.114] <- S2C rel_entity_move
[17:50:19.115] <- S2C entity_move_look
[17:50:19.115] <- S2C entity_move_look
[17:50:19.115] <- S2C entity_move_look
[17:50:19.115] <- S2C rel_entity_move
[17:50:19.116] <- S2C rel_entity_move
[17:50:19.116] <- S2C rel_entity_move
[17:50:19.116] <- S2C rel_entity_move
[17:50:19.133] -> C2S tick_end
[17:50:19.151] -> C2S pong
[17:50:19.151] <- S2C rel_entity_move
[17:50:19.151] <- S2C rel_entity_move
[17:50:19.152] <- S2C rel_entity_move
[17:50:19.152] <- S2C rel_entity_move
[17:50:19.152] <- S2C entity_move_look
[17:50:19.153] <- S2C rel_entity_move
[17:50:19.153] <- S2C rel_entity_move
[17:50:19.153] <- S2C rel_entity_move
[17:50:19.153] <- S2C entity_move_look
[17:50:19.183] -> C2S tick_end
[17:50:19.235] -> C2S tick_end
[17:50:19.254] -> C2S pong
[17:50:19.254] -> C2S pong
[17:50:19.255] <- S2C entity_move_look
[17:50:19.255] <- S2C rel_entity_move
[17:50:19.255] <- S2C entity_move_look
[17:50:19.255] <- S2C rel_entity_move
[17:50:19.256] <- S2C rel_entity_move
[17:50:19.256] <- S2C rel_entity_move
[17:50:19.256] <- S2C rel_entity_move
[17:50:19.256] <- S2C rel_entity_move
[17:50:19.257] <- S2C entity_move_look
[17:50:19.285] -> C2S tick_end
[17:50:19.299] -> C2S pong
[17:50:19.300] <- S2C entity_move_look
[17:50:19.300] <- S2C entity_move_look
[17:50:19.300] <- S2C rel_entity_move
[17:50:19.301] <- S2C rel_entity_move
[17:50:19.301] <- S2C rel_entity_move
[17:50:19.301] <- S2C rel_entity_move
[17:50:19.336] -> C2S tick_end
[17:50:19.337] -> C2S position
[17:50:19.386] -> C2S tick_end
[17:50:19.436] -> C2S tick_end
[17:50:19.443] -> C2S keep_alive
[17:50:19.460] -> C2S pong
[17:50:19.461] -> C2S pong
[17:50:19.461] <- S2C rel_entity_move
[17:50:19.461] <- S2C rel_entity_move
[17:50:19.462] <- S2C rel_entity_move
[17:50:19.462] <- S2C rel_entity_move
[17:50:19.463] <- S2C entity_move_look
[17:50:19.463] <- S2C entity_move_look
[17:50:19.463] <- S2C rel_entity_move
[17:50:19.464] <- S2C rel_entity_move
[17:50:19.487] -> C2S tick_end
[17:50:19.509] -> C2S pong
[17:50:19.509] <- S2C rel_entity_move
[17:50:19.509] <- S2C rel_entity_move
[17:50:19.510] <- S2C rel_entity_move
[17:50:19.510] <- S2C rel_entity_move
[17:50:19.510] <- S2C entity_move_look
[17:50:19.510] <- S2C rel_entity_move
[17:50:19.511] <- S2C rel_entity_move
[17:50:19.511] <- S2C entity_move_look
[17:50:19.537] -> C2S tick_end
[17:50:19.549] -> C2S pong
[17:50:19.550] <- S2C rel_entity_move
[17:50:19.587] -> C2S tick_end
[17:50:19.588] -> C2S pong
[17:50:19.588] <- S2C entity_move_look
[17:50:19.589] <- S2C rel_entity_move
[17:50:19.589] <- S2C rel_entity_move
[17:50:19.589] <- S2C rel_entity_move
[17:50:19.589] <- S2C rel_entity_move
[17:50:19.589] <- S2C rel_entity_move
[17:50:19.590] <- S2C rel_entity_move
[17:50:19.590] <- S2C rel_entity_move
[17:50:19.590] <- S2C rel_entity_move
[17:50:19.626] -> C2S pong
[17:50:19.627] <- S2C rel_entity_move
[17:50:19.627] <- S2C entity_move_look
[17:50:19.627] <- S2C entity_move_look
[17:50:19.628] <- S2C rel_entity_move
[17:50:19.628] <- S2C rel_entity_move
[17:50:19.628] <- S2C entity_move_look
[17:50:19.637] -> C2S tick_end
[17:50:19.689] -> C2S tick_end
[17:50:19.706] -> C2S pong
[17:50:19.707] <- S2C entity_move_look
[17:50:19.707] <- S2C rel_entity_move
[17:50:19.708] <- S2C entity_move_look
[17:50:19.708] <- S2C rel_entity_move
[17:50:19.708] <- S2C rel_entity_move
[17:50:19.708] <- S2C rel_entity_move
[17:50:19.708] <- S2C rel_entity_move
[17:50:19.709] <- S2C rel_entity_move
[17:50:19.709] <- S2C rel_entity_move
[17:50:19.709] <- S2C rel_entity_move
[17:50:19.710] <- S2C rel_entity_move
[17:50:19.740] -> C2S tick_end
[17:50:19.751] -> C2S pong
[17:50:19.752] <- S2C rel_entity_move
[17:50:19.752] <- S2C rel_entity_move
[17:50:19.753] <- S2C rel_entity_move
[17:50:19.753] <- S2C rel_entity_move
[17:50:19.753] <- S2C rel_entity_move
[17:50:19.753] <- S2C entity_move_look
[17:50:19.790] -> C2S tick_end
[17:50:19.840] -> C2S tick_end
[17:50:19.841] -> C2S pong
[17:50:19.841] -> C2S pong
[17:50:19.842] <- S2C entity_move_look
[17:50:19.842] <- S2C rel_entity_move
[17:50:19.842] <- S2C entity_move_look
[17:50:19.843] <- S2C rel_entity_move
[17:50:19.843] <- S2C entity_move_look
[17:50:19.843] <- S2C rel_entity_move
[17:50:19.843] <- S2C rel_entity_move
[17:50:19.844] <- S2C rel_entity_move
[17:50:19.844] <- S2C entity_move_look
[17:50:19.882] -> C2S pong
[17:50:19.883] <- S2C entity_move_look
[17:50:19.883] <- S2C entity_move_look
[17:50:19.883] <- S2C entity_move_look
[17:50:19.883] <- S2C rel_entity_move
[17:50:19.883] <- S2C rel_entity_move
[17:50:19.884] <- S2C entity_move_look
[17:50:19.884] <- S2C sync_entity_position id=56572098 change=undefined rel=undefined
[17:50:19.899] -> C2S tick_end
[17:50:19.900] -> C2S tick_end
[17:50:19.950] -> C2S tick_end
[17:50:19.986] -> C2S pong
[17:50:19.987] -> C2S pong
[17:50:19.987] <- S2C rel_entity_move
[17:50:19.987] <- S2C rel_entity_move
[17:50:19.988] <- S2C entity_move_look
[17:50:19.988] <- S2C rel_entity_move
[17:50:19.988] <- S2C entity_move_look
[17:50:19.989] <- S2C rel_entity_move
[17:50:19.989] <- S2C rel_entity_move
[17:50:19.989] <- S2C rel_entity_move
[17:50:19.989] <- S2C rel_entity_move
[17:50:20.001] -> C2S tick_end
[17:50:20.048] -> C2S pong
[17:50:20.049] <- S2C rel_entity_move
[17:50:20.049] <- S2C entity_move_look
[17:50:20.049] <- S2C entity_move_look
[17:50:20.049] <- S2C rel_entity_move
[17:50:20.049] <- S2C rel_entity_move
[17:50:20.050] <- S2C rel_entity_move
[17:50:20.051] -> C2S tick_end
[17:50:20.088] -> C2S pong
[17:50:20.089] <- S2C rel_entity_move
[17:50:20.101] -> C2S tick_end
[17:50:20.132] -> C2S pong
[17:50:20.133] <- S2C entity_move_look
[17:50:20.133] <- S2C rel_entity_move
[17:50:20.133] <- S2C entity_move_look
[17:50:20.133] <- S2C entity_move_look
[17:50:20.133] <- S2C rel_entity_move
[17:50:20.134] <- S2C rel_entity_move
[17:50:20.134] <- S2C rel_entity_move
[17:50:20.134] <- S2C rel_entity_move
[17:50:20.134] <- S2C rel_entity_move
[17:50:20.134] <- S2C rel_entity_move
[17:50:20.152] -> C2S tick_end
[17:50:20.183] -> C2S pong
[17:50:20.184] <- S2C rel_entity_move
[17:50:20.184] <- S2C entity_move_look
[17:50:20.184] <- S2C entity_move_look
[17:50:20.184] <- S2C rel_entity_move
[17:50:20.185] <- S2C rel_entity_move
[17:50:20.185] <- S2C entity_move_look
[17:50:20.202] -> C2S tick_end
[17:50:20.234] -> C2S pong
[17:50:20.234] <- S2C entity_move_look
[17:50:20.235] <- S2C entity_move_look
[17:50:20.235] <- S2C rel_entity_move
[17:50:20.235] <- S2C rel_entity_move
[17:50:20.252] -> C2S tick_end
[17:50:20.278] -> C2S pong
[17:50:20.279] <- S2C rel_entity_move
[17:50:20.279] <- S2C rel_entity_move
[17:50:20.279] <- S2C entity_move_look
[17:50:20.280] <- S2C entity_move_look
[17:50:20.280] <- S2C entity_move_look
[17:50:20.281] <- S2C rel_entity_move
[17:50:20.281] <- S2C rel_entity_move
[17:50:20.281] <- S2C rel_entity_move
[17:50:20.281] <- S2C rel_entity_move
[17:50:20.281] <- S2C entity_move_look
[17:50:20.302] -> C2S tick_end
[17:50:20.354] -> C2S tick_end
[17:50:20.354] -> C2S position
[17:50:20.355] -> C2S pong
[17:50:20.356] <- S2C entity_move_look
[17:50:20.356] <- S2C rel_entity_move
[17:50:20.356] <- S2C entity_move_look
[17:50:20.357] <- S2C rel_entity_move
[17:50:20.357] <- S2C entity_move_look
[17:50:20.404] -> C2S tick_end
[17:50:20.431] -> C2S pong
[17:50:20.432] <- S2C entity_move_look
[17:50:20.432] <- S2C entity_move_look
[17:50:20.432] -> C2S keep_alive
[17:50:20.454] -> C2S tick_end
[17:50:20.472] -> C2S pong
[17:50:20.472] <- S2C entity_move_look
[17:50:20.472] <- S2C rel_entity_move
[17:50:20.473] <- S2C rel_entity_move
[17:50:20.473] <- S2C rel_entity_move
[17:50:20.473] <- S2C entity_move_look
[17:50:20.473] <- S2C rel_entity_move
[17:50:20.474] <- S2C rel_entity_move
[17:50:20.474] <- S2C rel_entity_move
[17:50:20.474] <- S2C rel_entity_move
[17:50:20.474] <- S2C rel_entity_move
[17:50:20.504] -> C2S tick_end
[17:50:20.526] -> C2S pong
[17:50:20.527] <- S2C rel_entity_move
[17:50:20.527] <- S2C rel_entity_move
[17:50:20.527] <- S2C entity_move_look
[17:50:20.528] <- S2C rel_entity_move
[17:50:20.528] <- S2C rel_entity_move
[17:50:20.528] <- S2C entity_move_look
[17:50:20.554] -> C2S tick_end
[17:50:20.579] -> C2S pong
[17:50:20.580] <- S2C rel_entity_move
[17:50:20.580] <- S2C rel_entity_move
[17:50:20.605] -> C2S tick_end
[17:50:20.630] -> C2S pong
[17:50:20.631] <- S2C entity_move_look
[17:50:20.631] <- S2C entity_move_look
[17:50:20.631] <- S2C entity_move_look
[17:50:20.632] <- S2C rel_entity_move
[17:50:20.632] <- S2C rel_entity_move
[17:50:20.632] <- S2C rel_entity_move
[17:50:20.632] <- S2C rel_entity_move
[17:50:20.633] <- S2C entity_move_look
[17:50:20.655] -> C2S tick_end
[17:50:20.676] -> C2S pong
[17:50:20.677] <- S2C rel_entity_move
[17:50:20.677] <- S2C entity_move_look
[17:50:20.677] <- S2C rel_entity_move
[17:50:20.678] <- S2C rel_entity_move
[17:50:20.678] <- S2C rel_entity_move
[17:50:20.678] <- S2C rel_entity_move
[17:50:20.705] -> C2S tick_end
[17:50:20.737] -> C2S pong
[17:50:20.737] <- S2C entity_move_look
[17:50:20.738] <- S2C rel_entity_move
[17:50:20.755] -> C2S tick_end
[17:50:20.805] -> C2S tick_end
[17:50:20.837] -> C2S pong
[17:50:20.837] <- S2C rel_entity_move
[17:50:20.838] <- S2C rel_entity_move
[17:50:20.838] <- S2C rel_entity_move
[17:50:20.838] <- S2C entity_move_look
[17:50:20.839] <- S2C entity_move_look
[17:50:20.839] <- S2C rel_entity_move
[17:50:20.839] <- S2C rel_entity_move
[17:50:20.839] <- S2C entity_move_look
[17:50:20.839] <- S2C entity_move_look
[17:50:20.840] <- S2C rel_entity_move
[17:50:20.855] -> C2S tick_end
[17:50:20.904] -> C2S pong
[17:50:20.905] <- S2C rel_entity_move
[17:50:20.905] <- S2C entity_move_look
[17:50:20.905] <- S2C rel_entity_move
[17:50:20.906] <- S2C rel_entity_move
[17:50:20.906] <- S2C rel_entity_move
[17:50:20.906] <- S2C rel_entity_move
[17:50:20.908] -> C2S tick_end
[17:50:20.958] -> C2S tick_end
[17:50:20.999] -> C2S pong
[17:50:20.000] -> C2S pong
[17:50:21.000] <- S2C entity_move_look
[17:50:21.000] <- S2C rel_entity_move
[17:50:21.000] <- S2C entity_move_look
[17:50:21.001] <- S2C entity_move_look
[17:50:21.001] <- S2C entity_move_look
[17:50:21.001] <- S2C rel_entity_move
[17:50:21.001] <- S2C entity_move_look
[17:50:21.001] <- S2C rel_entity_move
[17:50:21.001] <- S2C rel_entity_move
[17:50:21.002] <- S2C entity_move_look
[17:50:21.009] -> C2S tick_end
[17:50:21.054] -> C2S pong
[17:50:21.055] <- S2C entity_move_look
[17:50:21.055] <- S2C rel_entity_move
[17:50:21.055] <- S2C entity_move_look
[17:50:21.055] <- S2C entity_move_look
[17:50:21.056] <- S2C rel_entity_move
[17:50:21.056] <- S2C rel_entity_move
[17:50:21.057] <- S2C rel_entity_move
[17:50:21.057] <- S2C entity_move_look
[17:50:21.059] -> C2S tick_end
[17:50:21.114] -> C2S tick_end
[17:50:21.156] -> C2S pong
[17:50:21.157] -> C2S pong
[17:50:21.157] <- S2C entity_move_look
[17:50:21.157] <- S2C rel_entity_move
[17:50:21.158] <- S2C entity_move_look
[17:50:21.158] <- S2C rel_entity_move
[17:50:21.158] <- S2C rel_entity_move
[17:50:21.158] <- S2C rel_entity_move
[17:50:21.159] <- S2C rel_entity_move
[17:50:21.159] <- S2C rel_entity_move
[17:50:21.159] <- S2C rel_entity_move
[17:50:21.160] <- S2C rel_entity_move
[17:50:21.160] <- S2C rel_entity_move
[17:50:21.165] -> C2S tick_end
[17:50:21.206] -> C2S pong
[17:50:21.206] <- S2C rel_entity_move
[17:50:21.206] <- S2C entity_move_look
[17:50:21.207] <- S2C rel_entity_move
[17:50:21.207] <- S2C rel_entity_move
[17:50:21.207] <- S2C rel_entity_move
[17:50:21.207] <- S2C rel_entity_move
[17:50:21.216] -> C2S tick_end
[17:50:21.266] -> C2S tick_end
[17:50:21.319] -> C2S tick_end
[17:50:21.349] -> C2S pong
[17:50:21.369] -> C2S tick_end
[17:50:21.370] -> C2S position
[17:50:21.419] -> C2S tick_end
[17:50:21.423] -> C2S pong
[17:50:21.423] <- S2C entity_move_look
[17:50:21.423] <- S2C rel_entity_move
[17:50:21.424] <- S2C entity_move_look
[17:50:21.424] <- S2C entity_move_look
[17:50:21.424] <- S2C rel_entity_move
[17:50:21.424] <- S2C entity_move_look
[17:50:21.425] <- S2C rel_entity_move
[17:50:21.425] <- S2C rel_entity_move
[17:50:21.425] <- S2C entity_move_look
[17:50:21.425] <- S2C entity_move_look
[17:50:21.425] <- S2C rel_entity_move
[17:50:21.470] -> C2S tick_end
[17:50:21.471] -> C2S pong
[17:50:21.471] <- S2C rel_entity_move
[17:50:21.472] <- S2C entity_move_look
[17:50:21.472] <- S2C rel_entity_move
[17:50:21.473] <- S2C rel_entity_move
[17:50:21.473] <- S2C rel_entity_move
[17:50:21.473] <- S2C rel_entity_move
[17:50:21.473] -> C2S keep_alive
[17:50:21.519] -> C2S tick_end
[17:50:21.569] -> C2S tick_end
[17:50:21.581] -> C2S pong
[17:50:21.582] -> C2S pong
[17:50:21.582] <- S2C rel_entity_move
[17:50:21.582] <- S2C entity_move_look
[17:50:21.583] <- S2C rel_entity_move
[17:50:21.583] <- S2C entity_move_look
[17:50:21.583] <- S2C entity_move_look
[17:50:21.583] <- S2C rel_entity_move
[17:50:21.583] <- S2C rel_entity_move
[17:50:21.584] <- S2C rel_entity_move
[17:50:21.584] <- S2C rel_entity_move
[17:50:21.620] -> C2S tick_end
[17:50:21.640] -> C2S pong
[17:50:21.641] <- S2C entity_move_look
[17:50:21.641] <- S2C entity_move_look
[17:50:21.641] <- S2C rel_entity_move
[17:50:21.642] <- S2C rel_entity_move
[17:50:21.642] <- S2C rel_entity_move
[17:50:21.642] <- S2C entity_move_look
[17:50:21.670] -> C2S tick_end
[17:50:21.693] -> C2S pong
[17:50:21.693] <- S2C rel_entity_move
[17:50:21.720] -> C2S tick_end
[17:50:21.759] -> C2S pong
[17:50:21.760] <- S2C entity_move_look
[17:50:21.760] <- S2C rel_entity_move
[17:50:21.761] <- S2C rel_entity_move
[17:50:21.761] <- S2C entity_move_look
[17:50:21.761] <- S2C entity_move_look
[17:50:21.761] <- S2C rel_entity_move
[17:50:21.762] <- S2C rel_entity_move
[17:50:21.762] <- S2C rel_entity_move
[17:50:21.762] <- S2C rel_entity_move
[17:50:21.762] <- S2C sync_entity_position id=56572097 change=undefined rel=undefined
[17:50:21.771] -> C2S tick_end
[17:50:21.811] -> C2S pong
[17:50:21.812] <- S2C rel_entity_move
[17:50:21.812] <- S2C entity_move_look
[17:50:21.812] <- S2C rel_entity_move
[17:50:21.812] <- S2C rel_entity_move
[17:50:21.813] <- S2C rel_entity_move
[17:50:21.813] <- S2C entity_move_look
[17:50:21.822] -> C2S tick_end
[17:50:21.851] -> C2S pong
[17:50:21.851] <- S2C rel_entity_move
[17:50:21.852] <- S2C rel_entity_move
[17:50:21.873] -> C2S tick_end
[17:50:21.903] -> C2S pong
[17:50:21.903] <- S2C rel_entity_move
[17:50:21.903] <- S2C rel_entity_move
[17:50:21.909] <- S2C rel_entity_move
[17:50:21.909] <- S2C rel_entity_move
[17:50:21.909] <- S2C rel_entity_move
[17:50:21.910] <- S2C entity_move_look
[17:50:21.910] <- S2C rel_entity_move
[17:50:21.911] <- S2C rel_entity_move
[17:50:21.911] <- S2C rel_entity_move
[17:50:21.911] <- S2C rel_entity_move
[17:50:21.925] -> C2S tick_end
[17:50:21.955] -> C2S pong
[17:50:21.955] <- S2C entity_move_look
[17:50:21.956] <- S2C entity_move_look
[17:50:21.956] <- S2C rel_entity_move
[17:50:21.956] <- S2C rel_entity_move
[17:50:21.957] <- S2C rel_entity_move
[17:50:21.957] <- S2C entity_move_look
[17:50:21.977] -> C2S tick_end
[17:50:22.027] -> C2S tick_end
[17:50:22.055] -> C2S pong
[17:50:22.056] -> C2S pong
[17:50:22.056] <- S2C entity_move_look
[17:50:22.056] <- S2C rel_entity_move
[17:50:22.056] <- S2C rel_entity_move
[17:50:22.057] <- S2C rel_entity_move
[17:50:22.057] <- S2C rel_entity_move
[17:50:22.057] <- S2C rel_entity_move
[17:50:22.057] <- S2C rel_entity_move
[17:50:22.057] <- S2C entity_move_look
[17:50:22.058] <- S2C rel_entity_move
[17:50:22.058] <- S2C rel_entity_move
[17:50:22.077] -> C2S tick_end
[17:50:22.117] -> C2S pong
[17:50:22.118] <- S2C entity_move_look
[17:50:22.118] <- S2C rel_entity_move
[17:50:22.118] <- S2C rel_entity_move
[17:50:22.118] <- S2C rel_entity_move
[17:50:22.118] <- S2C rel_entity_move
[17:50:22.119] <- S2C rel_entity_move
[17:50:22.127] -> C2S tick_end
[17:50:22.178] -> C2S tick_end
[17:50:22.228] -> C2S tick_end
[17:50:22.279] -> C2S tick_end
[17:50:22.304] -> C2S pong
[17:50:22.305] -> C2S pong
[17:50:22.305] <- S2C rel_entity_move
[17:50:22.306] <- S2C rel_entity_move
[17:50:22.306] <- S2C rel_entity_move
[17:50:22.307] <- S2C rel_entity_move
[17:50:22.307] <- S2C rel_entity_move
[17:50:22.307] <- S2C rel_entity_move
[17:50:22.308] <- S2C rel_entity_move
[17:50:22.308] <- S2C rel_entity_move
[17:50:22.308] <- S2C rel_entity_move
[17:50:22.329] -> C2S tick_end
[17:50:22.379] -> C2S tick_end
[17:50:22.380] -> C2S position
[17:50:22.430] -> C2S tick_end
[17:50:22.431] -> C2S pong
[17:50:22.432] <- S2C rel_entity_move
[17:50:22.432] <- S2C entity_move_look
[17:50:22.432] <- S2C rel_entity_move
[17:50:22.432] <- S2C rel_entity_move
[17:50:22.433] <- S2C rel_entity_move
[17:50:22.433] <- S2C rel_entity_move
[17:50:22.485] -> C2S tick_end
[17:50:22.486] -> C2S pong
[17:50:22.486] -> C2S pong
[17:50:22.486] <- S2C rel_entity_move
[17:50:22.486] <- S2C rel_entity_move
[17:50:22.487] <- S2C rel_entity_move
[17:50:22.487] <- S2C rel_entity_move
[17:50:22.487] <- S2C rel_entity_move
[17:50:22.487] <- S2C rel_entity_move
[17:50:22.488] <- S2C rel_entity_move
[17:50:22.489] <- S2C rel_entity_move
[17:50:22.489] <- S2C rel_entity_move
[17:50:22.490] <- S2C entity_move_look
[17:50:22.490] -> C2S keep_alive
[17:50:22.528] -> C2S pong
[17:50:22.529] <- S2C rel_entity_move
[17:50:22.529] <- S2C rel_entity_move
[17:50:22.529] <- S2C rel_entity_move
[17:50:22.530] <- S2C rel_entity_move
[17:50:22.530] <- S2C rel_entity_move
[17:50:22.530] <- S2C rel_entity_move
[17:50:22.536] -> C2S tick_end
[17:50:22.586] -> C2S tick_end
[17:50:22.636] -> C2S tick_end
[17:50:22.688] -> C2S tick_end
[17:50:22.689] -> C2S pong
[17:50:22.690] -> C2S pong
[17:50:22.690] <- S2C entity_move_look
[17:50:22.691] <- S2C rel_entity_move
[17:50:22.691] <- S2C entity_move_look
[17:50:22.692] <- S2C entity_move_look
[17:50:22.692] <- S2C rel_entity_move
[17:50:22.692] <- S2C rel_entity_move
[17:50:22.692] <- S2C rel_entity_move
[17:50:22.693] <- S2C rel_entity_move
[17:50:22.693] <- S2C rel_entity_move
[17:50:22.693] <- S2C rel_entity_move
[17:50:22.738] -> C2S tick_end
[17:50:22.746] -> C2S pong
[17:50:22.746] <- S2C entity_move_look
[17:50:22.746] <- S2C rel_entity_move
[17:50:22.746] <- S2C rel_entity_move
[17:50:22.747] <- S2C rel_entity_move
[17:50:22.789] -> C2S tick_end
[17:50:22.839] -> C2S tick_end
[17:50:22.863] -> C2S pong
[17:50:22.863] -> C2S pong
[17:50:22.864] <- S2C rel_entity_move
[17:50:22.864] <- S2C rel_entity_move
[17:50:22.864] <- S2C rel_entity_move
[17:50:22.865] <- S2C rel_entity_move
[17:50:22.865] <- S2C rel_entity_move
[17:50:22.865] <- S2C rel_entity_move
[17:50:22.866] <- S2C rel_entity_move
[17:50:22.866] <- S2C rel_entity_move
[17:50:22.866] <- S2C rel_entity_move
[17:50:22.867] <- S2C rel_entity_move
[17:50:22.891] -> C2S tick_end
[17:50:22.909] -> C2S pong
[17:50:22.909] <- S2C rel_entity_move
[17:50:22.909] <- S2C entity_move_look
[17:50:22.910] <- S2C rel_entity_move
[17:50:22.910] <- S2C rel_entity_move
[17:50:22.911] <- S2C rel_entity_move
[17:50:22.942] -> C2S tick_end
[17:50:22.967] -> C2S pong
[17:50:22.968] <- S2C sync_entity_position id=56572097 change=undefined rel=undefined
[17:50:22.993] -> C2S tick_end
[17:50:23.013] -> C2S pong
[17:50:23.013] <- S2C rel_entity_move
[17:50:23.014] <- S2C rel_entity_move
[17:50:23.014] <- S2C rel_entity_move
[17:50:23.014] <- S2C rel_entity_move
[17:50:23.015] <- S2C rel_entity_move
[17:50:23.015] <- S2C rel_entity_move
[17:50:23.015] <- S2C rel_entity_move
[17:50:23.015] <- S2C rel_entity_move
[17:50:23.016] <- S2C rel_entity_move
[17:50:23.016] <- S2C rel_entity_move
[17:50:23.042] -> C2S pong
[17:50:23.042] <- S2C rel_entity_move
[17:50:23.043] <- S2C rel_entity_move
[17:50:23.043] <- S2C rel_entity_move
[17:50:23.043] <- S2C rel_entity_move
[17:50:23.043] <- S2C rel_entity_move
[17:50:23.047] -> C2S tick_end
[17:50:23.048] -> C2S tick_end
[17:50:23.098] -> C2S tick_end
[17:50:23.119] -> C2S pong
[17:50:23.119] <- S2C rel_entity_move
[17:50:23.120] <- S2C rel_entity_move
[17:50:23.120] <- S2C rel_entity_move
[17:50:23.120] <- S2C rel_entity_move
[17:50:23.148] -> C2S tick_end
[17:50:23.194] -> C2S pong
[17:50:23.194] <- S2C rel_entity_move
[17:50:23.194] <- S2C rel_entity_move
[17:50:23.195] <- S2C rel_entity_move
[17:50:23.195] <- S2C rel_entity_move
[17:50:23.195] <- S2C rel_entity_move
[17:50:23.195] <- S2C rel_entity_move
[17:50:23.196] <- S2C rel_entity_move
[17:50:23.196] <- S2C entity_move_look
[17:50:23.196] <- S2C entity_move_look
[17:50:23.203] -> C2S tick_end
[17:50:23.242] -> C2S pong
[17:50:23.242] <- S2C entity_move_look
[17:50:23.243] <- S2C entity_move_look
[17:50:23.243] <- S2C rel_entity_move
[17:50:23.243] <- S2C rel_entity_move
[17:50:23.244] <- S2C rel_entity_move
[17:50:23.244] <- S2C entity_move_look
[17:50:23.245] <- S2C rel_entity_move
[17:50:23.254] -> C2S tick_end
[17:50:23.305] -> C2S tick_end
[17:50:23.356] -> C2S tick_end
[17:50:23.357] -> C2S position
[17:50:23.364] -> C2S pong
[17:50:23.365] -> C2S pong
[17:50:23.365] <- S2C rel_entity_move
[17:50:23.366] <- S2C rel_entity_move
[17:50:23.366] <- S2C entity_move_look
[17:50:23.367] <- S2C entity_move_look
[17:50:23.367] <- S2C entity_move_look
[17:50:23.367] <- S2C rel_entity_move
[17:50:23.368] <- S2C rel_entity_move
[17:50:23.368] <- S2C rel_entity_move
[17:50:23.369] <- S2C rel_entity_move
[17:50:23.369] <- S2C rel_entity_move
[17:50:23.406] -> C2S tick_end
[17:50:23.456] -> C2S tick_end
[17:50:23.483] -> C2S pong
[17:50:23.484] <- S2C rel_entity_move
[17:50:23.485] <- S2C entity_move_look
[17:50:23.485] <- S2C rel_entity_move
[17:50:23.485] <- S2C rel_entity_move
[17:50:23.485] <- S2C rel_entity_move
[17:50:23.486] <- S2C rel_entity_move
[17:50:23.486] <- S2C rel_entity_move
[17:50:23.498] -> C2S keep_alive
[17:50:23.507] -> C2S tick_end
[17:50:23.542] -> C2S pong
[17:50:23.543] -> C2S pong
[17:50:23.543] <- S2C rel_entity_move
[17:50:23.543] <- S2C rel_entity_move
[17:50:23.544] <- S2C rel_entity_move
[17:50:23.545] <- S2C rel_entity_move
[17:50:23.545] <- S2C rel_entity_move
[17:50:23.545] <- S2C rel_entity_move
[17:50:23.546] <- S2C rel_entity_move
[17:50:23.546] <- S2C rel_entity_move
[17:50:23.546] <- S2C rel_entity_move
[17:50:23.546] <- S2C rel_entity_move
[17:50:23.557] -> C2S tick_end
[17:50:23.598] -> C2S pong
[17:50:23.598] <- S2C rel_entity_move
[17:50:23.599] <- S2C rel_entity_move
[17:50:23.599] <- S2C rel_entity_move
[17:50:23.599] <- S2C rel_entity_move
[17:50:23.599] <- S2C rel_entity_move
[17:50:23.621] -> C2S tick_end
[17:50:23.671] -> C2S tick_end
[17:50:23.678] -> C2S pong
[17:50:23.679] <- S2C rel_entity_move
[17:50:23.679] <- S2C rel_entity_move
[17:50:23.680] <- S2C entity_move_look
[17:50:23.680] <- S2C rel_entity_move
[17:50:23.680] <- S2C rel_entity_move
[17:50:23.681] <- S2C rel_entity_move
[17:50:23.681] <- S2C entity_move_look
[17:50:23.682] <- S2C rel_entity_move
[17:50:23.682] <- S2C entity_move_look
[17:50:23.723] -> C2S tick_end
[17:50:23.724] -> C2S pong
[17:50:23.725] <- S2C rel_entity_move
[17:50:23.725] <- S2C rel_entity_move
[17:50:23.725] <- S2C rel_entity_move
[17:50:23.726] <- S2C rel_entity_move
[17:50:23.726] <- S2C rel_entity_move
[17:50:23.773] -> C2S tick_end
[17:50:23.822] -> C2S pong
[17:50:23.822] -> C2S pong
[17:50:23.823] <- S2C rel_entity_move
[17:50:23.823] <- S2C rel_entity_move
[17:50:23.824] <- S2C entity_move_look
[17:50:23.824] <- S2C rel_entity_move
[17:50:23.825] <- S2C rel_entity_move
[17:50:23.825] <- S2C rel_entity_move
[17:50:23.825] <- S2C rel_entity_move
[17:50:23.826] <- S2C rel_entity_move
[17:50:23.826] <- S2C rel_entity_move
[17:50:23.827] <- S2C rel_entity_move
[17:50:23.828] -> C2S tick_end
[17:50:23.864] -> C2S pong
[17:50:23.864] <- S2C rel_entity_move
[17:50:23.865] <- S2C rel_entity_move
[17:50:23.865] <- S2C rel_entity_move
[17:50:23.865] <- S2C rel_entity_move
[17:50:23.866] <- S2C rel_entity_move
[17:50:23.866] <- S2C rel_entity_move
[17:50:23.880] -> C2S tick_end
[17:50:23.904] -> C2S pong
[17:50:23.905] <- S2C rel_entity_move
[17:50:23.930] -> C2S tick_end
[17:50:23.949] -> C2S pong
[17:50:23.949] <- S2C rel_entity_move
[17:50:23.950] <- S2C rel_entity_move
[17:50:23.950] <- S2C rel_entity_move
[17:50:23.950] <- S2C rel_entity_move
[17:50:23.950] <- S2C entity_move_look
[17:50:23.951] <- S2C entity_move_look
[17:50:23.951] <- S2C rel_entity_move
[17:50:23.951] <- S2C rel_entity_move
[17:50:23.951] <- S2C rel_entity_move
[17:50:23.952] <- S2C rel_entity_move
[17:50:23.981] -> C2S tick_end
[17:50:23.995] -> C2S pong
[17:50:23.996] <- S2C rel_entity_move
[17:50:23.996] <- S2C rel_entity_move
[17:50:23.997] <- S2C rel_entity_move
[17:50:23.997] <- S2C rel_entity_move
[17:50:23.998] <- S2C rel_entity_move
[17:50:23.998] <- S2C rel_entity_move
[17:50:24.032] -> C2S tick_end
[17:50:24.083] -> C2S tick_end
[17:50:24.089] -> C2S pong
[17:50:24.089] -> C2S pong
[17:50:24.090] <- S2C rel_entity_move
[17:50:24.090] <- S2C rel_entity_move
[17:50:24.090] <- S2C rel_entity_move
[17:50:24.090] <- S2C rel_entity_move
[17:50:24.091] <- S2C entity_move_look
[17:50:24.091] <- S2C rel_entity_move
[17:50:24.091] <- S2C rel_entity_move
[17:50:24.091] <- S2C rel_entity_move
[17:50:24.092] <- S2C rel_entity_move
[17:50:24.092] <- S2C rel_entity_move
[17:50:24.134] -> C2S tick_end
[17:50:24.135] -> C2S pong
[17:50:24.135] <- S2C rel_entity_move
[17:50:24.135] <- S2C rel_entity_move
[17:50:24.135] <- S2C rel_entity_move
[17:50:24.136] <- S2C rel_entity_move
[17:50:24.136] <- S2C rel_entity_move
[17:50:24.184] -> C2S tick_end
[17:50:24.235] -> C2S tick_end
[17:50:24.275] -> C2S pong
[17:50:24.276] -> C2S pong
[17:50:24.276] <- S2C rel_entity_move
[17:50:24.276] <- S2C rel_entity_move
[17:50:24.277] <- S2C rel_entity_move
[17:50:24.277] <- S2C entity_move_look
[17:50:24.277] <- S2C entity_move_look
[17:50:24.278] <- S2C rel_entity_move
[17:50:24.278] <- S2C rel_entity_move
[17:50:24.278] <- S2C rel_entity_move
[17:50:24.278] <- S2C rel_entity_move
[17:50:24.279] <- S2C rel_entity_move
[17:50:24.279] <- S2C rel_entity_move
[17:50:24.285] -> C2S tick_end
[17:50:24.319] -> C2S pong
[17:50:24.319] <- S2C rel_entity_move
[17:50:24.320] <- S2C rel_entity_move
[17:50:24.320] <- S2C rel_entity_move
[17:50:24.320] <- S2C rel_entity_move
[17:50:24.336] -> C2S tick_end
[17:50:24.337] -> C2S position
[17:50:24.386] -> C2S tick_end
[17:50:24.417] -> C2S pong
[17:50:24.418] -> C2S pong
[17:50:24.418] <- S2C rel_entity_move
[17:50:24.419] <- S2C rel_entity_move
[17:50:24.419] <- S2C rel_entity_move
[17:50:24.419] <- S2C rel_entity_move
[17:50:24.419] <- S2C rel_entity_move
[17:50:24.420] <- S2C entity_move_look
[17:50:24.420] <- S2C rel_entity_move
[17:50:24.420] <- S2C entity_move_look
[17:50:24.421] <- S2C rel_entity_move
[17:50:24.421] <- S2C rel_entity_move
[17:50:24.436] -> C2S tick_end
[17:50:24.437] <- S2C rel_entity_move
[17:50:24.438] <- S2C rel_entity_move
[17:50:24.438] <- S2C rel_entity_move
[17:50:24.438] <- S2C entity_move_look
[17:50:24.439] -> C2S pong
[17:50:24.439] <- S2C rel_entity_move
[17:50:24.472] -> C2S pong
[17:50:24.472] <- S2C rel_entity_move
[17:50:24.487] -> C2S tick_end
[17:50:24.507] -> C2S pong
[17:50:24.507] <- S2C rel_entity_move
[17:50:24.508] <- S2C rel_entity_move
[17:50:24.508] <- S2C rel_entity_move
[17:50:24.508] <- S2C rel_entity_move
[17:50:24.508] <- S2C entity_move_look
[17:50:24.509] <- S2C rel_entity_move
[17:50:24.509] <- S2C rel_entity_move
[17:50:24.509] <- S2C entity_move_look
[17:50:24.509] <- S2C rel_entity_move
[17:50:24.510] -> C2S keep_alive
[17:50:24.537] -> C2S tick_end
[17:50:24.540] -> C2S pong
[17:50:24.540] <- S2C rel_entity_move
[17:50:24.540] <- S2C rel_entity_move
[17:50:24.541] <- S2C rel_entity_move
[17:50:24.541] <- S2C rel_entity_move
[17:50:24.541] <- S2C entity_move_look
[17:50:24.588] -> C2S tick_end
[17:50:24.639] -> C2S tick_end
[17:50:24.678] -> C2S pong
[17:50:24.678] <- S2C entity_move_look
[17:50:24.679] <- S2C rel_entity_move
[17:50:24.679] <- S2C rel_entity_move
[17:50:24.679] <- S2C rel_entity_move
[17:50:24.680] <- S2C entity_move_look
[17:50:24.680] <- S2C rel_entity_move
[17:50:24.680] <- S2C rel_entity_move
[17:50:24.681] <- S2C rel_entity_move
[17:50:24.681] <- S2C rel_entity_move
[17:50:24.682] <- S2C rel_entity_move
[17:50:24.690] -> C2S tick_end
[17:50:24.736] -> C2S pong
[17:50:24.737] <- S2C rel_entity_move
[17:50:24.737] <- S2C rel_entity_move
[17:50:24.737] <- S2C entity_move_look
[17:50:24.738] <- S2C rel_entity_move
[17:50:24.740] -> C2S tick_end
[17:50:24.790] -> C2S tick_end
[17:50:24.832] -> C2S pong
[17:50:24.832] -> C2S pong
[17:50:24.833] <- S2C entity_move_look
[17:50:24.833] <- S2C rel_entity_move
[17:50:24.833] <- S2C entity_move_look
[17:50:24.833] <- S2C entity_move_look
[17:50:24.833] <- S2C rel_entity_move
[17:50:24.834] <- S2C rel_entity_move
[17:50:24.834] <- S2C rel_entity_move
[17:50:24.834] <- S2C rel_entity_move
[17:50:24.834] <- S2C rel_entity_move
[17:50:24.840] -> C2S tick_end
[17:50:24.881] -> C2S pong
[17:50:24.882] <- S2C rel_entity_move
[17:50:24.882] <- S2C rel_entity_move
[17:50:24.883] <- S2C rel_entity_move
[17:50:24.883] <- S2C entity_move_look
[17:50:24.883] <- S2C rel_entity_move
[17:50:24.893] -> C2S tick_end
[17:50:24.943] -> C2S tick_end
[17:50:24.976] -> C2S pong
[17:50:24.976] -> C2S pong
[17:50:24.977] <- S2C rel_entity_move
[17:50:24.977] <- S2C entity_move_look
[17:50:24.977] <- S2C rel_entity_move
[17:50:24.977] <- S2C entity_move_look
[17:50:24.978] <- S2C rel_entity_move
[17:50:24.978] <- S2C rel_entity_move
[17:50:24.978] <- S2C rel_entity_move
[17:50:24.978] <- S2C rel_entity_move
[17:50:24.979] <- S2C rel_entity_move
[17:50:24.994] -> C2S tick_end
[17:50:25.018] -> C2S pong
[17:50:25.018] <- S2C rel_entity_move
[17:50:25.019] <- S2C rel_entity_move
[17:50:25.019] <- S2C rel_entity_move
[17:50:25.019] <- S2C entity_move_look
[17:50:25.019] <- S2C rel_entity_move
[17:50:25.044] -> C2S tick_end
[17:50:25.095] -> C2S tick_end
[17:50:25.103] -> C2S pong
[17:50:25.104] <- S2C rel_entity_move
[17:50:25.104] <- S2C rel_entity_move
[17:50:25.104] <- S2C rel_entity_move
[17:50:25.104] <- S2C rel_entity_move
[17:50:25.105] <- S2C rel_entity_move
[17:50:25.105] <- S2C rel_entity_move
[17:50:25.105] <- S2C rel_entity_move
[17:50:25.105] <- S2C rel_entity_move
[17:50:25.106] <- S2C rel_entity_move
[17:50:25.146] -> C2S tick_end
[17:50:25.147] -> C2S tick_end
[17:50:25.160] -> C2S pong
[17:50:25.160] <- S2C rel_entity_move
[17:50:25.161] <- S2C entity_move_look
[17:50:25.161] <- S2C rel_entity_move
[17:50:25.161] <- S2C rel_entity_move
[17:50:25.161] <- S2C entity_move_look
[17:50:25.202] -> C2S tick_end
[17:50:25.247] -> C2S tick_end
[17:50:25.298] -> C2S tick_end
[17:50:25.338] -> C2S pong
[17:50:25.339] -> C2S pong
[17:50:25.339] <- S2C rel_entity_move
[17:50:25.339] <- S2C rel_entity_move
[17:50:25.339] <- S2C rel_entity_move
[17:50:25.340] <- S2C rel_entity_move
[17:50:25.340] <- S2C rel_entity_move
[17:50:25.340] <- S2C rel_entity_move
[17:50:25.340] <- S2C rel_entity_move
[17:50:25.340] <- S2C rel_entity_move
[17:50:25.341] <- S2C rel_entity_move
[17:50:25.348] -> C2S tick_end
[17:50:25.348] -> C2S position
[17:50:25.381] -> C2S pong
[17:50:25.382] <- S2C rel_entity_move
[17:50:25.382] <- S2C entity_move_look
[17:50:25.382] <- S2C rel_entity_move
[17:50:25.382] <- S2C rel_entity_move
[17:50:25.383] <- S2C rel_entity_move
[17:50:25.399] -> C2S tick_end
[17:50:25.450] -> C2S tick_end
[17:50:25.497] -> C2S pong
[17:50:25.498] -> C2S pong
[17:50:25.498] <- S2C rel_entity_move
[17:50:25.499] <- S2C rel_entity_move
[17:50:25.499] <- S2C rel_entity_move
[17:50:25.499] <- S2C rel_entity_move
[17:50:25.500] <- S2C entity_move_look
[17:50:25.500] <- S2C rel_entity_move
[17:50:25.500] <- S2C rel_entity_move
[17:50:25.501] <- S2C rel_entity_move
[17:50:25.501] <- S2C rel_entity_move
[17:50:25.503] -> C2S tick_end
[17:50:25.540] -> C2S pong
[17:50:25.540] <- S2C rel_entity_move
[17:50:25.540] <- S2C rel_entity_move
[17:50:25.541] <- S2C rel_entity_move
[17:50:25.541] <- S2C rel_entity_move
[17:50:25.541] <- S2C rel_entity_move
[17:50:25.541] -> C2S keep_alive
[17:50:25.553] -> C2S tick_end
[17:50:25.605] -> C2S tick_end
[17:50:25.624] -> C2S pong
[17:50:25.625] -> C2S pong
[17:50:25.626] <- S2C rel_entity_move
[17:50:25.626] <- S2C rel_entity_move
[17:50:25.627] <- S2C rel_entity_move
[17:50:25.627] <- S2C rel_entity_move
[17:50:25.627] <- S2C rel_entity_move
[17:50:25.628] <- S2C rel_entity_move
[17:50:25.628] <- S2C rel_entity_move
[17:50:25.628] <- S2C rel_entity_move
[17:50:25.657] -> C2S tick_end
[17:50:25.661] -> C2S pong
[17:50:25.662] <- S2C rel_entity_move
[17:50:25.662] <- S2C rel_entity_move
[17:50:25.662] <- S2C rel_entity_move
[17:50:25.662] <- S2C rel_entity_move
[17:50:25.663] <- S2C rel_entity_move
[17:50:25.708] -> C2S tick_end
[17:50:25.746] -> C2S pong
[17:50:25.746] <- S2C rel_entity_move
[17:50:25.747] <- S2C entity_move_look
[17:50:25.747] <- S2C rel_entity_move
[17:50:25.747] <- S2C rel_entity_move
[17:50:25.748] <- S2C rel_entity_move
[17:50:25.748] <- S2C rel_entity_move
[17:50:25.749] <- S2C rel_entity_move
[17:50:25.749] <- S2C rel_entity_move
[17:50:25.758] -> C2S tick_end
[17:50:25.782] -> C2S pong
[17:50:25.783] <- S2C rel_entity_move
[17:50:25.783] <- S2C rel_entity_move
[17:50:25.783] <- S2C rel_entity_move
[17:50:25.784] <- S2C rel_entity_move
[17:50:25.784] <- S2C rel_entity_move
[17:50:25.811] -> C2S tick_end
[17:50:25.850] -> C2S pong
[17:50:25.851] <- S2C rel_entity_move
[17:50:25.851] <- S2C rel_entity_move
[17:50:25.851] <- S2C rel_entity_move
[17:50:25.852] <- S2C rel_entity_move
[17:50:25.852] <- S2C rel_entity_move
[17:50:25.852] <- S2C rel_entity_move
[17:50:25.852] <- S2C rel_entity_move
[17:50:25.852] <- S2C rel_entity_move
[17:50:25.853] <- S2C rel_entity_move
[17:50:25.853] <- S2C rel_entity_move
[17:50:25.860] -> C2S tick_end
[17:50:25.897] -> C2S pong
[17:50:25.897] <- S2C rel_entity_move
[17:50:25.898] <- S2C entity_move_look
[17:50:25.898] <- S2C rel_entity_move
[17:50:25.898] <- S2C rel_entity_move
[17:50:25.898] <- S2C rel_entity_move
[17:50:25.912] -> C2S tick_end
[17:50:25.964] -> C2S tick_end
[17:50:26.014] -> C2S tick_end
[17:50:26.046] -> C2S pong
[17:50:26.046] -> C2S pong
[17:50:26.047] <- S2C rel_entity_move
[17:50:26.047] <- S2C rel_entity_move
[17:50:26.048] <- S2C rel_entity_move
[17:50:26.048] <- S2C rel_entity_move
[17:50:26.048] <- S2C rel_entity_move
[17:50:26.048] <- S2C rel_entity_move
[17:50:26.049] <- S2C rel_entity_move
[17:50:26.049] <- S2C rel_entity_move
[17:50:26.049] <- S2C rel_entity_move
[17:50:26.064] -> C2S tick_end
[17:50:26.090] -> C2S pong
[17:50:26.090] <- S2C entity_move_look
[17:50:26.090] <- S2C rel_entity_move
[17:50:26.091] <- S2C entity_move_look
[17:50:26.091] <- S2C rel_entity_move
[17:50:26.114] -> C2S tick_end
[17:50:26.164] -> C2S tick_end
[17:50:26.211] -> C2S pong
[17:50:26.212] -> C2S pong
[17:50:26.212] <- S2C entity_move_look
[17:50:26.213] <- S2C rel_entity_move
[17:50:26.213] <- S2C rel_entity_move
[17:50:26.213] <- S2C rel_entity_move
[17:50:26.213] <- S2C rel_entity_move
[17:50:26.213] <- S2C rel_entity_move
[17:50:26.214] <- S2C rel_entity_move
[17:50:26.214] <- S2C rel_entity_move
[17:50:26.214] <- S2C rel_entity_move
[17:50:26.215] -> C2S tick_end
[17:50:26.266] -> C2S tick_end
[17:50:26.270] -> C2S pong
[17:50:26.271] <- S2C rel_entity_move
[17:50:26.272] <- S2C entity_move_look
[17:50:26.272] <- S2C rel_entity_move
[17:50:26.272] <- S2C entity_move_look
[17:50:26.272] <- S2C rel_entity_move
[17:50:26.316] -> C2S tick_end
[17:50:26.366] -> C2S tick_end
[17:50:26.367] -> C2S position
[17:50:26.416] -> C2S tick_end
[17:50:26.422] -> C2S pong
[17:50:26.423] -> C2S pong
[17:50:26.423] <- S2C rel_entity_move
[17:50:26.423] <- S2C rel_entity_move
[17:50:26.423] <- S2C rel_entity_move
[17:50:26.424] <- S2C rel_entity_move
[17:50:26.424] <- S2C rel_entity_move
[17:50:26.424] <- S2C rel_entity_move
[17:50:26.425] <- S2C rel_entity_move
[17:50:26.437] -> C2S pong
[17:50:26.438] <- S2C rel_entity_move
[17:50:26.438] <- S2C rel_entity_move
[17:50:26.438] <- S2C rel_entity_move
[17:50:26.438] <- S2C entity_move_look
[17:50:26.439] <- S2C entity_move_look
[17:50:26.466] -> C2S tick_end
[17:50:26.491] -> C2S pong
[17:50:26.491] <- S2C rel_entity_move
[17:50:26.492] <- S2C rel_entity_move
[17:50:26.516] -> C2S tick_end
[17:50:26.548] -> C2S pong
[17:50:26.549] <- S2C rel_entity_move
[17:50:26.549] <- S2C rel_entity_move
[17:50:26.549] <- S2C rel_entity_move
[17:50:26.549] <- S2C rel_entity_move
[17:50:26.550] <- S2C rel_entity_move
[17:50:26.550] <- S2C rel_entity_move
[17:50:26.550] <- S2C rel_entity_move
[17:50:26.551] -> C2S keep_alive
[17:50:26.566] -> C2S tick_end
[17:50:26.593] -> C2S pong
[17:50:26.594] <- S2C rel_entity_move
[17:50:26.594] <- S2C rel_entity_move
[17:50:26.594] <- S2C rel_entity_move
[17:50:26.595] <- S2C entity_move_look
[17:50:26.595] <- S2C rel_entity_move
[17:50:26.616] -> C2S tick_end
[17:50:26.668] -> C2S tick_end
[17:50:26.697] -> C2S pong
[17:50:26.698] -> C2S pong
[17:50:26.698] <- S2C rel_entity_move
[17:50:26.699] <- S2C entity_move_look
[17:50:26.699] <- S2C rel_entity_move
[17:50:26.699] <- S2C entity_move_look
[17:50:26.699] <- S2C rel_entity_move
[17:50:26.700] <- S2C rel_entity_move
[17:50:26.700] <- S2C rel_entity_move
[17:50:26.718] -> C2S tick_end
[17:50:26.753] -> C2S pong
[17:50:26.753] <- S2C rel_entity_move
[17:50:26.754] <- S2C entity_move_look
[17:50:26.754] <- S2C rel_entity_move
[17:50:26.755] <- S2C entity_move_look
[17:50:26.755] <- S2C rel_entity_move
[17:50:26.755] <- S2C rel_entity_move
[17:50:26.755] <- S2C rel_entity_move
[17:50:26.768] -> C2S tick_end
[17:50:26.818] -> C2S tick_end
[17:50:26.868] -> C2S tick_end
[17:50:26.870] -> C2S pong
[17:50:26.870] -> C2S pong
[17:50:26.871] <- S2C entity_move_look
[17:50:26.871] <- S2C rel_entity_move
[17:50:26.871] <- S2C rel_entity_move
[17:50:26.872] <- S2C entity_move_look
[17:50:26.872] <- S2C rel_entity_move
[17:50:26.872] <- S2C rel_entity_move
[17:50:26.918] -> C2S tick_end
[17:50:26.930] -> C2S pong
[17:50:26.930] <- S2C rel_entity_move
[17:50:26.931] <- S2C rel_entity_move
[17:50:26.931] <- S2C rel_entity_move
[17:50:26.931] <- S2C entity_move_look
[17:50:26.931] <- S2C rel_entity_move
[17:50:26.932] <- S2C sync_entity_position id=56572098 change=undefined rel=undefined
[17:50:26.968] -> C2S tick_end
[17:50:27.020] -> C2S tick_end
[17:50:27.053] -> C2S pong
[17:50:27.053] -> C2S pong
[17:50:27.054] <- S2C rel_entity_move
[17:50:27.054] <- S2C rel_entity_move
[17:50:27.054] <- S2C rel_entity_move
[17:50:27.055] <- S2C entity_move_look
[17:50:27.055] <- S2C rel_entity_move
[17:50:27.068] -> C2S tick_end
[17:50:27.119] -> C2S tick_end
[17:50:27.128] -> C2S pong
[17:50:27.129] <- S2C rel_entity_move
[17:50:27.129] <- S2C entity_move_look
[17:50:27.130] <- S2C rel_entity_move
[17:50:27.130] <- S2C entity_move_look
[17:50:27.130] <- S2C rel_entity_move
[17:50:27.170] -> C2S tick_end
[17:50:27.173] -> C2S pong
[17:50:27.173] <- S2C rel_entity_move
[17:50:27.174] <- S2C rel_entity_move
[17:50:27.220] -> C2S tick_end
[17:50:27.222] -> C2S pong
[17:50:27.222] <- S2C rel_entity_move
[17:50:27.223] <- S2C rel_entity_move
[17:50:27.223] <- S2C entity_move_look
[17:50:27.223] <- S2C entity_move_look
[17:50:27.224] <- S2C rel_entity_move
[17:50:27.271] -> C2S tick_end
[17:50:27.271] -> C2S pong
[17:50:27.272] <- S2C rel_entity_move
[17:50:27.272] <- S2C entity_move_look
[17:50:27.272] <- S2C entity_move_look
[17:50:27.272] <- S2C entity_move_look
[17:50:27.273] <- S2C rel_entity_move
[17:50:27.273] <- S2C rel_entity_move
[17:50:27.321] -> C2S tick_end
[17:50:27.322] -> C2S pong
[17:50:27.322] <- S2C entity_move_look
[17:50:27.322] <- S2C entity_move_look
[17:50:27.380] -> C2S tick_end
[17:50:27.381] -> C2S position
[17:50:27.430] -> C2S tick_end
[17:50:27.450] -> C2S pong
[17:50:27.451] <- S2C entity_move_look
[17:50:27.451] <- S2C rel_entity_move
[17:50:27.451] <- S2C rel_entity_move
[17:50:27.452] <- S2C rel_entity_move
[17:50:27.452] <- S2C rel_entity_move
[17:50:27.469] -> C2S pong
[17:50:27.470] <- S2C rel_entity_move
[17:50:27.470] <- S2C rel_entity_move
[17:50:27.471] <- S2C entity_move_look
[17:50:27.471] <- S2C entity_move_look
[17:50:27.471] <- S2C entity_move_look
[17:50:27.472] <- S2C rel_entity_move
[17:50:27.472] <- S2C rel_entity_move
[17:50:27.481] -> C2S tick_end
[17:50:27.511] -> C2S pong
[17:50:27.512] <- S2C rel_entity_move
[17:50:27.512] <- S2C entity_move_look
[17:50:27.532] -> C2S tick_end
[17:50:27.568] -> C2S pong
[17:50:27.569] <- S2C rel_entity_move
[17:50:27.569] <- S2C rel_entity_move
[17:50:27.569] <- S2C entity_move_look
[17:50:27.570] <- S2C entity_move_look
[17:50:27.570] <- S2C rel_entity_move
[17:50:27.570] <- S2C rel_entity_move
[17:50:27.571] -> C2S keep_alive
[17:50:27.582] -> C2S tick_end
[17:50:27.613] -> C2S pong
[17:50:27.613] <- S2C rel_entity_move
[17:50:27.614] <- S2C rel_entity_move
[17:50:27.614] <- S2C rel_entity_move
[17:50:27.614] <- S2C entity_move_look
[17:50:27.614] <- S2C entity_move_look
[17:50:27.614] <- S2C entity_move_look
[17:50:27.615] <- S2C entity_move_look
[17:50:27.615] <- S2C entity_move_look
[17:50:27.615] <- S2C entity_move_look
[17:50:27.633] -> C2S tick_end
[17:50:27.684] -> C2S tick_end
[17:50:27.733] -> C2S tick_end
[17:50:27.749] -> C2S pong
[17:50:27.750] -> C2S pong
[17:50:27.750] <- S2C entity_move_look
[17:50:27.751] <- S2C rel_entity_move
[17:50:27.751] <- S2C entity_move_look
[17:50:27.752] <- S2C entity_move_look
[17:50:27.752] <- S2C rel_entity_move
[17:50:27.752] <- S2C rel_entity_move
[17:50:27.783] -> C2S tick_end
[17:50:27.821] -> C2S pong
[17:50:27.822] <- S2C rel_entity_move
[17:50:27.822] <- S2C rel_entity_move
[17:50:27.822] <- S2C rel_entity_move
[17:50:27.822] <- S2C entity_move_look
[17:50:27.823] <- S2C entity_move_look
[17:50:27.823] <- S2C entity_move_look
[17:50:27.823] <- S2C rel_entity_move
[17:50:27.833] -> C2S tick_end
[17:50:27.887] -> C2S tick_end
[17:50:27.936] -> C2S tick_end
[17:50:27.986] -> C2S tick_end
[17:50:27.995] -> C2S pong
[17:50:27.996] -> C2S pong
[17:50:27.996] <- S2C entity_move_look
[17:50:27.996] <- S2C rel_entity_move
[17:50:27.996] <- S2C rel_entity_move
[17:50:27.997] <- S2C entity_move_look
[17:50:27.997] <- S2C rel_entity_move
[17:50:28.036] -> C2S tick_end
[17:50:28.053] -> C2S pong
[17:50:28.054] <- S2C rel_entity_move
[17:50:28.054] <- S2C rel_entity_move
[17:50:28.054] <- S2C entity_move_look
[17:50:28.055] <- S2C rel_entity_move
[17:50:28.055] <- S2C entity_move_look
[17:50:28.055] <- S2C rel_entity_move
[17:50:28.055] <- S2C rel_entity_move
[17:50:28.087] -> C2S tick_end
[17:50:28.103] -> C2S pong
[17:50:28.103] <- S2C rel_entity_move
[17:50:28.138] -> C2S tick_end
[17:50:28.170] -> C2S pong
[17:50:28.171] <- S2C rel_entity_move
[17:50:28.171] <- S2C rel_entity_move
[17:50:28.171] <- S2C entity_move_look
[17:50:28.171] <- S2C entity_move_look
[17:50:28.172] <- S2C rel_entity_move
[17:50:28.172] <- S2C rel_entity_move
[17:50:28.189] -> C2S tick_end
[17:50:28.225] -> C2S pong
[17:50:28.226] <- S2C rel_entity_move
[17:50:28.226] <- S2C rel_entity_move
[17:50:28.226] <- S2C entity_move_look
[17:50:28.227] <- S2C rel_entity_move
[17:50:28.227] <- S2C rel_entity_move
[17:50:28.227] <- S2C rel_entity_move
[17:50:28.227] <- S2C entity_move_look
[17:50:28.239] -> C2S tick_end
[17:50:28.285] -> C2S pong
[17:50:28.286] <- S2C entity_move_look
[17:50:28.286] <- S2C entity_move_look
[17:50:28.287] <- S2C rel_entity_move
[17:50:28.289] -> C2S tick_end
[17:50:28.340] -> C2S tick_end
[17:50:28.353] -> C2S pong
[17:50:28.354] <- S2C entity_move_look
[17:50:28.354] <- S2C rel_entity_move
[17:50:28.354] <- S2C rel_entity_move
[17:50:28.355] <- S2C rel_entity_move
[17:50:28.355] <- S2C rel_entity_move
[17:50:28.355] <- S2C rel_entity_move
[17:50:28.355] <- S2C rel_entity_move
[17:50:28.390] -> C2S tick_end
[17:50:28.390] -> C2S position
[17:50:28.440] -> C2S tick_end
[17:50:28.470] -> C2S pong
[17:50:28.470] <- S2C rel_entity_move
[17:50:28.471] <- S2C rel_entity_move
[17:50:28.471] <- S2C rel_entity_move
[17:50:28.471] <- S2C rel_entity_move
[17:50:28.471] <- S2C rel_entity_move
[17:50:28.471] <- S2C entity_move_look
[17:50:28.472] <- S2C rel_entity_move
[17:50:28.490] -> C2S tick_end
[17:50:28.515] -> C2S pong
[17:50:28.540] -> C2S tick_end
[17:50:28.581] -> C2S pong
[17:50:28.581] <- S2C rel_entity_move
[17:50:28.582] <- S2C rel_entity_move
[17:50:28.582] <- S2C entity_move_look
[17:50:28.582] <- S2C entity_move_look
[17:50:28.582] <- S2C rel_entity_move
[17:50:28.583] <- S2C rel_entity_move
[17:50:28.583] <- S2C rel_entity_move
[17:50:28.583] -> C2S keep_alive
[17:50:28.591] -> C2S tick_end
[17:50:28.643] -> C2S tick_end
[17:50:28.644] -> C2S pong
[17:50:28.644] <- S2C entity_move_look
[17:50:28.645] <- S2C rel_entity_move
[17:50:28.645] <- S2C rel_entity_move
[17:50:28.645] <- S2C rel_entity_move
[17:50:28.646] <- S2C rel_entity_move
[17:50:28.646] <- S2C rel_entity_move
[17:50:28.646] <- S2C rel_entity_move
[17:50:28.646] <- S2C entity_move_look
[17:50:28.647] <- S2C rel_entity_move
[17:50:28.694] -> C2S tick_end
[17:50:28.739] -> C2S pong
[17:50:28.740] -> C2S pong
[17:50:28.741] <- S2C rel_entity_move
[17:50:28.741] <- S2C rel_entity_move
[17:50:28.741] <- S2C entity_move_look
[17:50:28.742] <- S2C entity_move_look
[17:50:28.742] <- S2C rel_entity_move
[17:50:28.742] <- S2C rel_entity_move
[17:50:28.744] -> C2S tick_end
[17:50:28.790] -> C2S pong
[17:50:28.790] <- S2C rel_entity_move
[17:50:28.791] <- S2C rel_entity_move
[17:50:28.791] <- S2C entity_move_look
[17:50:28.791] <- S2C rel_entity_move
[17:50:28.792] <- S2C rel_entity_move
[17:50:28.792] <- S2C entity_move_look
[17:50:28.792] <- S2C entity_move_look
[17:50:28.793] <- S2C rel_entity_move
[17:50:28.794] -> C2S tick_end
[17:50:28.844] -> C2S tick_end
[17:50:28.896] -> C2S tick_end
[17:50:28.898] -> C2S tick_end
[17:50:28.929] -> C2S pong
[17:50:28.929] -> C2S pong
[17:50:28.929] <- S2C rel_entity_move
[17:50:28.930] <- S2C rel_entity_move
[17:50:28.930] <- S2C entity_move_look
[17:50:28.930] <- S2C entity_move_look
[17:50:28.931] <- S2C rel_entity_move
[17:50:28.931] <- S2C rel_entity_move
[17:50:28.946] -> C2S tick_end
[17:50:28.997] -> C2S tick_end
[17:50:29.032] -> C2S pong
[17:50:29.032] <- S2C rel_entity_move
[17:50:29.033] <- S2C rel_entity_move
[17:50:29.033] <- S2C rel_entity_move
[17:50:29.033] <- S2C rel_entity_move
[17:50:29.034] <- S2C rel_entity_move
[17:50:29.034] <- S2C rel_entity_move
[17:50:29.034] <- S2C rel_entity_move
[17:50:29.034] <- S2C rel_entity_move
[17:50:29.047] -> C2S tick_end
[17:50:29.097] -> C2S tick_end
[17:50:29.144] -> C2S pong
[17:50:29.145] -> C2S pong
[17:50:29.145] <- S2C rel_entity_move
[17:50:29.146] <- S2C rel_entity_move
[17:50:29.146] <- S2C entity_move_look
[17:50:29.146] <- S2C entity_move_look
[17:50:29.146] <- S2C rel_entity_move
[17:50:29.146] <- S2C rel_entity_move
[17:50:29.147] <- S2C rel_entity_move
[17:50:29.148] -> C2S tick_end
[17:50:29.194] -> C2S pong
[17:50:29.195] <- S2C rel_entity_move
[17:50:29.195] <- S2C rel_entity_move
[17:50:29.195] <- S2C rel_entity_move
[17:50:29.196] <- S2C rel_entity_move
[17:50:29.196] <- S2C rel_entity_move
[17:50:29.196] <- S2C rel_entity_move
[17:50:29.196] <- S2C rel_entity_move
[17:50:29.198] -> C2S tick_end
[17:50:29.249] -> C2S tick_end
[17:50:29.304] -> C2S tick_end
[17:50:29.351] -> C2S pong
[17:50:29.351] -> C2S pong
[17:50:29.351] <- S2C entity_move_look
[17:50:29.352] <- S2C rel_entity_move
[17:50:29.352] <- S2C rel_entity_move
[17:50:29.352] <- S2C rel_entity_move
[17:50:29.353] <- S2C rel_entity_move
[17:50:29.353] <- S2C rel_entity_move
[17:50:29.354] -> C2S tick_end
[17:50:29.391] -> C2S pong
[17:50:29.392] <- S2C rel_entity_move
[17:50:29.392] <- S2C rel_entity_move
[17:50:29.392] <- S2C rel_entity_move
[17:50:29.392] <- S2C rel_entity_move
[17:50:29.393] <- S2C rel_entity_move
[17:50:29.393] <- S2C entity_move_look
[17:50:29.393] <- S2C rel_entity_move
[17:50:29.405] -> C2S tick_end
[17:50:29.405] -> C2S position
[17:50:29.457] -> C2S tick_end
[17:50:29.512] -> C2S tick_end
[17:50:29.512] -> C2S pong
[17:50:29.513] -> C2S pong
[17:50:29.513] <- S2C rel_entity_move
[17:50:29.514] <- S2C rel_entity_move
[17:50:29.514] <- S2C entity_move_look
[17:50:29.514] <- S2C entity_move_look
[17:50:29.515] <- S2C rel_entity_move
[17:50:29.515] <- S2C rel_entity_move
[17:50:29.515] <- S2C rel_entity_move
[17:50:29.554] -> C2S pong
[17:50:29.554] <- S2C rel_entity_move
[17:50:29.555] <- S2C rel_entity_move
[17:50:29.555] <- S2C entity_move_look
[17:50:29.555] <- S2C rel_entity_move
[17:50:29.556] <- S2C rel_entity_move
[17:50:29.556] <- S2C rel_entity_move
[17:50:29.556] <- S2C rel_entity_move
[17:50:29.556] <- S2C rel_entity_move
[17:50:29.562] -> C2S tick_end
[17:50:29.606] -> C2S keep_alive
[17:50:29.612] -> C2S tick_end
[17:50:29.644] -> C2S pong
[17:50:29.644] -> C2S pong
[17:50:29.645] <- S2C rel_entity_move
[17:50:29.645] <- S2C rel_entity_move
[17:50:29.645] <- S2C entity_move_look
[17:50:29.645] <- S2C rel_entity_move
[17:50:29.646] <- S2C rel_entity_move
[17:50:29.646] <- S2C rel_entity_move
[17:50:29.662] -> C2S tick_end
[17:50:29.688] -> C2S pong
[17:50:29.689] <- S2C rel_entity_move
[17:50:29.689] <- S2C rel_entity_move
[17:50:29.689] <- S2C entity_move_look
[17:50:29.690] <- S2C rel_entity_move
[17:50:29.690] <- S2C entity_move_look
[17:50:29.690] <- S2C rel_entity_move
[17:50:29.691] <- S2C entity_move_look
[17:50:29.691] <- S2C rel_entity_move
[17:50:29.713] -> C2S tick_end
[17:50:29.764] -> C2S tick_end
[17:50:29.776] -> C2S pong
[17:50:29.777] <- S2C rel_entity_move
[17:50:29.777] <- S2C rel_entity_move
[17:50:29.778] <- S2C entity_move_look
[17:50:29.778] <- S2C rel_entity_move
[17:50:29.778] <- S2C rel_entity_move
[17:50:29.778] <- S2C rel_entity_move
[17:50:29.813] -> C2S tick_end
[17:50:29.822] -> C2S pong
[17:50:29.823] <- S2C rel_entity_move
[17:50:29.823] <- S2C rel_entity_move
[17:50:29.824] <- S2C rel_entity_move
[17:50:29.824] <- S2C rel_entity_move
[17:50:29.824] <- S2C rel_entity_move
[17:50:29.825] <- S2C rel_entity_move
[17:50:29.825] <- S2C rel_entity_move
[17:50:29.863] -> C2S tick_end
[17:50:29.864] -> C2S look
[17:50:29.913] -> C2S tick_end
[17:50:29.920] -> C2S pong
[17:50:29.921] -> C2S pong
[17:50:29.921] <- S2C rel_entity_move
[17:50:29.921] <- S2C rel_entity_move
[17:50:29.921] <- S2C entity_move_look
[17:50:29.922] <- S2C entity_move_look
[17:50:29.922] <- S2C rel_entity_move
[17:50:29.922] <- S2C rel_entity_move
[17:50:29.963] -> C2S tick_end
[17:50:29.982] -> C2S pong
[17:50:29.983] <- S2C rel_entity_move
[17:50:29.983] <- S2C rel_entity_move
[17:50:29.983] <- S2C rel_entity_move
[17:50:29.984] <- S2C rel_entity_move
[17:50:29.984] <- S2C rel_entity_move
[17:50:29.984] <- S2C entity_move_look
[17:50:29.984] <- S2C rel_entity_move
[17:50:30.013] -> C2S tick_end
[17:50:30.026] -> C2S pong
[17:50:30.027] <- S2C rel_entity_move
[17:50:30.064] -> C2S tick_end
[17:50:30.076] -> C2S pong
[17:50:30.077] <- S2C entity_move_look
[17:50:30.077] <- S2C rel_entity_move
[17:50:30.078] <- S2C rel_entity_move
[17:50:30.078] <- S2C rel_entity_move
[17:50:30.078] <- S2C rel_entity_move
[17:50:30.078] <- S2C rel_entity_move
[17:50:30.114] -> C2S tick_end
[17:50:30.121] -> C2S pong
[17:50:30.122] <- S2C rel_entity_move
[17:50:30.122] <- S2C entity_move_look
[17:50:30.122] <- S2C rel_entity_move
[17:50:30.122] <- S2C rel_entity_move
[17:50:30.123] <- S2C rel_entity_move
[17:50:30.123] <- S2C entity_move_look
[17:50:30.123] <- S2C rel_entity_move
[17:50:30.164] -> C2S tick_end
[17:50:30.214] -> C2S tick_end
[17:50:30.215] -> C2S pong
[17:50:30.215] -> C2S pong
[17:50:30.216] <- S2C rel_entity_move
[17:50:30.216] <- S2C rel_entity_move
[17:50:30.216] <- S2C rel_entity_move
[17:50:30.217] <- S2C entity_move_look
[17:50:30.217] <- S2C rel_entity_move
[17:50:30.264] -> C2S tick_end
[17:50:30.265] -> C2S position
[17:50:30.270] -> C2S pong
[17:50:30.270] <- S2C rel_entity_move
[17:50:30.271] <- S2C rel_entity_move
[17:50:30.271] <- S2C rel_entity_move
[17:50:30.271] <- S2C entity_move_look
[17:50:30.272] <- S2C rel_entity_move
[17:50:30.272] <- S2C rel_entity_move
[17:50:30.272] <- S2C entity_move_look
[17:50:30.314] -> C2S tick_end
[17:50:30.315] -> C2S position
[17:50:30.364] -> C2S tick_end
[17:50:30.365] -> C2S position
[17:50:30.409] -> C2S pong
[17:50:30.409] -> C2S pong
[17:50:30.410] <- S2C rel_entity_move
[17:50:30.410] <- S2C entity_move_look
[17:50:30.410] <- S2C rel_entity_move
[17:50:30.411] <- S2C rel_entity_move
[17:50:30.411] <- S2C entity_move_look
[17:50:30.418] -> C2S tick_end
[17:50:30.419] -> C2S position
[17:50:30.419] -> C2S pong
[17:50:30.420] <- S2C rel_entity_move
[17:50:30.420] <- S2C rel_entity_move
[17:50:30.420] <- S2C rel_entity_move
[17:50:30.420] <- S2C rel_entity_move
[17:50:30.420] <- S2C rel_entity_move
[17:50:30.421] <- S2C rel_entity_move
[17:50:30.459] -> C2S pong
[17:50:30.459] <- S2C rel_entity_move
[17:50:30.459] <- S2C rel_entity_move
[17:50:30.459] <- S2C entity_move_look
[17:50:30.468] -> C2S tick_end
[17:50:30.468] -> C2S position
[17:50:30.468] -> C2S pong
[17:50:30.469] <- S2C entity_move_look
[17:50:30.469] <- S2C rel_entity_move
[17:50:30.469] <- S2C rel_entity_move
[17:50:30.469] <- S2C entity_move_look
[17:50:30.470] <- S2C rel_entity_move
[17:50:30.470] -> C2S pong
[17:50:30.470] <- S2C position pos={"teleportId":-702995195,"x":6289.500000016139,"y":76,"z":-3434.4016920174317,"dx":0,"dy":0,"dz":0,"yaw":0,"pitch":0,"flags":{"_value":24,"x":false,"y":false,"z":false,"yaw":true,"pitch":true,"dx":false,"dy":false,"dz":false,"yawDelta":false}} relatives=undefined teleportId=-702995195
[17:50:30.470] -> C2S teleport_confirm
[17:50:30.471] -> C2S position_look
[17:50:30.471] -> C2S pong
[17:50:30.471] -> C2S pong
[17:50:30.507] -> C2S pong
[17:50:30.509] -> C2S pong
[17:50:30.518] -> C2S tick_end
[17:50:30.518] -> C2S position_look
[17:50:30.550] -> C2S pong
[17:50:30.551] <- S2C rel_entity_move
[17:50:30.551] <- S2C entity_move_look
[17:50:30.551] <- S2C rel_entity_move
[17:50:30.551] <- S2C rel_entity_move
[17:50:30.552] <- S2C rel_entity_move
[17:50:30.552] <- S2C rel_entity_move
[17:50:30.552] <- S2C rel_entity_move
[17:50:30.570] -> C2S tick_end
[17:50:30.571] -> C2S position
[17:50:30.621] -> C2S tick_end
[17:50:30.622] -> C2S position
[17:50:30.646] -> C2S pong
[17:50:30.647] -> C2S pong
[17:50:30.647] <- S2C rel_entity_move
[17:50:30.648] <- S2C rel_entity_move
[17:50:30.648] <- S2C rel_entity_move
[17:50:30.648] <- S2C entity_move_look
[17:50:30.649] <- S2C rel_entity_move
[17:50:30.649] -> C2S keep_alive
[17:50:30.671] -> C2S pong
[17:50:30.672] <- S2C rel_entity_move
[17:50:30.672] <- S2C entity_move_look
[17:50:30.672] <- S2C entity_move_look
[17:50:30.673] <- S2C rel_entity_move
[17:50:30.673] <- S2C entity_move_look
[17:50:30.673] <- S2C rel_entity_move
[17:50:30.673] <- S2C rel_entity_move
[17:50:30.674] -> C2S pong
[17:50:30.674] <- S2C position pos={"teleportId":-1062589328,"x":6289.500000016139,"y":76,"z":-3434.4016920174317,"dx":0,"dy":0,"dz":0,"yaw":0,"pitch":0,"flags":{"_value":24,"x":false,"y":false,"z":false,"yaw":true,"pitch":true,"dx":false,"dy":false,"dz":false,"yawDelta":false}} relatives=undefined teleportId=-1062589328
[17:50:30.674] -> C2S teleport_confirm
[17:50:30.675] -> C2S position_look
[17:50:30.675] -> C2S pong
[17:50:30.675] -> C2S pong
[17:50:30.676] -> C2S tick_end
[17:50:30.677] -> C2S position_look
[17:50:30.697] -> C2S pong
[17:50:30.728] -> C2S tick_end
[17:50:30.729] -> C2S position
[17:50:30.734] -> C2S pong
[17:50:30.734] <- S2C rel_entity_move
[17:50:30.735] <- S2C rel_entity_move
[17:50:30.779] -> C2S tick_end
[17:50:30.780] -> C2S position
[17:50:30.829] -> C2S tick_end
[17:50:30.830] -> C2S position
[17:50:30.831] -> C2S pong
[17:50:30.831] <- S2C position pos={"teleportId":-1657646542,"x":6289.500000016139,"y":76,"z":-3434.4016920174317,"dx":0,"dy":0,"dz":0,"yaw":0,"pitch":0,"flags":{"_value":24,"x":false,"y":false,"z":false,"yaw":true,"pitch":true,"dx":false,"dy":false,"dz":false,"yawDelta":false}} relatives=undefined teleportId=-1657646542
[17:50:30.832] -> C2S teleport_confirm
[17:50:30.832] -> C2S position_look
[17:50:30.833] -> C2S pong
[17:50:30.833] -> C2S pong
[17:50:30.879] -> C2S tick_end
[17:50:30.880] -> C2S position_look
[17:50:30.890] -> C2S pong
[17:50:30.890] -> C2S pong
[17:50:30.891] <- S2C entity_move_look
[17:50:30.891] <- S2C rel_entity_move
[17:50:30.891] <- S2C rel_entity_move
[17:50:30.892] <- S2C entity_move_look
[17:50:30.892] <- S2C entity_move_look
[17:50:30.892] <- S2C rel_entity_move
[17:50:30.929] -> C2S tick_end
[17:50:30.930] -> C2S position
[17:50:30.963] -> C2S pong
[17:50:30.963] <- S2C rel_entity_move
[17:50:30.964] <- S2C rel_entity_move
[17:50:30.964] <- S2C rel_entity_move
[17:50:30.965] <- S2C rel_entity_move
[17:50:30.965] <- S2C rel_entity_move
[17:50:30.965] <- S2C rel_entity_move
[17:50:30.981] -> C2S tick_end
[17:50:30.982] -> C2S position
[17:50:31.032] -> C2S tick_end
[17:50:31.033] -> C2S position
[17:50:31.034] -> C2S pong
[17:50:31.034] -> C2S pong
[17:50:31.034] <- S2C entity_move_look
[17:50:31.035] <- S2C rel_entity_move
[17:50:31.035] <- S2C entity_move_look
[17:50:31.035] <- S2C rel_entity_move
[17:50:31.035] <- S2C rel_entity_move
[17:50:31.036] <- S2C rel_entity_move
[17:50:31.036] <- S2C rel_entity_move
[17:50:31.036] <- S2C entity_move_look
[17:50:31.036] -> C2S pong
[17:50:31.037] <- S2C position pos={"teleportId":-1799781400,"x":6289.500000016139,"y":76,"z":-3434.4016920174317,"dx":0,"dy":0,"dz":0,"yaw":0,"pitch":0,"flags":{"_value":24,"x":false,"y":false,"z":false,"yaw":true,"pitch":true,"dx":false,"dy":false,"dz":false,"yawDelta":false}} relatives=undefined teleportId=-1799781400
[17:50:31.037] -> C2S teleport_confirm
[17:50:31.037] -> C2S position_look
[17:50:31.038] -> C2S pong
[17:50:31.038] -> C2S pong
[17:50:31.067] -> C2S pong
[17:50:31.082] -> C2S tick_end
[17:50:31.082] -> C2S position_look
[17:50:31.113] -> C2S pong
[17:50:31.114] <- S2C rel_entity_move
[17:50:31.114] <- S2C entity_move_look
[17:50:31.114] <- S2C entity_move_look
[17:50:31.114] <- S2C rel_entity_move
[17:50:31.114] <- S2C rel_entity_move
[17:50:31.132] -> C2S tick_end
[17:50:31.132] -> C2S position
[17:50:31.162] -> C2S pong
[17:50:31.163] <- S2C rel_entity_move
[17:50:31.163] <- S2C entity_move_look
[17:50:31.182] -> C2S tick_end
[17:50:31.183] -> C2S position
[17:50:31.209] -> C2S pong
[17:50:31.210] <- S2C rel_entity_move
[17:50:31.210] <- S2C rel_entity_move
[17:50:31.210] <- S2C rel_entity_move
[17:50:31.210] <- S2C rel_entity_move
[17:50:31.210] <- S2C rel_entity_move
[17:50:31.211] <- S2C rel_entity_move
[17:50:31.232] -> C2S tick_end
[17:50:31.232] -> C2S position
[17:50:31.236] -> C2S pong
[17:50:31.236] <- S2C rel_entity_move
[17:50:31.237] <- S2C entity_move_look
[17:50:31.237] <- S2C rel_entity_move
[17:50:31.238] <- S2C rel_entity_move
[17:50:31.238] <- S2C rel_entity_move
[17:50:31.238] <- S2C rel_entity_move
[17:50:31.239] <- S2C rel_entity_move
[17:50:31.239] -> C2S pong
[17:50:31.240] <- S2C position pos={"teleportId":-809028558,"x":6289.500000016139,"y":76,"z":-3434.4016920174317,"dx":0,"dy":0,"dz":0,"yaw":0,"pitch":0,"flags":{"_value":24,"x":false,"y":false,"z":false,"yaw":true,"pitch":true,"dx":false,"dy":false,"dz":false,"yawDelta":false}} relatives=undefined teleportId=-809028558
[17:50:31.240] -> C2S teleport_confirm
[17:50:31.241] -> C2S position_look
[17:50:31.241] -> C2S pong
[17:50:31.242] -> C2S pong
[17:50:31.261] -> C2S pong
[17:50:31.283] -> C2S tick_end
[17:50:31.284] -> C2S position_look
[17:50:31.334] -> C2S tick_end
[17:50:31.334] -> C2S position
[17:50:31.384] -> C2S tick_end
[17:50:31.384] -> C2S position
[17:50:31.434] -> C2S tick_end
[17:50:31.435] -> C2S position
[17:50:31.469] -> C2S pong
[17:50:31.470] <- S2C rel_entity_move
[17:50:31.470] <- S2C rel_entity_move
[17:50:31.470] <- S2C rel_entity_move
[17:50:31.471] <- S2C rel_entity_move
[17:50:31.471] <- S2C rel_entity_move
[17:50:31.471] <- S2C rel_entity_move
[17:50:31.471] -> C2S pong
[17:50:31.472] <- S2C position pos={"teleportId":-2118184799,"x":6289.500000016139,"y":76,"z":-3434.4016920174317,"dx":0,"dy":0,"dz":0,"yaw":0,"pitch":0,"flags":{"_value":24,"x":false,"y":false,"z":false,"yaw":true,"pitch":true,"dx":false,"dy":false,"dz":false,"yawDelta":false}} relatives=undefined teleportId=-2118184799
[17:50:31.472] -> C2S teleport_confirm
[17:50:31.472] -> C2S position_look
[17:50:31.473] -> C2S pong
[17:50:31.473] -> C2S pong
[17:50:31.485] -> C2S tick_end
[17:50:31.485] -> C2S position_look
[17:50:31.528] -> C2S pong
[17:50:31.529] -> C2S pong
[17:50:31.529] <- S2C rel_entity_move
[17:50:31.529] <- S2C rel_entity_move
[17:50:31.529] <- S2C rel_entity_move
[17:50:31.530] <- S2C rel_entity_move
[17:50:31.530] <- S2C entity_move_look
[17:50:31.530] <- S2C rel_entity_move
[17:50:31.531] <- S2C rel_entity_move
[17:50:31.535] -> C2S tick_end
[17:50:31.536] -> C2S position
[17:50:31.583] -> C2S pong
[17:50:31.584] <- S2C entity_move_look
[17:50:31.584] <- S2C rel_entity_move
[17:50:31.585] -> C2S tick_end
[17:50:31.586] -> C2S position
[17:50:31.636] -> C2S tick_end
[17:50:31.636] -> C2S position
[17:50:31.637] -> C2S pong
[17:50:31.637] <- S2C rel_entity_move
[17:50:31.637] <- S2C rel_entity_move
[17:50:31.638] <- S2C rel_entity_move
[17:50:31.638] <- S2C entity_move_look
[17:50:31.638] <- S2C entity_move_look
[17:50:31.638] <- S2C rel_entity_move
[17:50:31.639] -> C2S pong
[17:50:31.639] <- S2C position pos={"teleportId":-672623187,"x":6289.500000016139,"y":76,"z":-3434.4016920174317,"dx":0,"dy":0,"dz":0,"yaw":0,"pitch":0,"flags":{"_value":24,"x":false,"y":false,"z":false,"yaw":true,"pitch":true,"dx":false,"dy":false,"dz":false,"yawDelta":false}} relatives=undefined teleportId=-672623187
[17:50:31.639] -> C2S teleport_confirm
[17:50:31.640] -> C2S position_look
[17:50:31.640] -> C2S pong
[17:50:31.640] -> C2S pong
[17:50:31.687] -> C2S tick_end
[17:50:31.688] -> C2S position_look
[17:50:31.698] -> C2S pong
[17:50:31.698] -> C2S pong
[17:50:31.699] <- S2C rel_entity_move
[17:50:31.699] <- S2C rel_entity_move
[17:50:31.699] <- S2C entity_move_look
[17:50:31.700] <- S2C rel_entity_move
[17:50:31.700] <- S2C rel_entity_move
[17:50:31.700] -> C2S keep_alive
[17:50:31.738] -> C2S tick_end
[17:50:31.738] -> C2S position
[17:50:31.789] -> C2S tick_end
[17:50:31.790] -> C2S position
[17:50:31.805] -> C2S pong
[17:50:31.805] -> C2S pong
[17:50:31.805] <- S2C rel_entity_move
[17:50:31.806] <- S2C rel_entity_move
[17:50:31.806] <- S2C entity_move_look
[17:50:31.806] <- S2C rel_entity_move
[17:50:31.806] <- S2C rel_entity_move
[17:50:31.807] <- S2C rel_entity_move
[17:50:31.839] -> C2S tick_end
[17:50:31.840] -> C2S position
[17:50:31.841] -> C2S pong
[17:50:31.842] <- S2C rel_entity_move
[17:50:31.842] <- S2C entity_move_look
[17:50:31.842] <- S2C rel_entity_move
[17:50:31.843] <- S2C rel_entity_move
[17:50:31.843] <- S2C rel_entity_move
[17:50:31.843] <- S2C rel_entity_move
[17:50:31.844] -> C2S pong
[17:50:31.844] <- S2C position pos={"teleportId":-1708604364,"x":6289.500000016139,"y":76,"z":-3434.4016920174317,"dx":0,"dy":0,"dz":0,"yaw":0,"pitch":0,"flags":{"_value":24,"x":false,"y":false,"z":false,"yaw":true,"pitch":true,"dx":false,"dy":false,"dz":false,"yawDelta":false}} relatives=undefined teleportId=-1708604364
[17:50:31.845] -> C2S teleport_confirm
[17:50:31.845] -> C2S position_look
[17:50:31.846] -> C2S pong
[17:50:31.846] -> C2S pong
[17:50:31.847] -> C2S pong
[17:50:31.890] -> C2S tick_end
[17:50:31.891] -> C2S position_look
[17:50:31.892] -> C2S pong
[17:50:31.892] <- S2C rel_entity_move
[17:50:31.892] <- S2C rel_entity_move
[17:50:31.938] -> C2S pong
[17:50:31.938] <- S2C entity_move_look
[17:50:31.939] <- S2C rel_entity_move
[17:50:31.939] <- S2C rel_entity_move
[17:50:31.939] <- S2C rel_entity_move
[17:50:31.939] <- S2C rel_entity_move
[17:50:31.939] <- S2C rel_entity_move
[17:50:31.941] -> C2S tick_end
[17:50:31.941] -> C2S position
[17:50:31.988] -> C2S pong
[17:50:31.988] <- S2C rel_entity_move
[17:50:31.989] <- S2C entity_move_look
[17:50:31.989] <- S2C entity_move_look
[17:50:31.989] <- S2C rel_entity_move
[17:50:31.989] <- S2C rel_entity_move
[17:50:31.990] <- S2C rel_entity_move
[17:50:31.990] <- S2C rel_entity_move
[17:50:31.991] -> C2S tick_end
[17:50:31.991] -> C2S position
[17:50:32.041] -> C2S tick_end
[17:50:32.042] -> C2S position
[17:50:32.044] -> C2S pong
[17:50:32.045] <- S2C position pos={"teleportId":-214672533,"x":6289.500000016139,"y":76,"z":-3434.4016920174317,"dx":0,"dy":0,"dz":0,"yaw":0,"pitch":0,"flags":{"_value":24,"x":false,"y":false,"z":false,"yaw":true,"pitch":true,"dx":false,"dy":false,"dz":false,"yawDelta":false}} relatives=undefined teleportId=-214672533
[17:50:32.045] -> C2S teleport_confirm
[17:50:32.045] -> C2S position_look
[17:50:32.045] -> C2S pong
[17:50:32.046] -> C2S pong
[17:50:32.066] -> C2S pong
[17:50:32.091] -> C2S tick_end
[17:50:32.091] -> C2S position_look
[17:50:32.128] -> C2S pong
[17:50:32.129] <- S2C rel_entity_move
[17:50:32.129] <- S2C rel_entity_move
[17:50:32.129] <- S2C entity_move_look
[17:50:32.129] <- S2C rel_entity_move
[17:50:32.130] <- S2C entity_move_look
[17:50:32.130] <- S2C entity_move_look
[17:50:32.141] -> C2S tick_end
[17:50:32.142] -> C2S position
[17:50:32.185] -> C2S pong
[17:50:32.186] <- S2C rel_entity_move
[17:50:32.186] <- S2C rel_entity_move
[17:50:32.186] <- S2C rel_entity_move
[17:50:32.186] <- S2C entity_move_look
[17:50:32.186] <- S2C rel_entity_move
[17:50:32.187] <- S2C rel_entity_move
[17:50:32.191] -> C2S tick_end
[17:50:32.191] -> C2S position
[17:50:32.242] -> C2S tick_end
[17:50:32.243] -> C2S position
[17:50:32.243] -> C2S pong
[17:50:32.244] <- S2C rel_entity_move
[17:50:32.244] <- S2C rel_entity_move
[17:50:32.245] -> C2S pong
[17:50:32.246] <- S2C position pos={"teleportId":-532472976,"x":6289.500000016139,"y":76,"z":-3434.4016920174317,"dx":0,"dy":0,"dz":0,"yaw":0,"pitch":0,"flags":{"_value":24,"x":false,"y":false,"z":false,"yaw":true,"pitch":true,"dx":false,"dy":false,"dz":false,"yawDelta":false}} relatives=undefined teleportId=-532472976
[17:50:32.246] -> C2S teleport_confirm
[17:50:32.246] -> C2S position_look
[17:50:32.247] -> C2S pong
[17:50:32.247] -> C2S pong
[17:50:32.292] -> C2S tick_end
[17:50:32.292] -> C2S position_look
[17:50:32.299] -> C2S pong
[17:50:32.300] -> C2S pong
[17:50:32.300] <- S2C rel_entity_move
[17:50:32.300] <- S2C rel_entity_move
[17:50:32.301] <- S2C entity_move_look
[17:50:32.301] <- S2C rel_entity_move
[17:50:32.301] <- S2C rel_entity_move
[17:50:32.302] <- S2C rel_entity_move
[17:50:32.343] -> C2S tick_end
[17:50:32.344] -> C2S position
[17:50:32.393] -> C2S tick_end
[17:50:32.394] -> C2S position
[17:50:32.426] -> C2S pong
[17:50:32.427] <- S2C rel_entity_move
[17:50:32.427] <- S2C entity_move_look
[17:50:32.427] <- S2C rel_entity_move
[17:50:32.428] <- S2C rel_entity_move
[17:50:32.428] <- S2C rel_entity_move
[17:50:32.428] <- S2C rel_entity_move
[17:50:32.428] <- S2C rel_entity_move
[17:50:32.443] -> C2S tick_end
[17:50:32.444] -> C2S position
[17:50:32.447] -> C2S pong
[17:50:32.447] -> C2S pong
[17:50:32.448] <- S2C rel_entity_move
[17:50:32.448] <- S2C rel_entity_move
[17:50:32.448] <- S2C rel_entity_move
[17:50:32.448] <- S2C entity_move_look
[17:50:32.449] <- S2C rel_entity_move
[17:50:32.449] <- S2C rel_entity_move
[17:50:32.449] -> C2S pong
[17:50:32.450] <- S2C position pos={"teleportId":-1113530819,"x":6289.500000016139,"y":76,"z":-3434.4016920174317,"dx":0,"dy":0,"dz":0,"yaw":0,"pitch":0,"flags":{"_value":24,"x":false,"y":false,"z":false,"yaw":true,"pitch":true,"dx":false,"dy":false,"dz":false,"yawDelta":false}} relatives=undefined teleportId=-1113530819
[17:50:32.450] -> C2S teleport_confirm
[17:50:32.450] -> C2S position_look
[17:50:32.451] -> C2S pong
[17:50:32.451] -> C2S pong
[17:50:32.461] -> C2S pong
[17:50:32.495] -> C2S tick_end
[17:50:32.496] -> C2S position_look
[17:50:32.501] -> C2S pong
[17:50:32.502] <- S2C rel_entity_move
[17:50:32.502] <- S2C entity_move_look
[17:50:32.502] <- S2C entity_move_look
[17:50:32.503] <- S2C rel_entity_move
[17:50:32.503] <- S2C rel_entity_move
[17:50:32.503] <- S2C entity_move_look
[17:50:32.503] <- S2C rel_entity_move
[17:50:32.546] -> C2S tick_end
[17:50:32.547] -> C2S position
[17:50:32.548] -> C2S tick_end
[17:50:32.548] -> C2S position
[17:50:32.549] -> C2S pong
[17:50:32.549] <- S2C entity_move_look
[17:50:32.549] <- S2C rel_entity_move
[17:50:32.597] -> C2S tick_end
[17:50:32.598] -> C2S position
[17:50:32.598] -> C2S pong
[17:50:32.599] <- S2C rel_entity_move
[17:50:32.599] <- S2C rel_entity_move
[17:50:32.599] <- S2C entity_move_look
[17:50:32.599] <- S2C rel_entity_move
[17:50:32.600] <- S2C rel_entity_move
[17:50:32.600] <- S2C rel_entity_move
[17:50:32.647] -> C2S tick_end
[17:50:32.647] -> C2S position
[17:50:32.648] -> C2S pong
[17:50:32.648] <- S2C entity_move_look
[17:50:32.649] <- S2C rel_entity_move
[17:50:32.649] <- S2C rel_entity_move
[17:50:32.649] <- S2C rel_entity_move
[17:50:32.650] <- S2C rel_entity_move
[17:50:32.650] <- S2C rel_entity_move
[17:50:32.652] -> C2S pong
[17:50:32.653] <- S2C position pos={"teleportId":-1103144608,"x":6289.500000016139,"y":76,"z":-3434.4016920174317,"dx":0,"dy":0,"dz":0,"yaw":0,"pitch":0,"flags":{"_value":24,"x":false,"y":false,"z":false,"yaw":true,"pitch":true,"dx":false,"dy":false,"dz":false,"yawDelta":false}} relatives=undefined teleportId=-1103144608
[17:50:32.654] -> C2S teleport_confirm
[17:50:32.654] -> C2S position_look
[17:50:32.655] -> C2S pong
[17:50:32.655] -> C2S pong
[17:50:32.690] -> C2S pong
[17:50:32.698] -> C2S tick_end
[17:50:32.699] -> C2S position_look
[17:50:32.729] -> C2S pong
[17:50:32.729] <- S2C rel_entity_move
[17:50:32.730] <- S2C rel_entity_move
[17:50:32.730] <- S2C rel_entity_move
[17:50:32.730] <- S2C rel_entity_move
[17:50:32.731] <- S2C entity_move_look
[17:50:32.731] <- S2C rel_entity_move
[17:50:32.731] -> C2S keep_alive
[17:50:32.748] -> C2S tick_end
[17:50:32.748] -> C2S position
[17:50:32.799] -> C2S tick_end
[17:50:32.800] -> C2S position
[17:50:32.801] -> C2S pong
[17:50:32.801] <- S2C rel_entity_move
[17:50:32.802] <- S2C entity_move_look
[17:50:32.802] <- S2C rel_entity_move
[17:50:32.802] <- S2C rel_entity_move
[17:50:32.802] <- S2C rel_entity_move
[17:50:32.802] <- S2C entity_move_look
[17:50:32.803] <- S2C rel_entity_move
[17:50:32.851] -> C2S tick_end
[17:50:32.857] -> C2S position
[17:50:32.857] -> C2S pong
[17:50:32.858] <- S2C rel_entity_move
[17:50:32.858] <- S2C entity_move_look
[17:50:32.860] -> C2S pong
[17:50:32.860] <- S2C rel_entity_move
[17:50:32.861] <- S2C rel_entity_move
[17:50:32.861] <- S2C rel_entity_move
[17:50:32.861] <- S2C rel_entity_move
[17:50:32.862] <- S2C rel_entity_move
[17:50:32.862] <- S2C entity_move_look
[17:50:32.862] -> C2S pong
[17:50:32.863] <- S2C position pos={"teleportId":-1303124261,"x":6289.500000016139,"y":76,"z":-3434.4016920174317,"dx":0,"dy":0,"dz":0,"yaw":0,"pitch":0,"flags":{"_value":24,"x":false,"y":false,"z":false,"yaw":true,"pitch":true,"dx":false,"dy":false,"dz":false,"yawDelta":false}} relatives=undefined teleportId=-1303124261
[17:50:32.863] -> C2S teleport_confirm
[17:50:32.863] -> C2S position_look
[17:50:32.864] -> C2S pong
[17:50:32.864] -> C2S pong
[17:50:32.888] -> C2S pong
[17:50:32.901] -> C2S tick_end
[17:50:32.901] -> C2S position_look
[17:50:32.929] -> C2S pong
[17:50:32.929] <- S2C rel_entity_move
[17:50:32.930] <- S2C rel_entity_move
[17:50:32.930] <- S2C entity_move_look
[17:50:32.930] <- S2C rel_entity_move
[17:50:32.930] <- S2C entity_move_look
[17:50:32.931] <- S2C entity_move_look
[17:50:32.931] <- S2C rel_entity_move
[17:50:32.953] -> C2S tick_end
[17:50:32.953] -> C2S position
[17:50:33.004] -> C2S tick_end
[17:50:33.005] -> C2S position
[17:50:33.026] -> C2S pong
[17:50:33.027] -> C2S pong
[17:50:33.027] <- S2C entity_move_look
[17:50:33.028] <- S2C rel_entity_move
[17:50:33.028] <- S2C rel_entity_move
[17:50:33.028] <- S2C entity_move_look
[17:50:33.028] <- S2C rel_entity_move
[17:50:33.028] <- S2C rel_entity_move
[17:50:33.054] -> C2S tick_end
[17:50:33.054] -> C2S position
[17:50:33.055] -> C2S pong
[17:50:33.055] <- S2C rel_entity_move
[17:50:33.055] <- S2C rel_entity_move
[17:50:33.055] <- S2C rel_entity_move
[17:50:33.056] <- S2C rel_entity_move
[17:50:33.056] <- S2C rel_entity_move
[17:50:33.056] <- S2C rel_entity_move
[17:50:33.057] <- S2C rel_entity_move
[17:50:33.057] -> C2S pong
[17:50:33.057] <- S2C position pos={"teleportId":-125053539,"x":6289.500000016139,"y":76,"z":-3434.4016920174317,"dx":0,"dy":0,"dz":0,"yaw":0,"pitch":0,"flags":{"_value":24,"x":false,"y":false,"z":false,"yaw":true,"pitch":true,"dx":false,"dy":false,"dz":false,"yawDelta":false}} relatives=undefined teleportId=-125053539
[17:50:33.058] -> C2S teleport_confirm
[17:50:33.058] -> C2S position_look
[17:50:33.058] -> C2S pong
[17:50:33.059] -> C2S pong
[17:50:33.071] -> C2S pong
[17:50:33.104] -> C2S tick_end
[17:50:33.105] -> C2S position_look
[17:50:33.154] -> C2S tick_end
[17:50:33.154] -> C2S position
[17:50:33.165] -> C2S pong
[17:50:33.166] <- S2C rel_entity_move
[17:50:33.166] <- S2C rel_entity_move
[17:50:33.166] <- S2C rel_entity_move
[17:50:33.166] <- S2C rel_entity_move
[17:50:33.166] <- S2C entity_move_look
[17:50:33.167] <- S2C entity_move_look
[17:50:33.204] -> C2S tick_end
[17:50:33.205] -> C2S position
[17:50:33.209] -> C2S pong
[17:50:33.209] <- S2C rel_entity_move
[17:50:33.209] <- S2C rel_entity_move
[17:50:33.209] <- S2C rel_entity_move
[17:50:33.209] <- S2C rel_entity_move
[17:50:33.210] <- S2C entity_move_look
[17:50:33.210] <- S2C rel_entity_move
[17:50:33.254] -> C2S tick_end
[17:50:33.255] -> C2S position
[17:50:33.258] -> C2S pong
[17:50:33.259] <- S2C position pos={"teleportId":-1955419840,"x":6289.500000016139,"y":76,"z":-3434.4016920174317,"dx":0,"dy":0,"dz":0,"yaw":0,"pitch":0,"flags":{"_value":24,"x":false,"y":false,"z":false,"yaw":true,"pitch":true,"dx":false,"dy":false,"dz":false,"yawDelta":false}} relatives=undefined teleportId=-1955419840
[17:50:33.259] -> C2S teleport_confirm
[17:50:33.259] -> C2S position_look
[17:50:33.260] -> C2S pong
[17:50:33.260] -> C2S pong
[17:50:33.282] -> C2S pong
[17:50:33.306] -> C2S tick_end
[17:50:33.307] -> C2S look
[17:50:33.338] -> C2S pong
[17:50:33.339] <- S2C rel_entity_move
[17:50:33.339] <- S2C rel_entity_move
[17:50:33.340] <- S2C rel_entity_move
[17:50:33.340] <- S2C entity_move_look
[17:50:33.340] <- S2C rel_entity_move
[17:50:33.341] <- S2C entity_move_look
[17:50:33.341] <- S2C rel_entity_move
[17:50:33.357] -> C2S tick_end
[17:50:33.357] -> C2S flying
[17:50:33.407] -> C2S tick_end
[17:50:33.425] -> C2S pong
[17:50:33.426] <- S2C entity_move_look
[17:50:33.426] <- S2C rel_entity_move
[17:50:33.426] <- S2C entity_move_look
[17:50:33.427] <- S2C rel_entity_move
[17:50:33.427] <- S2C rel_entity_move
[17:50:33.427] <- S2C rel_entity_move
[17:50:33.427] <- S2C rel_entity_move
[17:50:33.427] <- S2C rel_entity_move
[17:50:33.457] -> C2S tick_end
[17:50:33.507] -> C2S tick_end
[17:50:33.529] -> C2S pong
[17:50:33.529] -> C2S pong
[17:50:33.530] <- S2C entity_move_look
[17:50:33.530] <- S2C rel_entity_move
[17:50:33.530] <- S2C rel_entity_move
[17:50:33.531] <- S2C entity_move_look
[17:50:33.531] <- S2C entity_move_look
[17:50:33.531] <- S2C entity_move_look
[17:50:33.532] <- S2C rel_entity_move
[17:50:33.532] <- S2C rel_entity_move
[17:50:33.557] -> C2S tick_end
[17:50:33.576] -> C2S pong
[17:50:33.577] <- S2C rel_entity_move
[17:50:33.577] <- S2C rel_entity_move
[17:50:33.577] <- S2C rel_entity_move
[17:50:33.577] <- S2C rel_entity_move
[17:50:33.578] <- S2C rel_entity_move
[17:50:33.578] <- S2C entity_move_look
[17:50:33.578] <- S2C rel_entity_move
[17:50:33.609] -> C2S tick_end
[17:50:33.660] -> C2S tick_end
[17:50:33.710] -> C2S tick_end
[17:50:33.727] -> C2S pong
[17:50:33.728] -> C2S pong
[17:50:33.728] <- S2C rel_entity_move
[17:50:33.728] <- S2C rel_entity_move
[17:50:33.728] <- S2C rel_entity_move
[17:50:33.729] <- S2C entity_move_look
[17:50:33.729] <- S2C rel_entity_move
[17:50:33.729] <- S2C entity_move_look
[17:50:33.729] <- S2C rel_entity_move
[17:50:33.729] <- S2C rel_entity_move
[17:50:33.761] -> C2S tick_end
[17:50:33.794] -> C2S pong
[17:50:33.794] <- S2C rel_entity_move
[17:50:33.794] <- S2C entity_move_look
[17:50:33.795] <- S2C rel_entity_move
[17:50:33.795] <- S2C rel_entity_move
[17:50:33.795] <- S2C rel_entity_move
[17:50:33.796] <- S2C rel_entity_move
[17:50:33.796] <- S2C rel_entity_move
[17:50:33.796] <- S2C rel_entity_move
[17:50:33.797] -> C2S keep_alive
[17:50:33.812] -> C2S tick_end
[17:50:33.861] -> C2S tick_end
[17:50:33.911] -> C2S pong
[17:50:33.912] -> C2S pong
[17:50:33.912] <- S2C rel_entity_move
[17:50:33.912] <- S2C rel_entity_move
[17:50:33.913] <- S2C rel_entity_move
[17:50:33.913] <- S2C entity_move_look
[17:50:33.914] <- S2C entity_move_look
[17:50:33.914] <- S2C entity_move_look
[17:50:33.914] <- S2C entity_move_look
[17:50:33.916] -> C2S tick_end
[17:50:33.966] -> C2S tick_end
[17:50:33.967] -> C2S pong
[17:50:33.967] <- S2C rel_entity_move
[17:50:33.967] <- S2C entity_move_look
[17:50:33.967] <- S2C entity_move_look
[17:50:33.968] <- S2C rel_entity_move
[17:50:33.968] <- S2C rel_entity_move
[17:50:33.968] <- S2C entity_move_look
[17:50:33.969] <- S2C rel_entity_move
[17:50:34.017] -> C2S tick_end
[17:50:34.052] -> C2S pong
[17:50:34.052] -> C2S pong
[17:50:34.053] <- S2C rel_entity_move
[17:50:34.053] <- S2C rel_entity_move
[17:50:34.053] <- S2C rel_entity_move
[17:50:34.053] <- S2C rel_entity_move
[17:50:34.054] <- S2C entity_move_look
[17:50:34.054] <- S2C rel_entity_move
[17:50:34.054] <- S2C entity_move_look
[17:50:34.054] <- S2C rel_entity_move
[17:50:34.054] <- S2C rel_entity_move
[17:50:34.082] -> C2S tick_end
[17:50:34.086] -> C2S pong
[17:50:34.087] <- S2C rel_entity_move
[17:50:34.087] <- S2C entity_move_look
[17:50:34.088] <- S2C entity_move_look
[17:50:34.088] <- S2C rel_entity_move
[17:50:34.132] -> C2S tick_end
[17:50:34.182] -> C2S tick_end
